[0.000000] (-) TimerEvent: {}
[0.000369] (easy_handeye2_msgs) JobQueued: {'identifier': 'easy_handeye2_msgs', 'dependencies': OrderedDict()}
[0.000542] (ur_commander) JobQueued: {'identifier': 'ur_commander', 'dependencies': OrderedDict()}
[0.000606] (easy_handeye2) JobQueued: {'identifier': 'easy_handeye2', 'dependencies': OrderedDict([('easy_handeye2_msgs', '/dev_ws/install')])}
[0.000693] (easy_handeye2_msgs) JobStarted: {'identifier': 'easy_handeye2_msgs'}
[0.004728] (ur_commander) JobStarted: {'identifier': 'ur_commander'}
[0.007986] (easy_handeye2_msgs) JobProgress: {'identifier': 'easy_handeye2_msgs', 'progress': 'cmake'}
[0.008215] (easy_handeye2_msgs) JobProgress: {'identifier': 'easy_handeye2_msgs', 'progress': 'build'}
[0.008757] (easy_handeye2_msgs) Command: {'cmd': ['/usr/bin/cmake', '--build', '/dev_ws/build/easy_handeye2_msgs', '--', '-j20', '-l20'], 'cwd': '/dev_ws/build/easy_handeye2_msgs', 'env': OrderedDict([('HOSTNAME', 'prottay-Pulse-15-B13VFK'), ('SHLVL', '2'), ('LD_LIBRARY_PATH', '/dev_ws/install/lib:/opt/ros/humble/opt/rviz_ogre_vendor/lib:/opt/ros/humble/lib/x86_64-linux-gnu:/opt/ros/humble/lib'), ('HOME', '/home/prottay'), ('OLDPWD', '/dev_ws/src'), ('ROS_PYTHON_VERSION', '3'), ('COLORTERM', 'truecolor'), ('COLCON_PREFIX_PATH', '/dev_ws/install'), ('ROS_DISTRO', 'humble'), ('_', '/usr/bin/colcon'), ('ROS_VERSION', '2'), ('NVIDIA_DRIVER_CAPABILITIES', 'compute,display,graphics,utility,video'), ('TERM', 'xterm-256color'), ('ROS_LOCALHOST_ONLY', '1'), ('QT_X11_NO_MITSHM', '1'), ('PATH', '/opt/ros/humble/bin:/usr/local/sbin:/usr/local/bin:/usr/sbin:/usr/bin:/sbin:/bin'), ('DISPLAY', ':1'), ('LANG', 'C.UTF-8'), ('RMW_IMPLEMENTATION', 'rmw_fastrtps_cpp'), ('LS_COLORS', 'rs=0:di=01;34:ln=01;36:mh=00:pi=40;33:so=01;35:do=01;35:bd=40;33;01:cd=40;33;01:or=40;31;01:mi=00:su=37;41:sg=30;43:ca=30;41:tw=30;42:ow=34;42:st=37;44:ex=01;32:*.tar=01;31:*.tgz=01;31:*.arc=01;31:*.arj=01;31:*.taz=01;31:*.lha=01;31:*.lz4=01;31:*.lzh=01;31:*.lzma=01;31:*.tlz=01;31:*.txz=01;31:*.tzo=01;31:*.t7z=01;31:*.zip=01;31:*.z=01;31:*.dz=01;31:*.gz=01;31:*.lrz=01;31:*.lz=01;31:*.lzo=01;31:*.xz=01;31:*.zst=01;31:*.tzst=01;31:*.bz2=01;31:*.bz=01;31:*.tbz=01;31:*.tbz2=01;31:*.tz=01;31:*.deb=01;31:*.rpm=01;31:*.jar=01;31:*.war=01;31:*.ear=01;31:*.sar=01;31:*.rar=01;31:*.alz=01;31:*.ace=01;31:*.zoo=01;31:*.cpio=01;31:*.7z=01;31:*.rz=01;31:*.cab=01;31:*.wim=01;31:*.swm=01;31:*.dwm=01;31:*.esd=01;31:*.jpg=01;35:*.jpeg=01;35:*.mjpg=01;35:*.mjpeg=01;35:*.gif=01;35:*.bmp=01;35:*.pbm=01;35:*.pgm=01;35:*.ppm=01;35:*.tga=01;35:*.xbm=01;35:*.xpm=01;35:*.tif=01;35:*.tiff=01;35:*.png=01;35:*.svg=01;35:*.svgz=01;35:*.mng=01;35:*.pcx=01;35:*.mov=01;35:*.mpg=01;35:*.mpeg=01;35:*.m2v=01;35:*.mkv=01;35:*.webm=01;35:*.webp=01;35:*.ogm=01;35:*.mp4=01;35:*.m4v=01;35:*.mp4v=01;35:*.vob=01;35:*.qt=01;35:*.nuv=01;35:*.wmv=01;35:*.asf=01;35:*.rm=01;35:*.rmvb=01;35:*.flc=01;35:*.avi=01;35:*.fli=01;35:*.flv=01;35:*.gl=01;35:*.dl=01;35:*.xcf=01;35:*.xwd=01;35:*.yuv=01;35:*.cgm=01;35:*.emf=01;35:*.ogv=01;35:*.ogx=01;35:*.aac=00;36:*.au=00;36:*.flac=00;36:*.m4a=00;36:*.mid=00;36:*.midi=00;36:*.mka=00;36:*.mp3=00;36:*.mpc=00;36:*.ogg=00;36:*.ra=00;36:*.wav=00;36:*.oga=00;36:*.opus=00;36:*.spx=00;36:*.xspf=00;36:'), ('ROS_DOMAIN_ID', '0'), ('AMENT_PREFIX_PATH', '/dev_ws/install:/opt/ros/humble'), ('DEBIAN_FRONTEND', 'noninteractive'), ('TERMINATOR_UUID', 'urn:uuid:f94316ff-644a-45a6-8ebc-68eacf2d4390'), ('PWD', '/dev_ws/build/easy_handeye2_msgs'), ('LC_ALL', 'C.UTF-8'), ('PYTHONPATH', '/dev_ws/build/easy_handeye2:/dev_ws/install/lib/python3.10/site-packages:/dev_ws/install/local/lib/python3.10/dist-packages:/opt/ros/humble/lib/python3.10/site-packages:/opt/ros/humble/local/lib/python3.10/dist-packages'), ('NVIDIA_VISIBLE_DEVICES', 'all'), ('COLCON', '1'), ('VTE_VERSION', '6800'), ('CMAKE_PREFIX_PATH', '/dev_ws/install:/opt/ros/humble')]), 'shell': False}
[0.011323] (ur_commander) JobProgress: {'identifier': 'ur_commander', 'progress': 'cmake'}
[0.011443] (ur_commander) Command: {'cmd': ['/usr/bin/cmake', '/dev_ws/src/moveit2-introduction/ur_commander', '-DCMAKE_INSTALL_PREFIX=/dev_ws/install'], 'cwd': '/dev_ws/build/ur_commander', 'env': OrderedDict([('HOSTNAME', 'prottay-Pulse-15-B13VFK'), ('SHLVL', '2'), ('LD_LIBRARY_PATH', '/dev_ws/install/lib:/opt/ros/humble/opt/rviz_ogre_vendor/lib:/opt/ros/humble/lib/x86_64-linux-gnu:/opt/ros/humble/lib'), ('HOME', '/home/prottay'), ('OLDPWD', '/dev_ws/src'), ('ROS_PYTHON_VERSION', '3'), ('COLORTERM', 'truecolor'), ('COLCON_PREFIX_PATH', '/dev_ws/install'), ('ROS_DISTRO', 'humble'), ('_', '/usr/bin/colcon'), ('ROS_VERSION', '2'), ('NVIDIA_DRIVER_CAPABILITIES', 'compute,display,graphics,utility,video'), ('TERM', 'xterm-256color'), ('ROS_LOCALHOST_ONLY', '1'), ('QT_X11_NO_MITSHM', '1'), ('PATH', '/opt/ros/humble/bin:/usr/local/sbin:/usr/local/bin:/usr/sbin:/usr/bin:/sbin:/bin'), ('DISPLAY', ':1'), ('LANG', 'C.UTF-8'), ('RMW_IMPLEMENTATION', 'rmw_fastrtps_cpp'), ('LS_COLORS', 'rs=0:di=01;34:ln=01;36:mh=00:pi=40;33:so=01;35:do=01;35:bd=40;33;01:cd=40;33;01:or=40;31;01:mi=00:su=37;41:sg=30;43:ca=30;41:tw=30;42:ow=34;42:st=37;44:ex=01;32:*.tar=01;31:*.tgz=01;31:*.arc=01;31:*.arj=01;31:*.taz=01;31:*.lha=01;31:*.lz4=01;31:*.lzh=01;31:*.lzma=01;31:*.tlz=01;31:*.txz=01;31:*.tzo=01;31:*.t7z=01;31:*.zip=01;31:*.z=01;31:*.dz=01;31:*.gz=01;31:*.lrz=01;31:*.lz=01;31:*.lzo=01;31:*.xz=01;31:*.zst=01;31:*.tzst=01;31:*.bz2=01;31:*.bz=01;31:*.tbz=01;31:*.tbz2=01;31:*.tz=01;31:*.deb=01;31:*.rpm=01;31:*.jar=01;31:*.war=01;31:*.ear=01;31:*.sar=01;31:*.rar=01;31:*.alz=01;31:*.ace=01;31:*.zoo=01;31:*.cpio=01;31:*.7z=01;31:*.rz=01;31:*.cab=01;31:*.wim=01;31:*.swm=01;31:*.dwm=01;31:*.esd=01;31:*.jpg=01;35:*.jpeg=01;35:*.mjpg=01;35:*.mjpeg=01;35:*.gif=01;35:*.bmp=01;35:*.pbm=01;35:*.pgm=01;35:*.ppm=01;35:*.tga=01;35:*.xbm=01;35:*.xpm=01;35:*.tif=01;35:*.tiff=01;35:*.png=01;35:*.svg=01;35:*.svgz=01;35:*.mng=01;35:*.pcx=01;35:*.mov=01;35:*.mpg=01;35:*.mpeg=01;35:*.m2v=01;35:*.mkv=01;35:*.webm=01;35:*.webp=01;35:*.ogm=01;35:*.mp4=01;35:*.m4v=01;35:*.mp4v=01;35:*.vob=01;35:*.qt=01;35:*.nuv=01;35:*.wmv=01;35:*.asf=01;35:*.rm=01;35:*.rmvb=01;35:*.flc=01;35:*.avi=01;35:*.fli=01;35:*.flv=01;35:*.gl=01;35:*.dl=01;35:*.xcf=01;35:*.xwd=01;35:*.yuv=01;35:*.cgm=01;35:*.emf=01;35:*.ogv=01;35:*.ogx=01;35:*.aac=00;36:*.au=00;36:*.flac=00;36:*.m4a=00;36:*.mid=00;36:*.midi=00;36:*.mka=00;36:*.mp3=00;36:*.mpc=00;36:*.ogg=00;36:*.ra=00;36:*.wav=00;36:*.oga=00;36:*.opus=00;36:*.spx=00;36:*.xspf=00;36:'), ('ROS_DOMAIN_ID', '0'), ('AMENT_PREFIX_PATH', '/dev_ws/install:/opt/ros/humble'), ('DEBIAN_FRONTEND', 'noninteractive'), ('TERMINATOR_UUID', 'urn:uuid:f94316ff-644a-45a6-8ebc-68eacf2d4390'), ('PWD', '/dev_ws/build/ur_commander'), ('LC_ALL', 'C.UTF-8'), ('PYTHONPATH', '/dev_ws/build/easy_handeye2:/dev_ws/install/lib/python3.10/site-packages:/dev_ws/install/local/lib/python3.10/dist-packages:/opt/ros/humble/lib/python3.10/site-packages:/opt/ros/humble/local/lib/python3.10/dist-packages'), ('NVIDIA_VISIBLE_DEVICES', 'all'), ('COLCON', '1'), ('VTE_VERSION', '6800'), ('CMAKE_PREFIX_PATH', '/dev_ws/install:/opt/ros/humble')]), 'shell': False}
[0.057874] (easy_handeye2_msgs) StdoutLine: {'line': b'\x1b[35m\x1b[1mConsolidate compiler generated dependencies of target easy_handeye2_msgs__rosidl_generator_c\x1b[0m\n'}
[0.065073] (easy_handeye2_msgs) StdoutLine: {'line': b'[  0%] Built target easy_handeye2_msgs__cpp\n'}
[0.065266] (ur_commander) StdoutLine: {'line': b'-- The C compiler identification is GNU 11.4.0\n'}
[0.070851] (easy_handeye2_msgs) StdoutLine: {'line': b'[ 12%] Built target easy_handeye2_msgs__rosidl_generator_c\n'}
[0.078957] (easy_handeye2_msgs) StdoutLine: {'line': b'[ 12%] Built target ament_cmake_python_copy_easy_handeye2_msgs\n'}
[0.085061] (easy_handeye2_msgs) StdoutLine: {'line': b'\x1b[35m\x1b[1mConsolidate compiler generated dependencies of target easy_handeye2_msgs__rosidl_typesupport_introspection_cpp\x1b[0m\n'}
[0.086399] (easy_handeye2_msgs) StdoutLine: {'line': b'\x1b[35m\x1b[1mConsolidate compiler generated dependencies of target easy_handeye2_msgs__rosidl_typesupport_c\x1b[0m\n'}
[0.087927] (easy_handeye2_msgs) StdoutLine: {'line': b'\x1b[35m\x1b[1mConsolidate compiler generated dependencies of target easy_handeye2_msgs__rosidl_typesupport_introspection_c\x1b[0m\n'}
[0.090150] (easy_handeye2_msgs) StdoutLine: {'line': b'\x1b[35m\x1b[1mConsolidate compiler generated dependencies of target easy_handeye2_msgs__rosidl_typesupport_cpp\x1b[0m\n'}
[0.091583] (easy_handeye2_msgs) StdoutLine: {'line': b'\x1b[35m\x1b[1mConsolidate compiler generated dependencies of target easy_handeye2_msgs__rosidl_typesupport_fastrtps_c\x1b[0m\n'}
[0.092187] (easy_handeye2_msgs) StdoutLine: {'line': b'\x1b[35m\x1b[1mConsolidate compiler generated dependencies of target easy_handeye2_msgs__rosidl_typesupport_fastrtps_cpp\x1b[0m\n'}
[0.099862] (-) TimerEvent: {}
[0.102505] (easy_handeye2_msgs) StdoutLine: {'line': b'[ 24%] Built target easy_handeye2_msgs__rosidl_typesupport_c\n'}
[0.107001] (easy_handeye2_msgs) StdoutLine: {'line': b'[ 36%] Built target easy_handeye2_msgs__rosidl_typesupport_introspection_c\n'}
[0.113538] (easy_handeye2_msgs) StdoutLine: {'line': b'[ 48%] Built target easy_handeye2_msgs__rosidl_typesupport_introspection_cpp\n'}
[0.120693] (easy_handeye2_msgs) StdoutLine: {'line': b'[ 60%] Built target easy_handeye2_msgs__rosidl_typesupport_fastrtps_cpp\n'}
[0.122287] (easy_handeye2_msgs) StdoutLine: {'line': b'[ 72%] Built target easy_handeye2_msgs__rosidl_typesupport_fastrtps_c\n'}
[0.123743] (easy_handeye2_msgs) StdoutLine: {'line': b'[ 84%] Built target easy_handeye2_msgs__rosidl_typesupport_cpp\n'}
[0.126125] (ur_commander) StdoutLine: {'line': b'-- The CXX compiler identification is GNU 11.4.0\n'}
[0.130912] (ur_commander) StdoutLine: {'line': b'-- Detecting C compiler ABI info\n'}
[0.140417] (easy_handeye2_msgs) StdoutLine: {'line': b'[ 84%] Built target easy_handeye2_msgs\n'}
[0.160806] (easy_handeye2_msgs) StdoutLine: {'line': b'[ 85%] Built target easy_handeye2_msgs__py\n'}
[0.173035] (easy_handeye2_msgs) StdoutLine: {'line': b'\x1b[35m\x1b[1mConsolidate compiler generated dependencies of target easy_handeye2_msgs__rosidl_generator_py\x1b[0m\n'}
[0.187784] (ur_commander) StdoutLine: {'line': b'-- Detecting C compiler ABI info - done\n'}
[0.191528] (easy_handeye2_msgs) StdoutLine: {'line': b'[ 96%] Built target easy_handeye2_msgs__rosidl_generator_py\n'}
[0.193520] (ur_commander) StdoutLine: {'line': b'-- Check for working C compiler: /usr/bin/cc - skipped\n'}
[0.193728] (ur_commander) StdoutLine: {'line': b'-- Detecting C compile features\n'}
[0.194015] (ur_commander) StdoutLine: {'line': b'-- Detecting C compile features - done\n'}
[0.196162] (ur_commander) StdoutLine: {'line': b'-- Detecting CXX compiler ABI info\n'}
[0.199955] (-) TimerEvent: {}
[0.201819] (easy_handeye2_msgs) StdoutLine: {'line': b'\x1b[35m\x1b[1mConsolidate compiler generated dependencies of target easy_handeye2_msgs__rosidl_typesupport_c__pyext\x1b[0m\n'}
[0.201949] (easy_handeye2_msgs) StdoutLine: {'line': b'\x1b[35m\x1b[1mConsolidate compiler generated dependencies of target easy_handeye2_msgs__rosidl_typesupport_fastrtps_c__pyext\x1b[0m\n'}
[0.202006] (easy_handeye2_msgs) StdoutLine: {'line': b'\x1b[35m\x1b[1mConsolidate compiler generated dependencies of target easy_handeye2_msgs__rosidl_typesupport_introspection_c__pyext\x1b[0m\n'}
[0.212174] (easy_handeye2_msgs) StdoutLine: {'line': b'[ 97%] Built target easy_handeye2_msgs__rosidl_typesupport_c__pyext\n'}
[0.215869] (easy_handeye2_msgs) StdoutLine: {'line': b'[ 99%] Built target easy_handeye2_msgs__rosidl_typesupport_fastrtps_c__pyext\n'}
[0.216011] (easy_handeye2_msgs) StdoutLine: {'line': b'[100%] Built target easy_handeye2_msgs__rosidl_typesupport_introspection_c__pyext\n'}
[0.245098] (easy_handeye2_msgs) StdoutLine: {'line': b'running egg_info\n'}
[0.245532] (easy_handeye2_msgs) StdoutLine: {'line': b'writing easy_handeye2_msgs.egg-info/PKG-INFO\n'}
[0.245635] (easy_handeye2_msgs) StdoutLine: {'line': b'writing dependency_links to easy_handeye2_msgs.egg-info/dependency_links.txt\n'}
[0.245709] (easy_handeye2_msgs) StdoutLine: {'line': b'writing top-level names to easy_handeye2_msgs.egg-info/top_level.txt\n'}
[0.247291] (easy_handeye2_msgs) StdoutLine: {'line': b"reading manifest file 'easy_handeye2_msgs.egg-info/SOURCES.txt'\n"}
[0.247706] (easy_handeye2_msgs) StdoutLine: {'line': b"writing manifest file 'easy_handeye2_msgs.egg-info/SOURCES.txt'\n"}
[0.261161] (ur_commander) StdoutLine: {'line': b'-- Detecting CXX compiler ABI info - done\n'}
[0.265452] (easy_handeye2_msgs) StdoutLine: {'line': b'[100%] Built target ament_cmake_python_build_easy_handeye2_msgs_egg\n'}
[0.267387] (ur_commander) StdoutLine: {'line': b'-- Check for working CXX compiler: /usr/bin/c++ - skipped\n'}
[0.267601] (ur_commander) StdoutLine: {'line': b'-- Detecting CXX compile features\n'}
[0.268033] (ur_commander) StdoutLine: {'line': b'-- Detecting CXX compile features - done\n'}
[0.269948] (ur_commander) StdoutLine: {'line': b'-- Found ament_cmake: 1.3.11 (/opt/ros/humble/share/ament_cmake/cmake)\n'}
[0.274663] (easy_handeye2_msgs) CommandEnded: {'returncode': 0}
[0.275240] (easy_handeye2_msgs) JobProgress: {'identifier': 'easy_handeye2_msgs', 'progress': 'install'}
[0.282432] (easy_handeye2_msgs) Command: {'cmd': ['/usr/bin/cmake', '--install', '/dev_ws/build/easy_handeye2_msgs'], 'cwd': '/dev_ws/build/easy_handeye2_msgs', 'env': OrderedDict([('HOSTNAME', 'prottay-Pulse-15-B13VFK'), ('SHLVL', '2'), ('LD_LIBRARY_PATH', '/dev_ws/install/lib:/opt/ros/humble/opt/rviz_ogre_vendor/lib:/opt/ros/humble/lib/x86_64-linux-gnu:/opt/ros/humble/lib'), ('HOME', '/home/prottay'), ('OLDPWD', '/dev_ws/src'), ('ROS_PYTHON_VERSION', '3'), ('COLORTERM', 'truecolor'), ('COLCON_PREFIX_PATH', '/dev_ws/install'), ('ROS_DISTRO', 'humble'), ('_', '/usr/bin/colcon'), ('ROS_VERSION', '2'), ('NVIDIA_DRIVER_CAPABILITIES', 'compute,display,graphics,utility,video'), ('TERM', 'xterm-256color'), ('ROS_LOCALHOST_ONLY', '1'), ('QT_X11_NO_MITSHM', '1'), ('PATH', '/opt/ros/humble/bin:/usr/local/sbin:/usr/local/bin:/usr/sbin:/usr/bin:/sbin:/bin'), ('DISPLAY', ':1'), ('LANG', 'C.UTF-8'), ('RMW_IMPLEMENTATION', 'rmw_fastrtps_cpp'), ('LS_COLORS', 'rs=0:di=01;34:ln=01;36:mh=00:pi=40;33:so=01;35:do=01;35:bd=40;33;01:cd=40;33;01:or=40;31;01:mi=00:su=37;41:sg=30;43:ca=30;41:tw=30;42:ow=34;42:st=37;44:ex=01;32:*.tar=01;31:*.tgz=01;31:*.arc=01;31:*.arj=01;31:*.taz=01;31:*.lha=01;31:*.lz4=01;31:*.lzh=01;31:*.lzma=01;31:*.tlz=01;31:*.txz=01;31:*.tzo=01;31:*.t7z=01;31:*.zip=01;31:*.z=01;31:*.dz=01;31:*.gz=01;31:*.lrz=01;31:*.lz=01;31:*.lzo=01;31:*.xz=01;31:*.zst=01;31:*.tzst=01;31:*.bz2=01;31:*.bz=01;31:*.tbz=01;31:*.tbz2=01;31:*.tz=01;31:*.deb=01;31:*.rpm=01;31:*.jar=01;31:*.war=01;31:*.ear=01;31:*.sar=01;31:*.rar=01;31:*.alz=01;31:*.ace=01;31:*.zoo=01;31:*.cpio=01;31:*.7z=01;31:*.rz=01;31:*.cab=01;31:*.wim=01;31:*.swm=01;31:*.dwm=01;31:*.esd=01;31:*.jpg=01;35:*.jpeg=01;35:*.mjpg=01;35:*.mjpeg=01;35:*.gif=01;35:*.bmp=01;35:*.pbm=01;35:*.pgm=01;35:*.ppm=01;35:*.tga=01;35:*.xbm=01;35:*.xpm=01;35:*.tif=01;35:*.tiff=01;35:*.png=01;35:*.svg=01;35:*.svgz=01;35:*.mng=01;35:*.pcx=01;35:*.mov=01;35:*.mpg=01;35:*.mpeg=01;35:*.m2v=01;35:*.mkv=01;35:*.webm=01;35:*.webp=01;35:*.ogm=01;35:*.mp4=01;35:*.m4v=01;35:*.mp4v=01;35:*.vob=01;35:*.qt=01;35:*.nuv=01;35:*.wmv=01;35:*.asf=01;35:*.rm=01;35:*.rmvb=01;35:*.flc=01;35:*.avi=01;35:*.fli=01;35:*.flv=01;35:*.gl=01;35:*.dl=01;35:*.xcf=01;35:*.xwd=01;35:*.yuv=01;35:*.cgm=01;35:*.emf=01;35:*.ogv=01;35:*.ogx=01;35:*.aac=00;36:*.au=00;36:*.flac=00;36:*.m4a=00;36:*.mid=00;36:*.midi=00;36:*.mka=00;36:*.mp3=00;36:*.mpc=00;36:*.ogg=00;36:*.ra=00;36:*.wav=00;36:*.oga=00;36:*.opus=00;36:*.spx=00;36:*.xspf=00;36:'), ('ROS_DOMAIN_ID', '0'), ('AMENT_PREFIX_PATH', '/dev_ws/install:/opt/ros/humble'), ('DEBIAN_FRONTEND', 'noninteractive'), ('TERMINATOR_UUID', 'urn:uuid:f94316ff-644a-45a6-8ebc-68eacf2d4390'), ('PWD', '/dev_ws/build/easy_handeye2_msgs'), ('LC_ALL', 'C.UTF-8'), ('PYTHONPATH', '/dev_ws/build/easy_handeye2:/dev_ws/install/lib/python3.10/site-packages:/dev_ws/install/local/lib/python3.10/dist-packages:/opt/ros/humble/lib/python3.10/site-packages:/opt/ros/humble/local/lib/python3.10/dist-packages'), ('NVIDIA_VISIBLE_DEVICES', 'all'), ('COLCON', '1'), ('VTE_VERSION', '6800'), ('CMAKE_PREFIX_PATH', '/dev_ws/install:/opt/ros/humble')]), 'shell': False}
[0.287735] (easy_handeye2_msgs) StdoutLine: {'line': b'-- Install configuration: ""\n'}
[0.287873] (easy_handeye2_msgs) StdoutLine: {'line': b'-- Up-to-date: /dev_ws/install/share/ament_index/resource_index/rosidl_interfaces/easy_handeye2_msgs\n'}
[0.287952] (easy_handeye2_msgs) StdoutLine: {'line': b'-- Up-to-date: /dev_ws/install/include/easy_handeye2_msgs/easy_handeye2_msgs\n'}
[0.288008] (easy_handeye2_msgs) StdoutLine: {'line': b'-- Up-to-date: /dev_ws/install/include/easy_handeye2_msgs/easy_handeye2_msgs/msg\n'}
[0.288095] (easy_handeye2_msgs) StdoutLine: {'line': b'-- Up-to-date: /dev_ws/install/include/easy_handeye2_msgs/easy_handeye2_msgs/msg/sample.h\n'}
[0.288150] (easy_handeye2_msgs) StdoutLine: {'line': b'-- Up-to-date: /dev_ws/install/include/easy_handeye2_msgs/easy_handeye2_msgs/msg/target_pose_list.h\n'}
[0.288202] (easy_handeye2_msgs) StdoutLine: {'line': b'-- Up-to-date: /dev_ws/install/include/easy_handeye2_msgs/easy_handeye2_msgs/msg/rosidl_generator_c__visibility_control.h\n'}
[0.288262] (easy_handeye2_msgs) StdoutLine: {'line': b'-- Up-to-date: /dev_ws/install/include/easy_handeye2_msgs/easy_handeye2_msgs/msg/sample_list.h\n'}
[0.288366] (easy_handeye2_msgs) StdoutLine: {'line': b'-- Up-to-date: /dev_ws/install/include/easy_handeye2_msgs/easy_handeye2_msgs/msg/detail\n'}
[0.288420] (easy_handeye2_msgs) StdoutLine: {'line': b'-- Up-to-date: /dev_ws/install/include/easy_handeye2_msgs/easy_handeye2_msgs/msg/detail/handeye_calibration__functions.h\n'}
[0.288471] (easy_handeye2_msgs) StdoutLine: {'line': b'-- Up-to-date: /dev_ws/install/include/easy_handeye2_msgs/easy_handeye2_msgs/msg/detail/sample__type_support.h\n'}
[0.288521] (easy_handeye2_msgs) StdoutLine: {'line': b'-- Up-to-date: /dev_ws/install/include/easy_handeye2_msgs/easy_handeye2_msgs/msg/detail/handeye_calibration__functions.c\n'}
[0.288571] (easy_handeye2_msgs) StdoutLine: {'line': b'-- Up-to-date: /dev_ws/install/include/easy_handeye2_msgs/easy_handeye2_msgs/msg/detail/sample_list__type_support.h\n'}
[0.288622] (easy_handeye2_msgs) StdoutLine: {'line': b'-- Up-to-date: /dev_ws/install/include/easy_handeye2_msgs/easy_handeye2_msgs/msg/detail/sample_list__struct.h\n'}
[0.288672] (easy_handeye2_msgs) StdoutLine: {'line': b'-- Up-to-date: /dev_ws/install/include/easy_handeye2_msgs/easy_handeye2_msgs/msg/detail/sample__functions.h\n'}
[0.288771] (easy_handeye2_msgs) StdoutLine: {'line': b'-- Up-to-date: /dev_ws/install/include/easy_handeye2_msgs/easy_handeye2_msgs/msg/detail/target_pose_list__functions.h\n'}
[0.288844] (easy_handeye2_msgs) StdoutLine: {'line': b'-- Up-to-date: /dev_ws/install/include/easy_handeye2_msgs/easy_handeye2_msgs/msg/detail/handeye_calibration_parameters__type_support.h\n'}
[0.288896] (easy_handeye2_msgs) StdoutLine: {'line': b'-- Up-to-date: /dev_ws/install/include/easy_handeye2_msgs/easy_handeye2_msgs/msg/detail/handeye_calibration_parameters__functions.c\n'}
[0.288948] (easy_handeye2_msgs) StdoutLine: {'line': b'-- Up-to-date: /dev_ws/install/include/easy_handeye2_msgs/easy_handeye2_msgs/msg/detail/target_pose_list__type_support.h\n'}
[0.288997] (easy_handeye2_msgs) StdoutLine: {'line': b'-- Up-to-date: /dev_ws/install/include/easy_handeye2_msgs/easy_handeye2_msgs/msg/detail/handeye_calibration_parameters__functions.h\n'}
[0.289047] (easy_handeye2_msgs) StdoutLine: {'line': b'-- Up-to-date: /dev_ws/install/include/easy_handeye2_msgs/easy_handeye2_msgs/msg/detail/handeye_calibration__type_support.h\n'}
[0.289098] (easy_handeye2_msgs) StdoutLine: {'line': b'-- Up-to-date: /dev_ws/install/include/easy_handeye2_msgs/easy_handeye2_msgs/msg/detail/target_pose_list__functions.c\n'}
[0.289148] (easy_handeye2_msgs) StdoutLine: {'line': b'-- Up-to-date: /dev_ws/install/include/easy_handeye2_msgs/easy_handeye2_msgs/msg/detail/handeye_calibration_parameters__struct.h\n'}
[0.289197] (easy_handeye2_msgs) StdoutLine: {'line': b'-- Up-to-date: /dev_ws/install/include/easy_handeye2_msgs/easy_handeye2_msgs/msg/detail/sample_list__functions.c\n'}
[0.289246] (easy_handeye2_msgs) StdoutLine: {'line': b'-- Up-to-date: /dev_ws/install/include/easy_handeye2_msgs/easy_handeye2_msgs/msg/detail/handeye_calibration__struct.h\n'}
[0.289376] (easy_handeye2_msgs) StdoutLine: {'line': b'-- Up-to-date: /dev_ws/install/include/easy_handeye2_msgs/easy_handeye2_msgs/msg/detail/sample_list__functions.h\n'}
[0.289445] (easy_handeye2_msgs) StdoutLine: {'line': b'-- Up-to-date: /dev_ws/install/include/easy_handeye2_msgs/easy_handeye2_msgs/msg/detail/target_pose_list__struct.h\n'}
[0.289497] (easy_handeye2_msgs) StdoutLine: {'line': b'-- Up-to-date: /dev_ws/install/include/easy_handeye2_msgs/easy_handeye2_msgs/msg/detail/sample__functions.c\n'}
[0.289551] (easy_handeye2_msgs) StdoutLine: {'line': b'-- Up-to-date: /dev_ws/install/include/easy_handeye2_msgs/easy_handeye2_msgs/msg/detail/sample__struct.h\n'}
[0.289603] (easy_handeye2_msgs) StdoutLine: {'line': b'-- Up-to-date: /dev_ws/install/include/easy_handeye2_msgs/easy_handeye2_msgs/msg/handeye_calibration_parameters.h\n'}
[0.289654] (easy_handeye2_msgs) StdoutLine: {'line': b'-- Up-to-date: /dev_ws/install/include/easy_handeye2_msgs/easy_handeye2_msgs/msg/handeye_calibration.h\n'}
[0.289704] (easy_handeye2_msgs) StdoutLine: {'line': b'-- Up-to-date: /dev_ws/install/include/easy_handeye2_msgs/easy_handeye2_msgs/srv\n'}
[0.289763] (easy_handeye2_msgs) StdoutLine: {'line': b'-- Up-to-date: /dev_ws/install/include/easy_handeye2_msgs/easy_handeye2_msgs/srv/enumerate_target_poses.h\n'}
[0.289816] (easy_handeye2_msgs) StdoutLine: {'line': b'-- Up-to-date: /dev_ws/install/include/easy_handeye2_msgs/easy_handeye2_msgs/srv/load_samples.h\n'}
[0.289871] (easy_handeye2_msgs) StdoutLine: {'line': b'-- Up-to-date: /dev_ws/install/include/easy_handeye2_msgs/easy_handeye2_msgs/srv/plan_to_selected_target_pose.h\n'}
[0.289925] (easy_handeye2_msgs) StdoutLine: {'line': b'-- Up-to-date: /dev_ws/install/include/easy_handeye2_msgs/easy_handeye2_msgs/srv/save_calibration.h\n'}
[0.289978] (easy_handeye2_msgs) StdoutLine: {'line': b'-- Up-to-date: /dev_ws/install/include/easy_handeye2_msgs/easy_handeye2_msgs/srv/set_algorithm.h\n'}
[0.290028] (easy_handeye2_msgs) StdoutLine: {'line': b'-- Up-to-date: /dev_ws/install/include/easy_handeye2_msgs/easy_handeye2_msgs/srv/detail\n'}
[0.290082] (easy_handeye2_msgs) StdoutLine: {'line': b'-- Up-to-date: /dev_ws/install/include/easy_handeye2_msgs/easy_handeye2_msgs/srv/detail/load_samples__struct.h\n'}
[0.290137] (easy_handeye2_msgs) StdoutLine: {'line': b'-- Up-to-date: /dev_ws/install/include/easy_handeye2_msgs/easy_handeye2_msgs/srv/detail/set_algorithm__type_support.h\n'}
[0.290188] (easy_handeye2_msgs) StdoutLine: {'line': b'-- Up-to-date: /dev_ws/install/include/easy_handeye2_msgs/easy_handeye2_msgs/srv/detail/check_starting_pose__functions.h\n'}
[0.290294] (easy_handeye2_msgs) StdoutLine: {'line': b'-- Up-to-date: /dev_ws/install/include/easy_handeye2_msgs/easy_handeye2_msgs/srv/detail/take_sample__functions.h\n'}
[0.290383] (easy_handeye2_msgs) StdoutLine: {'line': b'-- Up-to-date: /dev_ws/install/include/easy_handeye2_msgs/easy_handeye2_msgs/srv/detail/take_sample__type_support.h\n'}
[0.290437] (easy_handeye2_msgs) StdoutLine: {'line': b'-- Up-to-date: /dev_ws/install/include/easy_handeye2_msgs/easy_handeye2_msgs/srv/detail/select_target_pose__functions.h\n'}
[0.290487] (easy_handeye2_msgs) StdoutLine: {'line': b'-- Up-to-date: /dev_ws/install/include/easy_handeye2_msgs/easy_handeye2_msgs/srv/detail/enumerate_target_poses__functions.c\n'}
[0.290563] (easy_handeye2_msgs) StdoutLine: {'line': b'-- Up-to-date: /dev_ws/install/include/easy_handeye2_msgs/easy_handeye2_msgs/srv/detail/enumerate_target_poses__struct.h\n'}
[0.290615] (easy_handeye2_msgs) StdoutLine: {'line': b'-- Up-to-date: /dev_ws/install/include/easy_handeye2_msgs/easy_handeye2_msgs/srv/detail/save_samples__type_support.h\n'}
[0.290666] (easy_handeye2_msgs) StdoutLine: {'line': b'-- Up-to-date: /dev_ws/install/include/easy_handeye2_msgs/easy_handeye2_msgs/srv/detail/save_calibration__struct.h\n'}
[0.290748] (easy_handeye2_msgs) StdoutLine: {'line': b'-- Up-to-date: /dev_ws/install/include/easy_handeye2_msgs/easy_handeye2_msgs/srv/detail/remove_sample__type_support.h\n'}
[0.290811] (easy_handeye2_msgs) StdoutLine: {'line': b'-- Up-to-date: /dev_ws/install/include/easy_handeye2_msgs/easy_handeye2_msgs/srv/detail/set_algorithm__functions.h\n'}
[0.290862] (easy_handeye2_msgs) StdoutLine: {'line': b'-- Up-to-date: /dev_ws/install/include/easy_handeye2_msgs/easy_handeye2_msgs/srv/detail/save_samples__functions.c\n'}
[0.290914] (easy_handeye2_msgs) StdoutLine: {'line': b'-- Up-to-date: /dev_ws/install/include/easy_handeye2_msgs/easy_handeye2_msgs/srv/detail/list_algorithms__functions.h\n'}
[0.290967] (easy_handeye2_msgs) StdoutLine: {'line': b'-- Up-to-date: /dev_ws/install/include/easy_handeye2_msgs/easy_handeye2_msgs/srv/detail/remove_sample__functions.h\n'}
[0.291019] (easy_handeye2_msgs) StdoutLine: {'line': b'-- Up-to-date: /dev_ws/install/include/easy_handeye2_msgs/easy_handeye2_msgs/srv/detail/plan_to_selected_target_pose__struct.h\n'}
[0.291070] (easy_handeye2_msgs) StdoutLine: {'line': b'-- Up-to-date: /dev_ws/install/include/easy_handeye2_msgs/easy_handeye2_msgs/srv/detail/execute_plan__type_support.h\n'}
[0.291123] (easy_handeye2_msgs) StdoutLine: {'line': b'-- Up-to-date: /dev_ws/install/include/easy_handeye2_msgs/easy_handeye2_msgs/srv/detail/remove_sample__functions.c\n'}
[0.291176] (easy_handeye2_msgs) StdoutLine: {'line': b'-- Up-to-date: /dev_ws/install/include/easy_handeye2_msgs/easy_handeye2_msgs/srv/detail/save_calibration__type_support.h\n'}
[0.291228] (easy_handeye2_msgs) StdoutLine: {'line': b'-- Up-to-date: /dev_ws/install/include/easy_handeye2_msgs/easy_handeye2_msgs/srv/detail/plan_to_selected_target_pose__functions.c\n'}
[0.291283] (easy_handeye2_msgs) StdoutLine: {'line': b'-- Up-to-date: /dev_ws/install/include/easy_handeye2_msgs/easy_handeye2_msgs/srv/detail/set_algorithm__functions.c\n'}
[0.291397] (easy_handeye2_msgs) StdoutLine: {'line': b'-- Up-to-date: /dev_ws/install/include/easy_handeye2_msgs/easy_handeye2_msgs/srv/detail/compute_calibration__type_support.h\n'}
[0.291445] (easy_handeye2_msgs) StdoutLine: {'line': b'-- Up-to-date: /dev_ws/install/include/easy_handeye2_msgs/easy_handeye2_msgs/srv/detail/save_calibration__functions.h\n'}
[0.291479] (easy_handeye2_msgs) StdoutLine: {'line': b'-- Up-to-date: /dev_ws/install/include/easy_handeye2_msgs/easy_handeye2_msgs/srv/detail/take_sample__struct.h\n'}
[0.291511] (easy_handeye2_msgs) StdoutLine: {'line': b'-- Up-to-date: /dev_ws/install/include/easy_handeye2_msgs/easy_handeye2_msgs/srv/detail/check_starting_pose__type_support.h\n'}
[0.291549] (easy_handeye2_msgs) StdoutLine: {'line': b'-- Up-to-date: /dev_ws/install/include/easy_handeye2_msgs/easy_handeye2_msgs/srv/detail/plan_to_selected_target_pose__functions.h\n'}
[0.291597] (easy_handeye2_msgs) StdoutLine: {'line': b'-- Up-to-date: /dev_ws/install/include/easy_handeye2_msgs/easy_handeye2_msgs/srv/detail/check_starting_pose__functions.c\n'}
[0.291630] (easy_handeye2_msgs) StdoutLine: {'line': b'-- Up-to-date: /dev_ws/install/include/easy_handeye2_msgs/easy_handeye2_msgs/srv/detail/load_samples__functions.c\n'}
[0.291661] (easy_handeye2_msgs) StdoutLine: {'line': b'-- Up-to-date: /dev_ws/install/include/easy_handeye2_msgs/easy_handeye2_msgs/srv/detail/save_samples__struct.h\n'}
[0.291692] (easy_handeye2_msgs) StdoutLine: {'line': b'-- Up-to-date: /dev_ws/install/include/easy_handeye2_msgs/easy_handeye2_msgs/srv/detail/enumerate_target_poses__functions.h\n'}
[0.291723] (easy_handeye2_msgs) StdoutLine: {'line': b'-- Up-to-date: /dev_ws/install/include/easy_handeye2_msgs/easy_handeye2_msgs/srv/detail/save_samples__functions.h\n'}
[0.291754] (easy_handeye2_msgs) StdoutLine: {'line': b'-- Up-to-date: /dev_ws/install/include/easy_handeye2_msgs/easy_handeye2_msgs/srv/detail/plan_to_selected_target_pose__type_support.h\n'}
[0.291785] (easy_handeye2_msgs) StdoutLine: {'line': b'-- Up-to-date: /dev_ws/install/include/easy_handeye2_msgs/easy_handeye2_msgs/srv/detail/list_algorithms__struct.h\n'}
[0.291815] (easy_handeye2_msgs) StdoutLine: {'line': b'-- Up-to-date: /dev_ws/install/include/easy_handeye2_msgs/easy_handeye2_msgs/srv/detail/select_target_pose__type_support.h\n'}
[0.291856] (easy_handeye2_msgs) StdoutLine: {'line': b'-- Up-to-date: /dev_ws/install/include/easy_handeye2_msgs/easy_handeye2_msgs/srv/detail/take_sample__functions.c\n'}
[0.291920] (easy_handeye2_msgs) StdoutLine: {'line': b'-- Up-to-date: /dev_ws/install/include/easy_handeye2_msgs/easy_handeye2_msgs/srv/detail/save_calibration__functions.c\n'}
[0.291957] (easy_handeye2_msgs) StdoutLine: {'line': b'-- Up-to-date: /dev_ws/install/include/easy_handeye2_msgs/easy_handeye2_msgs/srv/detail/compute_calibration__struct.h\n'}
[0.291987] (easy_handeye2_msgs) StdoutLine: {'line': b'-- Up-to-date: /dev_ws/install/include/easy_handeye2_msgs/easy_handeye2_msgs/srv/detail/select_target_pose__functions.c\n'}
[0.292017] (easy_handeye2_msgs) StdoutLine: {'line': b'-- Up-to-date: /dev_ws/install/include/easy_handeye2_msgs/easy_handeye2_msgs/srv/detail/load_samples__functions.h\n'}
[0.292047] (easy_handeye2_msgs) StdoutLine: {'line': b'-- Up-to-date: /dev_ws/install/include/easy_handeye2_msgs/easy_handeye2_msgs/srv/detail/load_samples__type_support.h\n'}
[0.292076] (easy_handeye2_msgs) StdoutLine: {'line': b'-- Up-to-date: /dev_ws/install/include/easy_handeye2_msgs/easy_handeye2_msgs/srv/detail/list_algorithms__functions.c\n'}
[0.292106] (easy_handeye2_msgs) StdoutLine: {'line': b'-- Up-to-date: /dev_ws/install/include/easy_handeye2_msgs/easy_handeye2_msgs/srv/detail/compute_calibration__functions.c\n'}
[0.292146] (easy_handeye2_msgs) StdoutLine: {'line': b'-- Up-to-date: /dev_ws/install/include/easy_handeye2_msgs/easy_handeye2_msgs/srv/detail/select_target_pose__struct.h\n'}
[0.292178] (easy_handeye2_msgs) StdoutLine: {'line': b'-- Up-to-date: /dev_ws/install/include/easy_handeye2_msgs/easy_handeye2_msgs/srv/detail/enumerate_target_poses__type_support.h\n'}
[0.292209] (easy_handeye2_msgs) StdoutLine: {'line': b'-- Up-to-date: /dev_ws/install/include/easy_handeye2_msgs/easy_handeye2_msgs/srv/detail/execute_plan__functions.c\n'}
[0.292241] (easy_handeye2_msgs) StdoutLine: {'line': b'-- Up-to-date: /dev_ws/install/include/easy_handeye2_msgs/easy_handeye2_msgs/srv/detail/execute_plan__struct.h\n'}
[0.292271] (easy_handeye2_msgs) StdoutLine: {'line': b'-- Up-to-date: /dev_ws/install/include/easy_handeye2_msgs/easy_handeye2_msgs/srv/detail/set_algorithm__struct.h\n'}
[0.292338] (easy_handeye2_msgs) StdoutLine: {'line': b'-- Up-to-date: /dev_ws/install/include/easy_handeye2_msgs/easy_handeye2_msgs/srv/detail/list_algorithms__type_support.h\n'}
[0.292371] (easy_handeye2_msgs) StdoutLine: {'line': b'-- Up-to-date: /dev_ws/install/include/easy_handeye2_msgs/easy_handeye2_msgs/srv/detail/remove_sample__struct.h\n'}
[0.292398] (easy_handeye2_msgs) StdoutLine: {'line': b'-- Up-to-date: /dev_ws/install/include/easy_handeye2_msgs/easy_handeye2_msgs/srv/detail/compute_calibration__functions.h\n'}
[0.292428] (easy_handeye2_msgs) StdoutLine: {'line': b'-- Up-to-date: /dev_ws/install/include/easy_handeye2_msgs/easy_handeye2_msgs/srv/detail/check_starting_pose__struct.h\n'}
[0.292458] (easy_handeye2_msgs) StdoutLine: {'line': b'-- Up-to-date: /dev_ws/install/include/easy_handeye2_msgs/easy_handeye2_msgs/srv/detail/execute_plan__functions.h\n'}
[0.292489] (easy_handeye2_msgs) StdoutLine: {'line': b'-- Up-to-date: /dev_ws/install/include/easy_handeye2_msgs/easy_handeye2_msgs/srv/check_starting_pose.h\n'}
[0.292519] (easy_handeye2_msgs) StdoutLine: {'line': b'-- Up-to-date: /dev_ws/install/include/easy_handeye2_msgs/easy_handeye2_msgs/srv/compute_calibration.h\n'}
[0.292550] (easy_handeye2_msgs) StdoutLine: {'line': b'-- Up-to-date: /dev_ws/install/include/easy_handeye2_msgs/easy_handeye2_msgs/srv/save_samples.h\n'}
[0.292579] (easy_handeye2_msgs) StdoutLine: {'line': b'-- Up-to-date: /dev_ws/install/include/easy_handeye2_msgs/easy_handeye2_msgs/srv/list_algorithms.h\n'}
[0.292608] (easy_handeye2_msgs) StdoutLine: {'line': b'-- Up-to-date: /dev_ws/install/include/easy_handeye2_msgs/easy_handeye2_msgs/srv/execute_plan.h\n'}
[0.292639] (easy_handeye2_msgs) StdoutLine: {'line': b'-- Up-to-date: /dev_ws/install/include/easy_handeye2_msgs/easy_handeye2_msgs/srv/remove_sample.h\n'}
[0.292677] (easy_handeye2_msgs) StdoutLine: {'line': b'-- Up-to-date: /dev_ws/install/include/easy_handeye2_msgs/easy_handeye2_msgs/srv/select_target_pose.h\n'}
[0.292707] (easy_handeye2_msgs) StdoutLine: {'line': b'-- Up-to-date: /dev_ws/install/include/easy_handeye2_msgs/easy_handeye2_msgs/srv/take_sample.h\n'}
[0.292737] (easy_handeye2_msgs) StdoutLine: {'line': b'-- Up-to-date: /dev_ws/install/share/easy_handeye2_msgs/environment/library_path.sh\n'}
[0.292767] (easy_handeye2_msgs) StdoutLine: {'line': b'-- Up-to-date: /dev_ws/install/share/easy_handeye2_msgs/environment/library_path.dsv\n'}
[0.292797] (easy_handeye2_msgs) StdoutLine: {'line': b'-- Up-to-date: /dev_ws/install/lib/libeasy_handeye2_msgs__rosidl_generator_c.so\n'}
[0.292827] (easy_handeye2_msgs) StdoutLine: {'line': b'-- Up-to-date: /dev_ws/install/include/easy_handeye2_msgs/easy_handeye2_msgs\n'}
[0.292857] (easy_handeye2_msgs) StdoutLine: {'line': b'-- Up-to-date: /dev_ws/install/include/easy_handeye2_msgs/easy_handeye2_msgs/msg\n'}
[0.292888] (easy_handeye2_msgs) StdoutLine: {'line': b'-- Up-to-date: /dev_ws/install/include/easy_handeye2_msgs/easy_handeye2_msgs/msg/detail\n'}
[0.292919] (easy_handeye2_msgs) StdoutLine: {'line': b'-- Up-to-date: /dev_ws/install/include/easy_handeye2_msgs/easy_handeye2_msgs/msg/detail/sample_list__rosidl_typesupport_fastrtps_c.h\n'}
[0.292950] (easy_handeye2_msgs) StdoutLine: {'line': b'-- Up-to-date: /dev_ws/install/include/easy_handeye2_msgs/easy_handeye2_msgs/msg/detail/handeye_calibration_parameters__rosidl_typesupport_fastrtps_c.h\n'}
[0.292982] (easy_handeye2_msgs) StdoutLine: {'line': b'-- Up-to-date: /dev_ws/install/include/easy_handeye2_msgs/easy_handeye2_msgs/msg/detail/handeye_calibration__rosidl_typesupport_fastrtps_c.h\n'}
[0.293013] (easy_handeye2_msgs) StdoutLine: {'line': b'-- Up-to-date: /dev_ws/install/include/easy_handeye2_msgs/easy_handeye2_msgs/msg/detail/sample__rosidl_typesupport_fastrtps_c.h\n'}
[0.293054] (easy_handeye2_msgs) StdoutLine: {'line': b'-- Up-to-date: /dev_ws/install/include/easy_handeye2_msgs/easy_handeye2_msgs/msg/detail/target_pose_list__rosidl_typesupport_fastrtps_c.h\n'}
[0.293086] (easy_handeye2_msgs) StdoutLine: {'line': b'-- Up-to-date: /dev_ws/install/include/easy_handeye2_msgs/easy_handeye2_msgs/msg/rosidl_typesupport_fastrtps_c__visibility_control.h\n'}
[0.293118] (easy_handeye2_msgs) StdoutLine: {'line': b'-- Up-to-date: /dev_ws/install/include/easy_handeye2_msgs/easy_handeye2_msgs/srv\n'}
[0.293148] (easy_handeye2_msgs) StdoutLine: {'line': b'-- Up-to-date: /dev_ws/install/include/easy_handeye2_msgs/easy_handeye2_msgs/srv/detail\n'}
[0.293217] (easy_handeye2_msgs) StdoutLine: {'line': b'-- Up-to-date: /dev_ws/install/include/easy_handeye2_msgs/easy_handeye2_msgs/srv/detail/save_samples__rosidl_typesupport_fastrtps_c.h\n'}
[0.293249] (easy_handeye2_msgs) StdoutLine: {'line': b'-- Up-to-date: /dev_ws/install/include/easy_handeye2_msgs/easy_handeye2_msgs/srv/detail/save_calibration__rosidl_typesupport_fastrtps_c.h\n'}
[0.293283] (easy_handeye2_msgs) StdoutLine: {'line': b'-- Up-to-date: /dev_ws/install/include/easy_handeye2_msgs/easy_handeye2_msgs/srv/detail/list_algorithms__rosidl_typesupport_fastrtps_c.h\n'}
[0.293317] (easy_handeye2_msgs) StdoutLine: {'line': b'-- Up-to-date: /dev_ws/install/include/easy_handeye2_msgs/easy_handeye2_msgs/srv/detail/select_target_pose__rosidl_typesupport_fastrtps_c.h\n'}
[0.293349] (easy_handeye2_msgs) StdoutLine: {'line': b'-- Up-to-date: /dev_ws/install/include/easy_handeye2_msgs/easy_handeye2_msgs/srv/detail/enumerate_target_poses__rosidl_typesupport_fastrtps_c.h\n'}
[0.293553] (easy_handeye2_msgs) StdoutLine: {'line': b'-- Up-to-date: /dev_ws/install/include/easy_handeye2_msgs/easy_handeye2_msgs/srv/detail/load_samples__rosidl_typesupport_fastrtps_c.h\n'}
[0.293587] (easy_handeye2_msgs) StdoutLine: {'line': b'-- Up-to-date: /dev_ws/install/include/easy_handeye2_msgs/easy_handeye2_msgs/srv/detail/take_sample__rosidl_typesupport_fastrtps_c.h\n'}
[0.293641] (easy_handeye2_msgs) StdoutLine: {'line': b'-- Up-to-date: /dev_ws/install/include/easy_handeye2_msgs/easy_handeye2_msgs/srv/detail/execute_plan__rosidl_typesupport_fastrtps_c.h\n'}
[0.293673] (easy_handeye2_msgs) StdoutLine: {'line': b'-- Up-to-date: /dev_ws/install/include/easy_handeye2_msgs/easy_handeye2_msgs/srv/detail/remove_sample__rosidl_typesupport_fastrtps_c.h\n'}
[0.293702] (easy_handeye2_msgs) StdoutLine: {'line': b'-- Up-to-date: /dev_ws/install/include/easy_handeye2_msgs/easy_handeye2_msgs/srv/detail/set_algorithm__rosidl_typesupport_fastrtps_c.h\n'}
[0.293797] (easy_handeye2_msgs) StdoutLine: {'line': b'-- Up-to-date: /dev_ws/install/include/easy_handeye2_msgs/easy_handeye2_msgs/srv/detail/check_starting_pose__rosidl_typesupport_fastrtps_c.h\n'}
[0.293829] (easy_handeye2_msgs) StdoutLine: {'line': b'-- Up-to-date: /dev_ws/install/include/easy_handeye2_msgs/easy_handeye2_msgs/srv/detail/plan_to_selected_target_pose__rosidl_typesupport_fastrtps_c.h\n'}
[0.293859] (easy_handeye2_msgs) StdoutLine: {'line': b'-- Up-to-date: /dev_ws/install/include/easy_handeye2_msgs/easy_handeye2_msgs/srv/detail/compute_calibration__rosidl_typesupport_fastrtps_c.h\n'}
[0.293888] (easy_handeye2_msgs) StdoutLine: {'line': b'-- Up-to-date: /dev_ws/install/lib/libeasy_handeye2_msgs__rosidl_typesupport_fastrtps_c.so\n'}
[0.293918] (easy_handeye2_msgs) StdoutLine: {'line': b'-- Up-to-date: /dev_ws/install/include/easy_handeye2_msgs/easy_handeye2_msgs\n'}
[0.293948] (easy_handeye2_msgs) StdoutLine: {'line': b'-- Up-to-date: /dev_ws/install/include/easy_handeye2_msgs/easy_handeye2_msgs/msg\n'}
[0.293978] (easy_handeye2_msgs) StdoutLine: {'line': b'-- Up-to-date: /dev_ws/install/include/easy_handeye2_msgs/easy_handeye2_msgs/msg/detail\n'}
[0.294008] (easy_handeye2_msgs) StdoutLine: {'line': b'-- Up-to-date: /dev_ws/install/include/easy_handeye2_msgs/easy_handeye2_msgs/msg/detail/sample_list__type_support.c\n'}
[0.294038] (easy_handeye2_msgs) StdoutLine: {'line': b'-- Up-to-date: /dev_ws/install/include/easy_handeye2_msgs/easy_handeye2_msgs/msg/detail/handeye_calibration__type_support.c\n'}
[0.294069] (easy_handeye2_msgs) StdoutLine: {'line': b'-- Up-to-date: /dev_ws/install/include/easy_handeye2_msgs/easy_handeye2_msgs/msg/detail/target_pose_list__type_support.c\n'}
[0.294098] (easy_handeye2_msgs) StdoutLine: {'line': b'-- Up-to-date: /dev_ws/install/include/easy_handeye2_msgs/easy_handeye2_msgs/msg/detail/sample_list__rosidl_typesupport_introspection_c.h\n'}
[0.294129] (easy_handeye2_msgs) StdoutLine: {'line': b'-- Up-to-date: /dev_ws/install/include/easy_handeye2_msgs/easy_handeye2_msgs/msg/detail/handeye_calibration_parameters__rosidl_typesupport_introspection_c.h\n'}
[0.294158] (easy_handeye2_msgs) StdoutLine: {'line': b'-- Up-to-date: /dev_ws/install/include/easy_handeye2_msgs/easy_handeye2_msgs/msg/detail/handeye_calibration_parameters__type_support.c\n'}
[0.294186] (easy_handeye2_msgs) StdoutLine: {'line': b'-- Up-to-date: /dev_ws/install/include/easy_handeye2_msgs/easy_handeye2_msgs/msg/detail/sample__rosidl_typesupport_introspection_c.h\n'}
[0.294215] (easy_handeye2_msgs) StdoutLine: {'line': b'-- Up-to-date: /dev_ws/install/include/easy_handeye2_msgs/easy_handeye2_msgs/msg/detail/target_pose_list__rosidl_typesupport_introspection_c.h\n'}
[0.294244] (easy_handeye2_msgs) StdoutLine: {'line': b'-- Up-to-date: /dev_ws/install/include/easy_handeye2_msgs/easy_handeye2_msgs/msg/detail/sample__type_support.c\n'}
[0.294287] (easy_handeye2_msgs) StdoutLine: {'line': b'-- Up-to-date: /dev_ws/install/include/easy_handeye2_msgs/easy_handeye2_msgs/msg/detail/handeye_calibration__rosidl_typesupport_introspection_c.h\n'}
[0.294318] (easy_handeye2_msgs) StdoutLine: {'line': b'-- Up-to-date: /dev_ws/install/include/easy_handeye2_msgs/easy_handeye2_msgs/msg/rosidl_typesupport_introspection_c__visibility_control.h\n'}
[0.294347] (easy_handeye2_msgs) StdoutLine: {'line': b'-- Up-to-date: /dev_ws/install/include/easy_handeye2_msgs/easy_handeye2_msgs/srv\n'}
[0.294377] (easy_handeye2_msgs) StdoutLine: {'line': b'-- Up-to-date: /dev_ws/install/include/easy_handeye2_msgs/easy_handeye2_msgs/srv/detail\n'}
[0.294467] (easy_handeye2_msgs) StdoutLine: {'line': b'-- Up-to-date: /dev_ws/install/include/easy_handeye2_msgs/easy_handeye2_msgs/srv/detail/check_starting_pose__rosidl_typesupport_introspection_c.h\n'}
[0.294498] (easy_handeye2_msgs) StdoutLine: {'line': b'-- Up-to-date: /dev_ws/install/include/easy_handeye2_msgs/easy_handeye2_msgs/srv/detail/set_algorithm__rosidl_typesupport_introspection_c.h\n'}
[0.294536] (easy_handeye2_msgs) StdoutLine: {'line': b'-- Up-to-date: /dev_ws/install/include/easy_handeye2_msgs/easy_handeye2_msgs/srv/detail/select_target_pose__rosidl_typesupport_introspection_c.h\n'}
[0.294565] (easy_handeye2_msgs) StdoutLine: {'line': b'-- Up-to-date: /dev_ws/install/include/easy_handeye2_msgs/easy_handeye2_msgs/srv/detail/select_target_pose__type_support.c\n'}
[0.294592] (easy_handeye2_msgs) StdoutLine: {'line': b'-- Up-to-date: /dev_ws/install/include/easy_handeye2_msgs/easy_handeye2_msgs/srv/detail/plan_to_selected_target_pose__type_support.c\n'}
[0.294623] (easy_handeye2_msgs) StdoutLine: {'line': b'-- Up-to-date: /dev_ws/install/include/easy_handeye2_msgs/easy_handeye2_msgs/srv/detail/enumerate_target_poses__type_support.c\n'}
[0.294653] (easy_handeye2_msgs) StdoutLine: {'line': b'-- Up-to-date: /dev_ws/install/include/easy_handeye2_msgs/easy_handeye2_msgs/srv/detail/remove_sample__type_support.c\n'}
[0.294683] (easy_handeye2_msgs) StdoutLine: {'line': b'-- Up-to-date: /dev_ws/install/include/easy_handeye2_msgs/easy_handeye2_msgs/srv/detail/save_calibration__rosidl_typesupport_introspection_c.h\n'}
[0.294711] (easy_handeye2_msgs) StdoutLine: {'line': b'-- Up-to-date: /dev_ws/install/include/easy_handeye2_msgs/easy_handeye2_msgs/srv/detail/enumerate_target_poses__rosidl_typesupport_introspection_c.h\n'}
[0.294741] (easy_handeye2_msgs) StdoutLine: {'line': b'-- Up-to-date: /dev_ws/install/include/easy_handeye2_msgs/easy_handeye2_msgs/srv/detail/list_algorithms__type_support.c\n'}
[0.294771] (easy_handeye2_msgs) StdoutLine: {'line': b'-- Up-to-date: /dev_ws/install/include/easy_handeye2_msgs/easy_handeye2_msgs/srv/detail/execute_plan__rosidl_typesupport_introspection_c.h\n'}
[0.294800] (easy_handeye2_msgs) StdoutLine: {'line': b'-- Up-to-date: /dev_ws/install/include/easy_handeye2_msgs/easy_handeye2_msgs/srv/detail/check_starting_pose__type_support.c\n'}
[0.294879] (easy_handeye2_msgs) StdoutLine: {'line': b'-- Up-to-date: /dev_ws/install/include/easy_handeye2_msgs/easy_handeye2_msgs/srv/detail/load_samples__type_support.c\n'}
[0.294910] (easy_handeye2_msgs) StdoutLine: {'line': b'-- Up-to-date: /dev_ws/install/include/easy_handeye2_msgs/easy_handeye2_msgs/srv/detail/compute_calibration__rosidl_typesupport_introspection_c.h\n'}
[0.294942] (easy_handeye2_msgs) StdoutLine: {'line': b'-- Up-to-date: /dev_ws/install/include/easy_handeye2_msgs/easy_handeye2_msgs/srv/detail/compute_calibration__type_support.c\n'}
[0.294971] (easy_handeye2_msgs) StdoutLine: {'line': b'-- Up-to-date: /dev_ws/install/include/easy_handeye2_msgs/easy_handeye2_msgs/srv/detail/save_calibration__type_support.c\n'}
[0.295002] (easy_handeye2_msgs) StdoutLine: {'line': b'-- Up-to-date: /dev_ws/install/include/easy_handeye2_msgs/easy_handeye2_msgs/srv/detail/save_samples__rosidl_typesupport_introspection_c.h\n'}
[0.295032] (easy_handeye2_msgs) StdoutLine: {'line': b'-- Up-to-date: /dev_ws/install/include/easy_handeye2_msgs/easy_handeye2_msgs/srv/detail/set_algorithm__type_support.c\n'}
[0.295070] (easy_handeye2_msgs) StdoutLine: {'line': b'-- Up-to-date: /dev_ws/install/include/easy_handeye2_msgs/easy_handeye2_msgs/srv/detail/remove_sample__rosidl_typesupport_introspection_c.h\n'}
[0.295100] (easy_handeye2_msgs) StdoutLine: {'line': b'-- Up-to-date: /dev_ws/install/include/easy_handeye2_msgs/easy_handeye2_msgs/srv/detail/list_algorithms__rosidl_typesupport_introspection_c.h\n'}
[0.295130] (easy_handeye2_msgs) StdoutLine: {'line': b'-- Up-to-date: /dev_ws/install/include/easy_handeye2_msgs/easy_handeye2_msgs/srv/detail/save_samples__type_support.c\n'}
[0.295160] (easy_handeye2_msgs) StdoutLine: {'line': b'-- Up-to-date: /dev_ws/install/include/easy_handeye2_msgs/easy_handeye2_msgs/srv/detail/take_sample__rosidl_typesupport_introspection_c.h\n'}
[0.295226] (easy_handeye2_msgs) StdoutLine: {'line': b'-- Up-to-date: /dev_ws/install/include/easy_handeye2_msgs/easy_handeye2_msgs/srv/detail/take_sample__type_support.c\n'}
[0.295254] (easy_handeye2_msgs) StdoutLine: {'line': b'-- Up-to-date: /dev_ws/install/include/easy_handeye2_msgs/easy_handeye2_msgs/srv/detail/load_samples__rosidl_typesupport_introspection_c.h\n'}
[0.295285] (easy_handeye2_msgs) StdoutLine: {'line': b'-- Up-to-date: /dev_ws/install/include/easy_handeye2_msgs/easy_handeye2_msgs/srv/detail/execute_plan__type_support.c\n'}
[0.295313] (easy_handeye2_msgs) StdoutLine: {'line': b'-- Up-to-date: /dev_ws/install/include/easy_handeye2_msgs/easy_handeye2_msgs/srv/detail/plan_to_selected_target_pose__rosidl_typesupport_introspection_c.h\n'}
[0.295341] (easy_handeye2_msgs) StdoutLine: {'line': b'-- Up-to-date: /dev_ws/install/lib/libeasy_handeye2_msgs__rosidl_typesupport_introspection_c.so\n'}
[0.295379] (easy_handeye2_msgs) StdoutLine: {'line': b'-- Up-to-date: /dev_ws/install/lib/libeasy_handeye2_msgs__rosidl_typesupport_c.so\n'}
[0.295406] (easy_handeye2_msgs) StdoutLine: {'line': b'-- Up-to-date: /dev_ws/install/include/easy_handeye2_msgs/easy_handeye2_msgs\n'}
[0.295434] (easy_handeye2_msgs) StdoutLine: {'line': b'-- Up-to-date: /dev_ws/install/include/easy_handeye2_msgs/easy_handeye2_msgs/msg\n'}
[0.295463] (easy_handeye2_msgs) StdoutLine: {'line': b'-- Up-to-date: /dev_ws/install/include/easy_handeye2_msgs/easy_handeye2_msgs/msg/sample.hpp\n'}
[0.295492] (easy_handeye2_msgs) StdoutLine: {'line': b'-- Up-to-date: /dev_ws/install/include/easy_handeye2_msgs/easy_handeye2_msgs/msg/handeye_calibration_parameters.hpp\n'}
[0.295521] (easy_handeye2_msgs) StdoutLine: {'line': b'-- Up-to-date: /dev_ws/install/include/easy_handeye2_msgs/easy_handeye2_msgs/msg/detail\n'}
[0.295550] (easy_handeye2_msgs) StdoutLine: {'line': b'-- Up-to-date: /dev_ws/install/include/easy_handeye2_msgs/easy_handeye2_msgs/msg/detail/handeye_calibration_parameters__builder.hpp\n'}
[0.295594] (easy_handeye2_msgs) StdoutLine: {'line': b'-- Up-to-date: /dev_ws/install/include/easy_handeye2_msgs/easy_handeye2_msgs/msg/detail/sample_list__traits.hpp\n'}
[0.295621] (easy_handeye2_msgs) StdoutLine: {'line': b'-- Up-to-date: /dev_ws/install/include/easy_handeye2_msgs/easy_handeye2_msgs/msg/detail/sample_list__builder.hpp\n'}
[0.295651] (easy_handeye2_msgs) StdoutLine: {'line': b'-- Up-to-date: /dev_ws/install/include/easy_handeye2_msgs/easy_handeye2_msgs/msg/detail/target_pose_list__type_support.hpp\n'}
[0.295682] (easy_handeye2_msgs) StdoutLine: {'line': b'-- Up-to-date: /dev_ws/install/include/easy_handeye2_msgs/easy_handeye2_msgs/msg/detail/handeye_calibration_parameters__type_support.hpp\n'}
[0.295712] (easy_handeye2_msgs) StdoutLine: {'line': b'-- Up-to-date: /dev_ws/install/include/easy_handeye2_msgs/easy_handeye2_msgs/msg/detail/sample__type_support.hpp\n'}
[0.295740] (easy_handeye2_msgs) StdoutLine: {'line': b'-- Up-to-date: /dev_ws/install/include/easy_handeye2_msgs/easy_handeye2_msgs/msg/detail/sample__builder.hpp\n'}
[0.295769] (easy_handeye2_msgs) StdoutLine: {'line': b'-- Up-to-date: /dev_ws/install/include/easy_handeye2_msgs/easy_handeye2_msgs/msg/detail/target_pose_list__struct.hpp\n'}
[0.295798] (easy_handeye2_msgs) StdoutLine: {'line': b'-- Up-to-date: /dev_ws/install/include/easy_handeye2_msgs/easy_handeye2_msgs/msg/detail/handeye_calibration__traits.hpp\n'}
[0.295826] (easy_handeye2_msgs) StdoutLine: {'line': b'-- Up-to-date: /dev_ws/install/include/easy_handeye2_msgs/easy_handeye2_msgs/msg/detail/sample_list__struct.hpp\n'}
[0.295855] (easy_handeye2_msgs) StdoutLine: {'line': b'-- Up-to-date: /dev_ws/install/include/easy_handeye2_msgs/easy_handeye2_msgs/msg/detail/handeye_calibration__type_support.hpp\n'}
[0.295885] (easy_handeye2_msgs) StdoutLine: {'line': b'-- Up-to-date: /dev_ws/install/include/easy_handeye2_msgs/easy_handeye2_msgs/msg/detail/sample_list__type_support.hpp\n'}
[0.295945] (easy_handeye2_msgs) StdoutLine: {'line': b'-- Up-to-date: /dev_ws/install/include/easy_handeye2_msgs/easy_handeye2_msgs/msg/detail/handeye_calibration__struct.hpp\n'}
[0.295976] (easy_handeye2_msgs) StdoutLine: {'line': b'-- Up-to-date: /dev_ws/install/include/easy_handeye2_msgs/easy_handeye2_msgs/msg/detail/sample__struct.hpp\n'}
[0.296035] (easy_handeye2_msgs) StdoutLine: {'line': b'-- Up-to-date: /dev_ws/install/include/easy_handeye2_msgs/easy_handeye2_msgs/msg/detail/handeye_calibration_parameters__traits.hpp\n'}
[0.296064] (easy_handeye2_msgs) StdoutLine: {'line': b'-- Up-to-date: /dev_ws/install/include/easy_handeye2_msgs/easy_handeye2_msgs/msg/detail/target_pose_list__traits.hpp\n'}
[0.296093] (easy_handeye2_msgs) StdoutLine: {'line': b'-- Up-to-date: /dev_ws/install/include/easy_handeye2_msgs/easy_handeye2_msgs/msg/detail/handeye_calibration_parameters__struct.hpp\n'}
[0.296133] (easy_handeye2_msgs) StdoutLine: {'line': b'-- Up-to-date: /dev_ws/install/include/easy_handeye2_msgs/easy_handeye2_msgs/msg/detail/target_pose_list__builder.hpp\n'}
[0.296162] (easy_handeye2_msgs) StdoutLine: {'line': b'-- Up-to-date: /dev_ws/install/include/easy_handeye2_msgs/easy_handeye2_msgs/msg/detail/sample__traits.hpp\n'}
[0.296192] (easy_handeye2_msgs) StdoutLine: {'line': b'-- Up-to-date: /dev_ws/install/include/easy_handeye2_msgs/easy_handeye2_msgs/msg/detail/handeye_calibration__builder.hpp\n'}
[0.296221] (easy_handeye2_msgs) StdoutLine: {'line': b'-- Up-to-date: /dev_ws/install/include/easy_handeye2_msgs/easy_handeye2_msgs/msg/rosidl_generator_cpp__visibility_control.hpp\n'}
[0.296251] (easy_handeye2_msgs) StdoutLine: {'line': b'-- Up-to-date: /dev_ws/install/include/easy_handeye2_msgs/easy_handeye2_msgs/msg/sample_list.hpp\n'}
[0.296302] (easy_handeye2_msgs) StdoutLine: {'line': b'-- Up-to-date: /dev_ws/install/include/easy_handeye2_msgs/easy_handeye2_msgs/msg/handeye_calibration.hpp\n'}
[0.296334] (easy_handeye2_msgs) StdoutLine: {'line': b'-- Up-to-date: /dev_ws/install/include/easy_handeye2_msgs/easy_handeye2_msgs/msg/target_pose_list.hpp\n'}
[0.296362] (easy_handeye2_msgs) StdoutLine: {'line': b'-- Up-to-date: /dev_ws/install/include/easy_handeye2_msgs/easy_handeye2_msgs/srv\n'}
[0.296393] (easy_handeye2_msgs) StdoutLine: {'line': b'-- Up-to-date: /dev_ws/install/include/easy_handeye2_msgs/easy_handeye2_msgs/srv/list_algorithms.hpp\n'}
[0.296423] (easy_handeye2_msgs) StdoutLine: {'line': b'-- Up-to-date: /dev_ws/install/include/easy_handeye2_msgs/easy_handeye2_msgs/srv/set_algorithm.hpp\n'}
[0.296481] (easy_handeye2_msgs) StdoutLine: {'line': b'-- Up-to-date: /dev_ws/install/include/easy_handeye2_msgs/easy_handeye2_msgs/srv/load_samples.hpp\n'}
[0.296512] (easy_handeye2_msgs) StdoutLine: {'line': b'-- Up-to-date: /dev_ws/install/include/easy_handeye2_msgs/easy_handeye2_msgs/srv/check_starting_pose.hpp\n'}
[0.296541] (easy_handeye2_msgs) StdoutLine: {'line': b'-- Up-to-date: /dev_ws/install/include/easy_handeye2_msgs/easy_handeye2_msgs/srv/enumerate_target_poses.hpp\n'}
[0.296570] (easy_handeye2_msgs) StdoutLine: {'line': b'-- Up-to-date: /dev_ws/install/include/easy_handeye2_msgs/easy_handeye2_msgs/srv/execute_plan.hpp\n'}
[0.296600] (easy_handeye2_msgs) StdoutLine: {'line': b'-- Up-to-date: /dev_ws/install/include/easy_handeye2_msgs/easy_handeye2_msgs/srv/detail\n'}
[0.296630] (easy_handeye2_msgs) StdoutLine: {'line': b'-- Up-to-date: /dev_ws/install/include/easy_handeye2_msgs/easy_handeye2_msgs/srv/detail/plan_to_selected_target_pose__traits.hpp\n'}
[0.296662] (easy_handeye2_msgs) StdoutLine: {'line': b'-- Up-to-date: /dev_ws/install/include/easy_handeye2_msgs/easy_handeye2_msgs/srv/detail/save_calibration__traits.hpp\n'}
[0.296693] (easy_handeye2_msgs) StdoutLine: {'line': b'-- Up-to-date: /dev_ws/install/include/easy_handeye2_msgs/easy_handeye2_msgs/srv/detail/take_sample__struct.hpp\n'}
[0.296724] (easy_handeye2_msgs) StdoutLine: {'line': b'-- Up-to-date: /dev_ws/install/include/easy_handeye2_msgs/easy_handeye2_msgs/srv/detail/save_calibration__type_support.hpp\n'}
[0.296753] (easy_handeye2_msgs) StdoutLine: {'line': b'-- Up-to-date: /dev_ws/install/include/easy_handeye2_msgs/easy_handeye2_msgs/srv/detail/check_starting_pose__builder.hpp\n'}
[0.296805] (easy_handeye2_msgs) StdoutLine: {'line': b'-- Up-to-date: /dev_ws/install/include/easy_handeye2_msgs/easy_handeye2_msgs/srv/detail/save_calibration__builder.hpp\n'}
[0.296832] (easy_handeye2_msgs) StdoutLine: {'line': b'-- Up-to-date: /dev_ws/install/include/easy_handeye2_msgs/easy_handeye2_msgs/srv/detail/list_algorithms__type_support.hpp\n'}
[0.296858] (easy_handeye2_msgs) StdoutLine: {'line': b'-- Up-to-date: /dev_ws/install/include/easy_handeye2_msgs/easy_handeye2_msgs/srv/detail/take_sample__type_support.hpp\n'}
[0.296885] (easy_handeye2_msgs) StdoutLine: {'line': b'-- Up-to-date: /dev_ws/install/include/easy_handeye2_msgs/easy_handeye2_msgs/srv/detail/remove_sample__traits.hpp\n'}
[0.296912] (easy_handeye2_msgs) StdoutLine: {'line': b'-- Up-to-date: /dev_ws/install/include/easy_handeye2_msgs/easy_handeye2_msgs/srv/detail/compute_calibration__builder.hpp\n'}
[0.296938] (easy_handeye2_msgs) StdoutLine: {'line': b'-- Up-to-date: /dev_ws/install/include/easy_handeye2_msgs/easy_handeye2_msgs/srv/detail/take_sample__builder.hpp\n'}
[0.296965] (easy_handeye2_msgs) StdoutLine: {'line': b'-- Up-to-date: /dev_ws/install/include/easy_handeye2_msgs/easy_handeye2_msgs/srv/detail/enumerate_target_poses__builder.hpp\n'}
[0.296991] (easy_handeye2_msgs) StdoutLine: {'line': b'-- Up-to-date: /dev_ws/install/include/easy_handeye2_msgs/easy_handeye2_msgs/srv/detail/plan_to_selected_target_pose__struct.hpp\n'}
[0.297019] (easy_handeye2_msgs) StdoutLine: {'line': b'-- Up-to-date: /dev_ws/install/include/easy_handeye2_msgs/easy_handeye2_msgs/srv/detail/save_samples__type_support.hpp\n'}
[0.297046] (easy_handeye2_msgs) StdoutLine: {'line': b'-- Up-to-date: /dev_ws/install/include/easy_handeye2_msgs/easy_handeye2_msgs/srv/detail/select_target_pose__struct.hpp\n'}
[0.297074] (easy_handeye2_msgs) StdoutLine: {'line': b'-- Up-to-date: /dev_ws/install/include/easy_handeye2_msgs/easy_handeye2_msgs/srv/detail/execute_plan__struct.hpp\n'}
[0.297100] (easy_handeye2_msgs) StdoutLine: {'line': b'-- Up-to-date: /dev_ws/install/include/easy_handeye2_msgs/easy_handeye2_msgs/srv/detail/load_samples__traits.hpp\n'}
[0.297129] (easy_handeye2_msgs) StdoutLine: {'line': b'-- Up-to-date: /dev_ws/install/include/easy_handeye2_msgs/easy_handeye2_msgs/srv/detail/list_algorithms__struct.hpp\n'}
[0.297158] (easy_handeye2_msgs) StdoutLine: {'line': b'-- Up-to-date: /dev_ws/install/include/easy_handeye2_msgs/easy_handeye2_msgs/srv/detail/load_samples__builder.hpp\n'}
[0.297184] (easy_handeye2_msgs) StdoutLine: {'line': b'-- Up-to-date: /dev_ws/install/include/easy_handeye2_msgs/easy_handeye2_msgs/srv/detail/set_algorithm__struct.hpp\n'}
[0.297212] (easy_handeye2_msgs) StdoutLine: {'line': b'-- Up-to-date: /dev_ws/install/include/easy_handeye2_msgs/easy_handeye2_msgs/srv/detail/set_algorithm__type_support.hpp\n'}
[0.297238] (easy_handeye2_msgs) StdoutLine: {'line': b'-- Up-to-date: /dev_ws/install/include/easy_handeye2_msgs/easy_handeye2_msgs/srv/detail/check_starting_pose__traits.hpp\n'}
[0.297265] (easy_handeye2_msgs) StdoutLine: {'line': b'-- Up-to-date: /dev_ws/install/include/easy_handeye2_msgs/easy_handeye2_msgs/srv/detail/take_sample__traits.hpp\n'}
[0.297298] (easy_handeye2_msgs) StdoutLine: {'line': b'-- Up-to-date: /dev_ws/install/include/easy_handeye2_msgs/easy_handeye2_msgs/srv/detail/remove_sample__builder.hpp\n'}
[0.297325] (easy_handeye2_msgs) StdoutLine: {'line': b'-- Up-to-date: /dev_ws/install/include/easy_handeye2_msgs/easy_handeye2_msgs/srv/detail/plan_to_selected_target_pose__builder.hpp\n'}
[0.297352] (easy_handeye2_msgs) StdoutLine: {'line': b'-- Up-to-date: /dev_ws/install/include/easy_handeye2_msgs/easy_handeye2_msgs/srv/detail/list_algorithms__traits.hpp\n'}
[0.297378] (easy_handeye2_msgs) StdoutLine: {'line': b'-- Up-to-date: /dev_ws/install/include/easy_handeye2_msgs/easy_handeye2_msgs/srv/detail/compute_calibration__type_support.hpp\n'}
[0.297405] (easy_handeye2_msgs) StdoutLine: {'line': b'-- Up-to-date: /dev_ws/install/include/easy_handeye2_msgs/easy_handeye2_msgs/srv/detail/execute_plan__builder.hpp\n'}
[0.297434] (easy_handeye2_msgs) StdoutLine: {'line': b'-- Up-to-date: /dev_ws/install/include/easy_handeye2_msgs/easy_handeye2_msgs/srv/detail/check_starting_pose__type_support.hpp\n'}
[0.297460] (easy_handeye2_msgs) StdoutLine: {'line': b'-- Up-to-date: /dev_ws/install/include/easy_handeye2_msgs/easy_handeye2_msgs/srv/detail/set_algorithm__builder.hpp\n'}
[0.297486] (easy_handeye2_msgs) StdoutLine: {'line': b'-- Up-to-date: /dev_ws/install/include/easy_handeye2_msgs/easy_handeye2_msgs/srv/detail/list_algorithms__builder.hpp\n'}
[0.297513] (easy_handeye2_msgs) StdoutLine: {'line': b'-- Up-to-date: /dev_ws/install/include/easy_handeye2_msgs/easy_handeye2_msgs/srv/detail/enumerate_target_poses__struct.hpp\n'}
[0.297540] (easy_handeye2_msgs) StdoutLine: {'line': b'-- Up-to-date: /dev_ws/install/include/easy_handeye2_msgs/easy_handeye2_msgs/srv/detail/compute_calibration__traits.hpp\n'}
[0.297569] (easy_handeye2_msgs) StdoutLine: {'line': b'-- Up-to-date: /dev_ws/install/include/easy_handeye2_msgs/easy_handeye2_msgs/srv/detail/remove_sample__struct.hpp\n'}
[0.297594] (easy_handeye2_msgs) StdoutLine: {'line': b'-- Up-to-date: /dev_ws/install/include/easy_handeye2_msgs/easy_handeye2_msgs/srv/detail/save_calibration__struct.hpp\n'}
[0.297621] (easy_handeye2_msgs) StdoutLine: {'line': b'-- Up-to-date: /dev_ws/install/include/easy_handeye2_msgs/easy_handeye2_msgs/srv/detail/enumerate_target_poses__traits.hpp\n'}
[0.297647] (easy_handeye2_msgs) StdoutLine: {'line': b'-- Up-to-date: /dev_ws/install/include/easy_handeye2_msgs/easy_handeye2_msgs/srv/detail/save_samples__traits.hpp\n'}
[0.297672] (easy_handeye2_msgs) StdoutLine: {'line': b'-- Up-to-date: /dev_ws/install/include/easy_handeye2_msgs/easy_handeye2_msgs/srv/detail/enumerate_target_poses__type_support.hpp\n'}
[0.297698] (easy_handeye2_msgs) StdoutLine: {'line': b'-- Up-to-date: /dev_ws/install/include/easy_handeye2_msgs/easy_handeye2_msgs/srv/detail/execute_plan__traits.hpp\n'}
[0.297725] (easy_handeye2_msgs) StdoutLine: {'line': b'-- Up-to-date: /dev_ws/install/include/easy_handeye2_msgs/easy_handeye2_msgs/srv/detail/select_target_pose__type_support.hpp\n'}
[0.297752] (easy_handeye2_msgs) StdoutLine: {'line': b'-- Up-to-date: /dev_ws/install/include/easy_handeye2_msgs/easy_handeye2_msgs/srv/detail/load_samples__struct.hpp\n'}
[0.297778] (easy_handeye2_msgs) StdoutLine: {'line': b'-- Up-to-date: /dev_ws/install/include/easy_handeye2_msgs/easy_handeye2_msgs/srv/detail/check_starting_pose__struct.hpp\n'}
[0.297804] (easy_handeye2_msgs) StdoutLine: {'line': b'-- Up-to-date: /dev_ws/install/include/easy_handeye2_msgs/easy_handeye2_msgs/srv/detail/plan_to_selected_target_pose__type_support.hpp\n'}
[0.297830] (easy_handeye2_msgs) StdoutLine: {'line': b'-- Up-to-date: /dev_ws/install/include/easy_handeye2_msgs/easy_handeye2_msgs/srv/detail/set_algorithm__traits.hpp\n'}
[0.297857] (easy_handeye2_msgs) StdoutLine: {'line': b'-- Up-to-date: /dev_ws/install/include/easy_handeye2_msgs/easy_handeye2_msgs/srv/detail/remove_sample__type_support.hpp\n'}
[0.297882] (easy_handeye2_msgs) StdoutLine: {'line': b'-- Up-to-date: /dev_ws/install/include/easy_handeye2_msgs/easy_handeye2_msgs/srv/detail/load_samples__type_support.hpp\n'}
[0.297908] (easy_handeye2_msgs) StdoutLine: {'line': b'-- Up-to-date: /dev_ws/install/include/easy_handeye2_msgs/easy_handeye2_msgs/srv/detail/save_samples__builder.hpp\n'}
[0.297935] (easy_handeye2_msgs) StdoutLine: {'line': b'-- Up-to-date: /dev_ws/install/include/easy_handeye2_msgs/easy_handeye2_msgs/srv/detail/select_target_pose__traits.hpp\n'}
[0.297962] (easy_handeye2_msgs) StdoutLine: {'line': b'-- Up-to-date: /dev_ws/install/include/easy_handeye2_msgs/easy_handeye2_msgs/srv/detail/select_target_pose__builder.hpp\n'}
[0.297988] (easy_handeye2_msgs) StdoutLine: {'line': b'-- Up-to-date: /dev_ws/install/include/easy_handeye2_msgs/easy_handeye2_msgs/srv/detail/compute_calibration__struct.hpp\n'}
[0.298014] (easy_handeye2_msgs) StdoutLine: {'line': b'-- Up-to-date: /dev_ws/install/include/easy_handeye2_msgs/easy_handeye2_msgs/srv/detail/save_samples__struct.hpp\n'}
[0.298040] (easy_handeye2_msgs) StdoutLine: {'line': b'-- Up-to-date: /dev_ws/install/include/easy_handeye2_msgs/easy_handeye2_msgs/srv/detail/execute_plan__type_support.hpp\n'}
[0.298066] (easy_handeye2_msgs) StdoutLine: {'line': b'-- Up-to-date: /dev_ws/install/include/easy_handeye2_msgs/easy_handeye2_msgs/srv/plan_to_selected_target_pose.hpp\n'}
[0.298094] (easy_handeye2_msgs) StdoutLine: {'line': b'-- Up-to-date: /dev_ws/install/include/easy_handeye2_msgs/easy_handeye2_msgs/srv/take_sample.hpp\n'}
[0.298120] (easy_handeye2_msgs) StdoutLine: {'line': b'-- Up-to-date: /dev_ws/install/include/easy_handeye2_msgs/easy_handeye2_msgs/srv/remove_sample.hpp\n'}
[0.298147] (easy_handeye2_msgs) StdoutLine: {'line': b'-- Up-to-date: /dev_ws/install/include/easy_handeye2_msgs/easy_handeye2_msgs/srv/save_samples.hpp\n'}
[0.298172] (easy_handeye2_msgs) StdoutLine: {'line': b'-- Up-to-date: /dev_ws/install/include/easy_handeye2_msgs/easy_handeye2_msgs/srv/save_calibration.hpp\n'}
[0.298198] (easy_handeye2_msgs) StdoutLine: {'line': b'-- Up-to-date: /dev_ws/install/include/easy_handeye2_msgs/easy_handeye2_msgs/srv/compute_calibration.hpp\n'}
[0.298223] (easy_handeye2_msgs) StdoutLine: {'line': b'-- Up-to-date: /dev_ws/install/include/easy_handeye2_msgs/easy_handeye2_msgs/srv/select_target_pose.hpp\n'}
[0.298250] (easy_handeye2_msgs) StdoutLine: {'line': b'-- Up-to-date: /dev_ws/install/include/easy_handeye2_msgs/easy_handeye2_msgs\n'}
[0.298278] (easy_handeye2_msgs) StdoutLine: {'line': b'-- Up-to-date: /dev_ws/install/include/easy_handeye2_msgs/easy_handeye2_msgs/msg\n'}
[0.298309] (easy_handeye2_msgs) StdoutLine: {'line': b'-- Up-to-date: /dev_ws/install/include/easy_handeye2_msgs/easy_handeye2_msgs/msg/detail\n'}
[0.298336] (easy_handeye2_msgs) StdoutLine: {'line': b'-- Up-to-date: /dev_ws/install/include/easy_handeye2_msgs/easy_handeye2_msgs/msg/detail/target_pose_list__rosidl_typesupport_fastrtps_cpp.hpp\n'}
[0.298361] (easy_handeye2_msgs) StdoutLine: {'line': b'-- Up-to-date: /dev_ws/install/include/easy_handeye2_msgs/easy_handeye2_msgs/msg/detail/sample__rosidl_typesupport_fastrtps_cpp.hpp\n'}
[0.298387] (easy_handeye2_msgs) StdoutLine: {'line': b'-- Up-to-date: /dev_ws/install/include/easy_handeye2_msgs/easy_handeye2_msgs/msg/detail/handeye_calibration__rosidl_typesupport_fastrtps_cpp.hpp\n'}
[0.298413] (easy_handeye2_msgs) StdoutLine: {'line': b'-- Up-to-date: /dev_ws/install/include/easy_handeye2_msgs/easy_handeye2_msgs/msg/detail/handeye_calibration_parameters__rosidl_typesupport_fastrtps_cpp.hpp\n'}
[0.298441] (easy_handeye2_msgs) StdoutLine: {'line': b'-- Up-to-date: /dev_ws/install/include/easy_handeye2_msgs/easy_handeye2_msgs/msg/detail/dds_fastrtps\n'}
[0.298468] (easy_handeye2_msgs) StdoutLine: {'line': b'-- Up-to-date: /dev_ws/install/include/easy_handeye2_msgs/easy_handeye2_msgs/msg/detail/sample_list__rosidl_typesupport_fastrtps_cpp.hpp\n'}
[0.298494] (easy_handeye2_msgs) StdoutLine: {'line': b'-- Up-to-date: /dev_ws/install/include/easy_handeye2_msgs/easy_handeye2_msgs/msg/rosidl_typesupport_fastrtps_cpp__visibility_control.h\n'}
[0.298521] (easy_handeye2_msgs) StdoutLine: {'line': b'-- Up-to-date: /dev_ws/install/include/easy_handeye2_msgs/easy_handeye2_msgs/srv\n'}
[0.298549] (easy_handeye2_msgs) StdoutLine: {'line': b'-- Up-to-date: /dev_ws/install/include/easy_handeye2_msgs/easy_handeye2_msgs/srv/detail\n'}
[0.298575] (easy_handeye2_msgs) StdoutLine: {'line': b'-- Up-to-date: /dev_ws/install/include/easy_handeye2_msgs/easy_handeye2_msgs/srv/detail/set_algorithm__rosidl_typesupport_fastrtps_cpp.hpp\n'}
[0.298602] (easy_handeye2_msgs) StdoutLine: {'line': b'-- Up-to-date: /dev_ws/install/include/easy_handeye2_msgs/easy_handeye2_msgs/srv/detail/select_target_pose__rosidl_typesupport_fastrtps_cpp.hpp\n'}
[0.298627] (easy_handeye2_msgs) StdoutLine: {'line': b'-- Up-to-date: /dev_ws/install/include/easy_handeye2_msgs/easy_handeye2_msgs/srv/detail/check_starting_pose__rosidl_typesupport_fastrtps_cpp.hpp\n'}
[0.298655] (easy_handeye2_msgs) StdoutLine: {'line': b'-- Up-to-date: /dev_ws/install/include/easy_handeye2_msgs/easy_handeye2_msgs/srv/detail/remove_sample__rosidl_typesupport_fastrtps_cpp.hpp\n'}
[0.298681] (easy_handeye2_msgs) StdoutLine: {'line': b'-- Up-to-date: /dev_ws/install/include/easy_handeye2_msgs/easy_handeye2_msgs/srv/detail/execute_plan__rosidl_typesupport_fastrtps_cpp.hpp\n'}
[0.298706] (easy_handeye2_msgs) StdoutLine: {'line': b'-- Up-to-date: /dev_ws/install/include/easy_handeye2_msgs/easy_handeye2_msgs/srv/detail/compute_calibration__rosidl_typesupport_fastrtps_cpp.hpp\n'}
[0.298732] (easy_handeye2_msgs) StdoutLine: {'line': b'-- Up-to-date: /dev_ws/install/include/easy_handeye2_msgs/easy_handeye2_msgs/srv/detail/list_algorithms__rosidl_typesupport_fastrtps_cpp.hpp\n'}
[0.298758] (easy_handeye2_msgs) StdoutLine: {'line': b'-- Up-to-date: /dev_ws/install/include/easy_handeye2_msgs/easy_handeye2_msgs/srv/detail/dds_fastrtps\n'}
[0.298785] (easy_handeye2_msgs) StdoutLine: {'line': b'-- Up-to-date: /dev_ws/install/include/easy_handeye2_msgs/easy_handeye2_msgs/srv/detail/enumerate_target_poses__rosidl_typesupport_fastrtps_cpp.hpp\n'}
[0.298811] (easy_handeye2_msgs) StdoutLine: {'line': b'-- Up-to-date: /dev_ws/install/include/easy_handeye2_msgs/easy_handeye2_msgs/srv/detail/save_calibration__rosidl_typesupport_fastrtps_cpp.hpp\n'}
[0.298837] (easy_handeye2_msgs) StdoutLine: {'line': b'-- Up-to-date: /dev_ws/install/include/easy_handeye2_msgs/easy_handeye2_msgs/srv/detail/load_samples__rosidl_typesupport_fastrtps_cpp.hpp\n'}
[0.298863] (easy_handeye2_msgs) StdoutLine: {'line': b'-- Up-to-date: /dev_ws/install/include/easy_handeye2_msgs/easy_handeye2_msgs/srv/detail/plan_to_selected_target_pose__rosidl_typesupport_fastrtps_cpp.hpp\n'}
[0.298891] (easy_handeye2_msgs) StdoutLine: {'line': b'-- Up-to-date: /dev_ws/install/include/easy_handeye2_msgs/easy_handeye2_msgs/srv/detail/take_sample__rosidl_typesupport_fastrtps_cpp.hpp\n'}
[0.298917] (easy_handeye2_msgs) StdoutLine: {'line': b'-- Up-to-date: /dev_ws/install/include/easy_handeye2_msgs/easy_handeye2_msgs/srv/detail/save_samples__rosidl_typesupport_fastrtps_cpp.hpp\n'}
[0.298943] (easy_handeye2_msgs) StdoutLine: {'line': b'-- Up-to-date: /dev_ws/install/lib/libeasy_handeye2_msgs__rosidl_typesupport_fastrtps_cpp.so\n'}
[0.298969] (easy_handeye2_msgs) StdoutLine: {'line': b'-- Up-to-date: /dev_ws/install/include/easy_handeye2_msgs/easy_handeye2_msgs\n'}
[0.298997] (easy_handeye2_msgs) StdoutLine: {'line': b'-- Up-to-date: /dev_ws/install/include/easy_handeye2_msgs/easy_handeye2_msgs/msg\n'}
[0.299023] (easy_handeye2_msgs) StdoutLine: {'line': b'-- Up-to-date: /dev_ws/install/include/easy_handeye2_msgs/easy_handeye2_msgs/msg/detail\n'}
[0.299048] (easy_handeye2_msgs) StdoutLine: {'line': b'-- Up-to-date: /dev_ws/install/include/easy_handeye2_msgs/easy_handeye2_msgs/msg/detail/handeye_calibration__type_support.cpp\n'}
[0.299075] (easy_handeye2_msgs) StdoutLine: {'line': b'-- Up-to-date: /dev_ws/install/include/easy_handeye2_msgs/easy_handeye2_msgs/msg/detail/sample__rosidl_typesupport_introspection_cpp.hpp\n'}
[0.299101] (easy_handeye2_msgs) StdoutLine: {'line': b'-- Up-to-date: /dev_ws/install/include/easy_handeye2_msgs/easy_handeye2_msgs/msg/detail/handeye_calibration__rosidl_typesupport_introspection_cpp.hpp\n'}
[0.299128] (easy_handeye2_msgs) StdoutLine: {'line': b'-- Up-to-date: /dev_ws/install/include/easy_handeye2_msgs/easy_handeye2_msgs/msg/detail/target_pose_list__type_support.cpp\n'}
[0.299155] (easy_handeye2_msgs) StdoutLine: {'line': b'-- Up-to-date: /dev_ws/install/include/easy_handeye2_msgs/easy_handeye2_msgs/msg/detail/sample__type_support.cpp\n'}
[0.299181] (easy_handeye2_msgs) StdoutLine: {'line': b'-- Up-to-date: /dev_ws/install/include/easy_handeye2_msgs/easy_handeye2_msgs/msg/detail/target_pose_list__rosidl_typesupport_introspection_cpp.hpp\n'}
[0.299206] (easy_handeye2_msgs) StdoutLine: {'line': b'-- Up-to-date: /dev_ws/install/include/easy_handeye2_msgs/easy_handeye2_msgs/msg/detail/handeye_calibration_parameters__type_support.cpp\n'}
[0.299233] (easy_handeye2_msgs) StdoutLine: {'line': b'-- Up-to-date: /dev_ws/install/include/easy_handeye2_msgs/easy_handeye2_msgs/msg/detail/sample_list__type_support.cpp\n'}
[0.299261] (easy_handeye2_msgs) StdoutLine: {'line': b'-- Up-to-date: /dev_ws/install/include/easy_handeye2_msgs/easy_handeye2_msgs/msg/detail/sample_list__rosidl_typesupport_introspection_cpp.hpp\n'}
[0.299297] (easy_handeye2_msgs) StdoutLine: {'line': b'-- Up-to-date: /dev_ws/install/include/easy_handeye2_msgs/easy_handeye2_msgs/msg/detail/handeye_calibration_parameters__rosidl_typesupport_introspection_cpp.hpp\n'}
[0.299337] (easy_handeye2_msgs) StdoutLine: {'line': b'-- Up-to-date: /dev_ws/install/include/easy_handeye2_msgs/easy_handeye2_msgs/srv\n'}
[0.299373] (easy_handeye2_msgs) StdoutLine: {'line': b'-- Up-to-date: /dev_ws/install/include/easy_handeye2_msgs/easy_handeye2_msgs/srv/detail\n'}
[0.299400] (easy_handeye2_msgs) StdoutLine: {'line': b'-- Up-to-date: /dev_ws/install/include/easy_handeye2_msgs/easy_handeye2_msgs/srv/detail/plan_to_selected_target_pose__rosidl_typesupport_introspection_cpp.hpp\n'}
[0.299427] (easy_handeye2_msgs) StdoutLine: {'line': b'-- Up-to-date: /dev_ws/install/include/easy_handeye2_msgs/easy_handeye2_msgs/srv/detail/save_samples__type_support.cpp\n'}
[0.299452] (easy_handeye2_msgs) StdoutLine: {'line': b'-- Up-to-date: /dev_ws/install/include/easy_handeye2_msgs/easy_handeye2_msgs/srv/detail/set_algorithm__rosidl_typesupport_introspection_cpp.hpp\n'}
[0.299478] (easy_handeye2_msgs) StdoutLine: {'line': b'-- Up-to-date: /dev_ws/install/include/easy_handeye2_msgs/easy_handeye2_msgs/srv/detail/set_algorithm__type_support.cpp\n'}
[0.299505] (easy_handeye2_msgs) StdoutLine: {'line': b'-- Up-to-date: /dev_ws/install/include/easy_handeye2_msgs/easy_handeye2_msgs/srv/detail/compute_calibration__rosidl_typesupport_introspection_cpp.hpp\n'}
[0.299531] (easy_handeye2_msgs) StdoutLine: {'line': b'-- Up-to-date: /dev_ws/install/include/easy_handeye2_msgs/easy_handeye2_msgs/srv/detail/take_sample__rosidl_typesupport_introspection_cpp.hpp\n'}
[0.299557] (easy_handeye2_msgs) StdoutLine: {'line': b'-- Up-to-date: /dev_ws/install/include/easy_handeye2_msgs/easy_handeye2_msgs/srv/detail/save_samples__rosidl_typesupport_introspection_cpp.hpp\n'}
[0.299583] (easy_handeye2_msgs) StdoutLine: {'line': b'-- Up-to-date: /dev_ws/install/include/easy_handeye2_msgs/easy_handeye2_msgs/srv/detail/enumerate_target_poses__type_support.cpp\n'}
[0.299609] (easy_handeye2_msgs) StdoutLine: {'line': b'-- Up-to-date: /dev_ws/install/include/easy_handeye2_msgs/easy_handeye2_msgs/srv/detail/select_target_pose__rosidl_typesupport_introspection_cpp.hpp\n'}
[0.299635] (easy_handeye2_msgs) StdoutLine: {'line': b'-- Up-to-date: /dev_ws/install/include/easy_handeye2_msgs/easy_handeye2_msgs/srv/detail/execute_plan__rosidl_typesupport_introspection_cpp.hpp\n'}
[0.299661] (easy_handeye2_msgs) StdoutLine: {'line': b'-- Up-to-date: /dev_ws/install/include/easy_handeye2_msgs/easy_handeye2_msgs/srv/detail/select_target_pose__type_support.cpp\n'}
[0.299688] (easy_handeye2_msgs) StdoutLine: {'line': b'-- Up-to-date: /dev_ws/install/include/easy_handeye2_msgs/easy_handeye2_msgs/srv/detail/save_calibration__rosidl_typesupport_introspection_cpp.hpp\n'}
[0.299714] (easy_handeye2_msgs) StdoutLine: {'line': b'-- Up-to-date: /dev_ws/install/include/easy_handeye2_msgs/easy_handeye2_msgs/srv/detail/load_samples__rosidl_typesupport_introspection_cpp.hpp\n'}
[0.299740] (easy_handeye2_msgs) StdoutLine: {'line': b'-- Up-to-date: /dev_ws/install/include/easy_handeye2_msgs/easy_handeye2_msgs/srv/detail/enumerate_target_poses__rosidl_typesupport_introspection_cpp.hpp\n'}
[0.299766] (easy_handeye2_msgs) StdoutLine: {'line': b'-- Up-to-date: /dev_ws/install/include/easy_handeye2_msgs/easy_handeye2_msgs/srv/detail/remove_sample__type_support.cpp\n'}
[0.299792] (easy_handeye2_msgs) StdoutLine: {'line': b'-- Up-to-date: /dev_ws/install/include/easy_handeye2_msgs/easy_handeye2_msgs/srv/detail/plan_to_selected_target_pose__type_support.cpp\n'}
[0.299819] (easy_handeye2_msgs) StdoutLine: {'line': b'-- Up-to-date: /dev_ws/install/include/easy_handeye2_msgs/easy_handeye2_msgs/srv/detail/check_starting_pose__rosidl_typesupport_introspection_cpp.hpp\n'}
[0.299850] (easy_handeye2_msgs) StdoutLine: {'line': b'-- Up-to-date: /dev_ws/install/include/easy_handeye2_msgs/easy_handeye2_msgs/srv/detail/list_algorithms__type_support.cpp\n'}
[0.299877] (easy_handeye2_msgs) StdoutLine: {'line': b'-- Up-to-date: /dev_ws/install/include/easy_handeye2_msgs/easy_handeye2_msgs/srv/detail/list_algorithms__rosidl_typesupport_introspection_cpp.hpp\n'}
[0.299903] (easy_handeye2_msgs) StdoutLine: {'line': b'-- Up-to-date: /dev_ws/install/include/easy_handeye2_msgs/easy_handeye2_msgs/srv/detail/execute_plan__type_support.cpp\n'}
[0.299929] (easy_handeye2_msgs) StdoutLine: {'line': b'-- Up-to-date: /dev_ws/install/include/easy_handeye2_msgs/easy_handeye2_msgs/srv/detail/take_sample__type_support.cpp\n'}
[0.299955] (-) TimerEvent: {}
[0.300016] (easy_handeye2_msgs) StdoutLine: {'line': b'-- Up-to-date: /dev_ws/install/include/easy_handeye2_msgs/easy_handeye2_msgs/srv/detail/check_starting_pose__type_support.cpp\n'}
[0.300052] (easy_handeye2_msgs) StdoutLine: {'line': b'-- Up-to-date: /dev_ws/install/include/easy_handeye2_msgs/easy_handeye2_msgs/srv/detail/load_samples__type_support.cpp\n'}
[0.300082] (easy_handeye2_msgs) StdoutLine: {'line': b'-- Up-to-date: /dev_ws/install/include/easy_handeye2_msgs/easy_handeye2_msgs/srv/detail/remove_sample__rosidl_typesupport_introspection_cpp.hpp\n'}
[0.300110] (easy_handeye2_msgs) StdoutLine: {'line': b'-- Up-to-date: /dev_ws/install/include/easy_handeye2_msgs/easy_handeye2_msgs/srv/detail/save_calibration__type_support.cpp\n'}
[0.300138] (easy_handeye2_msgs) StdoutLine: {'line': b'-- Up-to-date: /dev_ws/install/include/easy_handeye2_msgs/easy_handeye2_msgs/srv/detail/compute_calibration__type_support.cpp\n'}
[0.300165] (easy_handeye2_msgs) StdoutLine: {'line': b'-- Up-to-date: /dev_ws/install/lib/libeasy_handeye2_msgs__rosidl_typesupport_introspection_cpp.so\n'}
[0.300192] (easy_handeye2_msgs) StdoutLine: {'line': b'-- Up-to-date: /dev_ws/install/lib/libeasy_handeye2_msgs__rosidl_typesupport_cpp.so\n'}
[0.300219] (easy_handeye2_msgs) StdoutLine: {'line': b'-- Up-to-date: /dev_ws/install/share/easy_handeye2_msgs/environment/pythonpath.sh\n'}
[0.300246] (easy_handeye2_msgs) StdoutLine: {'line': b'-- Up-to-date: /dev_ws/install/share/easy_handeye2_msgs/environment/pythonpath.dsv\n'}
[0.300272] (easy_handeye2_msgs) StdoutLine: {'line': b'-- Up-to-date: /dev_ws/install/local/lib/python3.10/dist-packages/easy_handeye2_msgs-0.5.0-py3.10.egg-info\n'}
[0.300307] (easy_handeye2_msgs) StdoutLine: {'line': b'-- Installing: /dev_ws/install/local/lib/python3.10/dist-packages/easy_handeye2_msgs-0.5.0-py3.10.egg-info/SOURCES.txt\n'}
[0.300334] (easy_handeye2_msgs) StdoutLine: {'line': b'-- Installing: /dev_ws/install/local/lib/python3.10/dist-packages/easy_handeye2_msgs-0.5.0-py3.10.egg-info/dependency_links.txt\n'}
[0.300360] (easy_handeye2_msgs) StdoutLine: {'line': b'-- Installing: /dev_ws/install/local/lib/python3.10/dist-packages/easy_handeye2_msgs-0.5.0-py3.10.egg-info/top_level.txt\n'}
[0.300386] (easy_handeye2_msgs) StdoutLine: {'line': b'-- Installing: /dev_ws/install/local/lib/python3.10/dist-packages/easy_handeye2_msgs-0.5.0-py3.10.egg-info/PKG-INFO\n'}
[0.300412] (easy_handeye2_msgs) StdoutLine: {'line': b'-- Up-to-date: /dev_ws/install/local/lib/python3.10/dist-packages/easy_handeye2_msgs\n'}
[0.300439] (easy_handeye2_msgs) StdoutLine: {'line': b'-- Up-to-date: /dev_ws/install/local/lib/python3.10/dist-packages/easy_handeye2_msgs/_easy_handeye2_msgs_s.ep.rosidl_typesupport_c.c\n'}
[0.300464] (easy_handeye2_msgs) StdoutLine: {'line': b'-- Up-to-date: /dev_ws/install/local/lib/python3.10/dist-packages/easy_handeye2_msgs/msg\n'}
[0.300491] (easy_handeye2_msgs) StdoutLine: {'line': b'-- Up-to-date: /dev_ws/install/local/lib/python3.10/dist-packages/easy_handeye2_msgs/msg/_handeye_calibration_parameters.py\n'}
[0.300517] (easy_handeye2_msgs) StdoutLine: {'line': b'-- Up-to-date: /dev_ws/install/local/lib/python3.10/dist-packages/easy_handeye2_msgs/msg/_handeye_calibration_s.c\n'}
[0.300544] (easy_handeye2_msgs) StdoutLine: {'line': b'-- Up-to-date: /dev_ws/install/local/lib/python3.10/dist-packages/easy_handeye2_msgs/msg/_target_pose_list.py\n'}
[0.300569] (easy_handeye2_msgs) StdoutLine: {'line': b'-- Up-to-date: /dev_ws/install/local/lib/python3.10/dist-packages/easy_handeye2_msgs/msg/_handeye_calibration.py\n'}
[0.300595] (easy_handeye2_msgs) StdoutLine: {'line': b'-- Up-to-date: /dev_ws/install/local/lib/python3.10/dist-packages/easy_handeye2_msgs/msg/_sample_list_s.c\n'}
[0.300620] (easy_handeye2_msgs) StdoutLine: {'line': b'-- Up-to-date: /dev_ws/install/local/lib/python3.10/dist-packages/easy_handeye2_msgs/msg/_sample.py\n'}
[0.300647] (easy_handeye2_msgs) StdoutLine: {'line': b'-- Up-to-date: /dev_ws/install/local/lib/python3.10/dist-packages/easy_handeye2_msgs/msg/_sample_list.py\n'}
[0.300673] (easy_handeye2_msgs) StdoutLine: {'line': b'-- Up-to-date: /dev_ws/install/local/lib/python3.10/dist-packages/easy_handeye2_msgs/msg/_handeye_calibration_parameters_s.c\n'}
[0.300698] (easy_handeye2_msgs) StdoutLine: {'line': b'-- Up-to-date: /dev_ws/install/local/lib/python3.10/dist-packages/easy_handeye2_msgs/msg/_sample_s.c\n'}
[0.300724] (easy_handeye2_msgs) StdoutLine: {'line': b'-- Up-to-date: /dev_ws/install/local/lib/python3.10/dist-packages/easy_handeye2_msgs/msg/__init__.py\n'}
[0.300749] (easy_handeye2_msgs) StdoutLine: {'line': b'-- Up-to-date: /dev_ws/install/local/lib/python3.10/dist-packages/easy_handeye2_msgs/msg/_target_pose_list_s.c\n'}
[0.300776] (easy_handeye2_msgs) StdoutLine: {'line': b'-- Up-to-date: /dev_ws/install/local/lib/python3.10/dist-packages/easy_handeye2_msgs/libeasy_handeye2_msgs__rosidl_generator_py.so\n'}
[0.300802] (easy_handeye2_msgs) StdoutLine: {'line': b'-- Up-to-date: /dev_ws/install/local/lib/python3.10/dist-packages/easy_handeye2_msgs/easy_handeye2_msgs_s__rosidl_typesupport_introspection_c.cpython-310-x86_64-linux-gnu.so\n'}
[0.300828] (easy_handeye2_msgs) StdoutLine: {'line': b'-- Up-to-date: /dev_ws/install/local/lib/python3.10/dist-packages/easy_handeye2_msgs/_easy_handeye2_msgs_s.ep.rosidl_typesupport_introspection_c.c\n'}
[0.300855] (easy_handeye2_msgs) StdoutLine: {'line': b'-- Up-to-date: /dev_ws/install/local/lib/python3.10/dist-packages/easy_handeye2_msgs/srv\n'}
[0.300884] (easy_handeye2_msgs) StdoutLine: {'line': b'-- Up-to-date: /dev_ws/install/local/lib/python3.10/dist-packages/easy_handeye2_msgs/srv/_enumerate_target_poses_s.c\n'}
[0.300910] (easy_handeye2_msgs) StdoutLine: {'line': b'-- Up-to-date: /dev_ws/install/local/lib/python3.10/dist-packages/easy_handeye2_msgs/srv/_compute_calibration_s.c\n'}
[0.300938] (easy_handeye2_msgs) StdoutLine: {'line': b'-- Up-to-date: /dev_ws/install/local/lib/python3.10/dist-packages/easy_handeye2_msgs/srv/_set_algorithm_s.c\n'}
[0.300965] (easy_handeye2_msgs) StdoutLine: {'line': b'-- Up-to-date: /dev_ws/install/local/lib/python3.10/dist-packages/easy_handeye2_msgs/srv/_list_algorithms_s.c\n'}
[0.300991] (easy_handeye2_msgs) StdoutLine: {'line': b'-- Up-to-date: /dev_ws/install/local/lib/python3.10/dist-packages/easy_handeye2_msgs/srv/_remove_sample.py\n'}
[0.301017] (easy_handeye2_msgs) StdoutLine: {'line': b'-- Up-to-date: /dev_ws/install/local/lib/python3.10/dist-packages/easy_handeye2_msgs/srv/_save_calibration.py\n'}
[0.301043] (easy_handeye2_msgs) StdoutLine: {'line': b'-- Up-to-date: /dev_ws/install/local/lib/python3.10/dist-packages/easy_handeye2_msgs/srv/_save_samples.py\n'}
[0.301071] (easy_handeye2_msgs) StdoutLine: {'line': b'-- Up-to-date: /dev_ws/install/local/lib/python3.10/dist-packages/easy_handeye2_msgs/srv/_take_sample_s.c\n'}
[0.301097] (easy_handeye2_msgs) StdoutLine: {'line': b'-- Up-to-date: /dev_ws/install/local/lib/python3.10/dist-packages/easy_handeye2_msgs/srv/_execute_plan.py\n'}
[0.301123] (easy_handeye2_msgs) StdoutLine: {'line': b'-- Up-to-date: /dev_ws/install/local/lib/python3.10/dist-packages/easy_handeye2_msgs/srv/_take_sample.py\n'}
[0.301150] (easy_handeye2_msgs) StdoutLine: {'line': b'-- Up-to-date: /dev_ws/install/local/lib/python3.10/dist-packages/easy_handeye2_msgs/srv/_set_algorithm.py\n'}
[0.301179] (easy_handeye2_msgs) StdoutLine: {'line': b'-- Up-to-date: /dev_ws/install/local/lib/python3.10/dist-packages/easy_handeye2_msgs/srv/_load_samples_s.c\n'}
[0.301209] (easy_handeye2_msgs) StdoutLine: {'line': b'-- Up-to-date: /dev_ws/install/local/lib/python3.10/dist-packages/easy_handeye2_msgs/srv/_load_samples.py\n'}
[0.301236] (easy_handeye2_msgs) StdoutLine: {'line': b'-- Up-to-date: /dev_ws/install/local/lib/python3.10/dist-packages/easy_handeye2_msgs/srv/_enumerate_target_poses.py\n'}
[0.301265] (easy_handeye2_msgs) StdoutLine: {'line': b'-- Up-to-date: /dev_ws/install/local/lib/python3.10/dist-packages/easy_handeye2_msgs/srv/_compute_calibration.py\n'}
[0.301301] (easy_handeye2_msgs) StdoutLine: {'line': b'-- Up-to-date: /dev_ws/install/local/lib/python3.10/dist-packages/easy_handeye2_msgs/srv/_execute_plan_s.c\n'}
[0.301327] (easy_handeye2_msgs) StdoutLine: {'line': b'-- Up-to-date: /dev_ws/install/local/lib/python3.10/dist-packages/easy_handeye2_msgs/srv/_save_calibration_s.c\n'}
[0.301354] (easy_handeye2_msgs) StdoutLine: {'line': b'-- Up-to-date: /dev_ws/install/local/lib/python3.10/dist-packages/easy_handeye2_msgs/srv/_plan_to_selected_target_pose.py\n'}
[0.301379] (easy_handeye2_msgs) StdoutLine: {'line': b'-- Up-to-date: /dev_ws/install/local/lib/python3.10/dist-packages/easy_handeye2_msgs/srv/_check_starting_pose.py\n'}
[0.301404] (easy_handeye2_msgs) StdoutLine: {'line': b'-- Up-to-date: /dev_ws/install/local/lib/python3.10/dist-packages/easy_handeye2_msgs/srv/_select_target_pose.py\n'}
[0.301429] (easy_handeye2_msgs) StdoutLine: {'line': b'-- Up-to-date: /dev_ws/install/local/lib/python3.10/dist-packages/easy_handeye2_msgs/srv/_remove_sample_s.c\n'}
[0.301455] (easy_handeye2_msgs) StdoutLine: {'line': b'-- Up-to-date: /dev_ws/install/local/lib/python3.10/dist-packages/easy_handeye2_msgs/srv/_plan_to_selected_target_pose_s.c\n'}
[0.301481] (easy_handeye2_msgs) StdoutLine: {'line': b'-- Up-to-date: /dev_ws/install/local/lib/python3.10/dist-packages/easy_handeye2_msgs/srv/_list_algorithms.py\n'}
[0.301508] (easy_handeye2_msgs) StdoutLine: {'line': b'-- Up-to-date: /dev_ws/install/local/lib/python3.10/dist-packages/easy_handeye2_msgs/srv/_check_starting_pose_s.c\n'}
[0.301534] (easy_handeye2_msgs) StdoutLine: {'line': b'-- Up-to-date: /dev_ws/install/local/lib/python3.10/dist-packages/easy_handeye2_msgs/srv/_select_target_pose_s.c\n'}
[0.301560] (easy_handeye2_msgs) StdoutLine: {'line': b'-- Up-to-date: /dev_ws/install/local/lib/python3.10/dist-packages/easy_handeye2_msgs/srv/_save_samples_s.c\n'}
[0.301585] (easy_handeye2_msgs) StdoutLine: {'line': b'-- Up-to-date: /dev_ws/install/local/lib/python3.10/dist-packages/easy_handeye2_msgs/srv/__init__.py\n'}
[0.301611] (easy_handeye2_msgs) StdoutLine: {'line': b'-- Up-to-date: /dev_ws/install/local/lib/python3.10/dist-packages/easy_handeye2_msgs/easy_handeye2_msgs_s__rosidl_typesupport_fastrtps_c.cpython-310-x86_64-linux-gnu.so\n'}
[0.301637] (easy_handeye2_msgs) StdoutLine: {'line': b'-- Up-to-date: /dev_ws/install/local/lib/python3.10/dist-packages/easy_handeye2_msgs/__init__.py\n'}
[0.301664] (easy_handeye2_msgs) StdoutLine: {'line': b'-- Up-to-date: /dev_ws/install/local/lib/python3.10/dist-packages/easy_handeye2_msgs/easy_handeye2_msgs_s__rosidl_typesupport_c.cpython-310-x86_64-linux-gnu.so\n'}
[0.301690] (easy_handeye2_msgs) StdoutLine: {'line': b'-- Up-to-date: /dev_ws/install/local/lib/python3.10/dist-packages/easy_handeye2_msgs/_easy_handeye2_msgs_s.ep.rosidl_typesupport_fastrtps_c.c\n'}
[0.319884] (easy_handeye2_msgs) StdoutLine: {'line': b"Listing '/dev_ws/install/local/lib/python3.10/dist-packages/easy_handeye2_msgs'...\n"}
[0.319935] (easy_handeye2_msgs) StdoutLine: {'line': b"Listing '/dev_ws/install/local/lib/python3.10/dist-packages/easy_handeye2_msgs/msg'...\n"}
[0.319965] (easy_handeye2_msgs) StdoutLine: {'line': b"Listing '/dev_ws/install/local/lib/python3.10/dist-packages/easy_handeye2_msgs/srv'...\n"}
[0.322552] (easy_handeye2_msgs) StdoutLine: {'line': b'-- Up-to-date: /dev_ws/install/local/lib/python3.10/dist-packages/easy_handeye2_msgs/easy_handeye2_msgs_s__rosidl_typesupport_fastrtps_c.cpython-310-x86_64-linux-gnu.so\n'}
[0.322779] (easy_handeye2_msgs) StdoutLine: {'line': b'-- Up-to-date: /dev_ws/install/local/lib/python3.10/dist-packages/easy_handeye2_msgs/easy_handeye2_msgs_s__rosidl_typesupport_introspection_c.cpython-310-x86_64-linux-gnu.so\n'}
[0.323001] (easy_handeye2_msgs) StdoutLine: {'line': b'-- Up-to-date: /dev_ws/install/local/lib/python3.10/dist-packages/easy_handeye2_msgs/easy_handeye2_msgs_s__rosidl_typesupport_c.cpython-310-x86_64-linux-gnu.so\n'}
[0.323200] (easy_handeye2_msgs) StdoutLine: {'line': b'-- Up-to-date: /dev_ws/install/lib/libeasy_handeye2_msgs__rosidl_generator_py.so\n'}
[0.323467] (easy_handeye2_msgs) StdoutLine: {'line': b'-- Up-to-date: /dev_ws/install/share/easy_handeye2_msgs/msg/HandeyeCalibration.idl\n'}
[0.323548] (easy_handeye2_msgs) StdoutLine: {'line': b'-- Up-to-date: /dev_ws/install/share/easy_handeye2_msgs/msg/HandeyeCalibrationParameters.idl\n'}
[0.323606] (easy_handeye2_msgs) StdoutLine: {'line': b'-- Up-to-date: /dev_ws/install/share/easy_handeye2_msgs/msg/Sample.idl\n'}
[0.323661] (easy_handeye2_msgs) StdoutLine: {'line': b'-- Up-to-date: /dev_ws/install/share/easy_handeye2_msgs/msg/SampleList.idl\n'}
[0.323715] (easy_handeye2_msgs) StdoutLine: {'line': b'-- Up-to-date: /dev_ws/install/share/easy_handeye2_msgs/msg/TargetPoseList.idl\n'}
[0.323789] (easy_handeye2_msgs) StdoutLine: {'line': b'-- Up-to-date: /dev_ws/install/share/easy_handeye2_msgs/srv/ListAlgorithms.idl\n'}
[0.323843] (easy_handeye2_msgs) StdoutLine: {'line': b'-- Up-to-date: /dev_ws/install/share/easy_handeye2_msgs/srv/SetAlgorithm.idl\n'}
[0.323896] (easy_handeye2_msgs) StdoutLine: {'line': b'-- Up-to-date: /dev_ws/install/share/easy_handeye2_msgs/srv/ComputeCalibration.idl\n'}
[0.323949] (easy_handeye2_msgs) StdoutLine: {'line': b'-- Up-to-date: /dev_ws/install/share/easy_handeye2_msgs/srv/SaveCalibration.idl\n'}
[0.324022] (easy_handeye2_msgs) StdoutLine: {'line': b'-- Up-to-date: /dev_ws/install/share/easy_handeye2_msgs/srv/RemoveSample.idl\n'}
[0.324089] (easy_handeye2_msgs) StdoutLine: {'line': b'-- Up-to-date: /dev_ws/install/share/easy_handeye2_msgs/srv/TakeSample.idl\n'}
[0.324144] (easy_handeye2_msgs) StdoutLine: {'line': b'-- Up-to-date: /dev_ws/install/share/easy_handeye2_msgs/srv/SaveSamples.idl\n'}
[0.324197] (easy_handeye2_msgs) StdoutLine: {'line': b'-- Up-to-date: /dev_ws/install/share/easy_handeye2_msgs/srv/LoadSamples.idl\n'}
[0.324250] (easy_handeye2_msgs) StdoutLine: {'line': b'-- Up-to-date: /dev_ws/install/share/easy_handeye2_msgs/srv/CheckStartingPose.idl\n'}
[0.324327] (easy_handeye2_msgs) StdoutLine: {'line': b'-- Up-to-date: /dev_ws/install/share/easy_handeye2_msgs/srv/EnumerateTargetPoses.idl\n'}
[0.324392] (easy_handeye2_msgs) StdoutLine: {'line': b'-- Up-to-date: /dev_ws/install/share/easy_handeye2_msgs/srv/SelectTargetPose.idl\n'}
[0.324445] (easy_handeye2_msgs) StdoutLine: {'line': b'-- Up-to-date: /dev_ws/install/share/easy_handeye2_msgs/srv/PlanToSelectedTargetPose.idl\n'}
[0.324498] (easy_handeye2_msgs) StdoutLine: {'line': b'-- Up-to-date: /dev_ws/install/share/easy_handeye2_msgs/srv/ExecutePlan.idl\n'}
[0.324549] (easy_handeye2_msgs) StdoutLine: {'line': b'-- Up-to-date: /dev_ws/install/share/easy_handeye2_msgs/msg/HandeyeCalibration.msg\n'}
[0.324618] (easy_handeye2_msgs) StdoutLine: {'line': b'-- Up-to-date: /dev_ws/install/share/easy_handeye2_msgs/msg/HandeyeCalibrationParameters.msg\n'}
[0.324671] (easy_handeye2_msgs) StdoutLine: {'line': b'-- Up-to-date: /dev_ws/install/share/easy_handeye2_msgs/msg/Sample.msg\n'}
[0.324723] (easy_handeye2_msgs) StdoutLine: {'line': b'-- Up-to-date: /dev_ws/install/share/easy_handeye2_msgs/msg/SampleList.msg\n'}
[0.324776] (easy_handeye2_msgs) StdoutLine: {'line': b'-- Up-to-date: /dev_ws/install/share/easy_handeye2_msgs/msg/TargetPoseList.msg\n'}
[0.324828] (easy_handeye2_msgs) StdoutLine: {'line': b'-- Up-to-date: /dev_ws/install/share/easy_handeye2_msgs/calibration/ListAlgorithms.srv\n'}
[0.324905] (easy_handeye2_msgs) StdoutLine: {'line': b'-- Up-to-date: /dev_ws/install/share/easy_handeye2_msgs/calibration/ListAlgorithms_Request.msg\n'}
[0.324959] (easy_handeye2_msgs) StdoutLine: {'line': b'-- Up-to-date: /dev_ws/install/share/easy_handeye2_msgs/calibration/ListAlgorithms_Response.msg\n'}
[0.325012] (easy_handeye2_msgs) StdoutLine: {'line': b'-- Up-to-date: /dev_ws/install/share/easy_handeye2_msgs/calibration/SetAlgorithm.srv\n'}
[0.325066] (easy_handeye2_msgs) StdoutLine: {'line': b'-- Up-to-date: /dev_ws/install/share/easy_handeye2_msgs/calibration/SetAlgorithm_Request.msg\n'}
[0.325119] (easy_handeye2_msgs) StdoutLine: {'line': b'-- Up-to-date: /dev_ws/install/share/easy_handeye2_msgs/calibration/SetAlgorithm_Response.msg\n'}
[0.325172] (easy_handeye2_msgs) StdoutLine: {'line': b'-- Up-to-date: /dev_ws/install/share/easy_handeye2_msgs/calibration/ComputeCalibration.srv\n'}
[0.325225] (easy_handeye2_msgs) StdoutLine: {'line': b'-- Up-to-date: /dev_ws/install/share/easy_handeye2_msgs/calibration/ComputeCalibration_Request.msg\n'}
[0.325282] (easy_handeye2_msgs) StdoutLine: {'line': b'-- Up-to-date: /dev_ws/install/share/easy_handeye2_msgs/calibration/ComputeCalibration_Response.msg\n'}
[0.325365] (easy_handeye2_msgs) StdoutLine: {'line': b'-- Up-to-date: /dev_ws/install/share/easy_handeye2_msgs/calibration/SaveCalibration.srv\n'}
[0.325418] (easy_handeye2_msgs) StdoutLine: {'line': b'-- Up-to-date: /dev_ws/install/share/easy_handeye2_msgs/calibration/SaveCalibration_Request.msg\n'}
[0.325470] (easy_handeye2_msgs) StdoutLine: {'line': b'-- Up-to-date: /dev_ws/install/share/easy_handeye2_msgs/calibration/SaveCalibration_Response.msg\n'}
[0.325522] (easy_handeye2_msgs) StdoutLine: {'line': b'-- Up-to-date: /dev_ws/install/share/easy_handeye2_msgs/calibration/RemoveSample.srv\n'}
[0.325574] (easy_handeye2_msgs) StdoutLine: {'line': b'-- Up-to-date: /dev_ws/install/share/easy_handeye2_msgs/calibration/RemoveSample_Request.msg\n'}
[0.325646] (easy_handeye2_msgs) StdoutLine: {'line': b'-- Up-to-date: /dev_ws/install/share/easy_handeye2_msgs/calibration/RemoveSample_Response.msg\n'}
[0.325716] (easy_handeye2_msgs) StdoutLine: {'line': b'-- Up-to-date: /dev_ws/install/share/easy_handeye2_msgs/calibration/TakeSample.srv\n'}
[0.325770] (easy_handeye2_msgs) StdoutLine: {'line': b'-- Up-to-date: /dev_ws/install/share/easy_handeye2_msgs/calibration/TakeSample_Request.msg\n'}
[0.325823] (easy_handeye2_msgs) StdoutLine: {'line': b'-- Up-to-date: /dev_ws/install/share/easy_handeye2_msgs/calibration/TakeSample_Response.msg\n'}
[0.325878] (easy_handeye2_msgs) StdoutLine: {'line': b'-- Up-to-date: /dev_ws/install/share/easy_handeye2_msgs/calibration/SaveSamples.srv\n'}
[0.325931] (easy_handeye2_msgs) StdoutLine: {'line': b'-- Up-to-date: /dev_ws/install/share/easy_handeye2_msgs/calibration/SaveSamples_Request.msg\n'}
[0.325983] (easy_handeye2_msgs) StdoutLine: {'line': b'-- Up-to-date: /dev_ws/install/share/easy_handeye2_msgs/calibration/SaveSamples_Response.msg\n'}
[0.326057] (easy_handeye2_msgs) StdoutLine: {'line': b'-- Up-to-date: /dev_ws/install/share/easy_handeye2_msgs/calibration/LoadSamples.srv\n'}
[0.326120] (easy_handeye2_msgs) StdoutLine: {'line': b'-- Up-to-date: /dev_ws/install/share/easy_handeye2_msgs/calibration/LoadSamples_Request.msg\n'}
[0.326173] (easy_handeye2_msgs) StdoutLine: {'line': b'-- Up-to-date: /dev_ws/install/share/easy_handeye2_msgs/calibration/LoadSamples_Response.msg\n'}
[0.326223] (easy_handeye2_msgs) StdoutLine: {'line': b'-- Up-to-date: /dev_ws/install/share/easy_handeye2_msgs/robot_movements/CheckStartingPose.srv\n'}
[0.326296] (easy_handeye2_msgs) StdoutLine: {'line': b'-- Up-to-date: /dev_ws/install/share/easy_handeye2_msgs/robot_movements/CheckStartingPose_Request.msg\n'}
[0.326365] (easy_handeye2_msgs) StdoutLine: {'line': b'-- Up-to-date: /dev_ws/install/share/easy_handeye2_msgs/robot_movements/CheckStartingPose_Response.msg\n'}
[0.326418] (easy_handeye2_msgs) StdoutLine: {'line': b'-- Up-to-date: /dev_ws/install/share/easy_handeye2_msgs/robot_movements/EnumerateTargetPoses.srv\n'}
[0.326484] (easy_handeye2_msgs) StdoutLine: {'line': b'-- Up-to-date: /dev_ws/install/share/easy_handeye2_msgs/robot_movements/EnumerateTargetPoses_Request.msg\n'}
[0.326537] (easy_handeye2_msgs) StdoutLine: {'line': b'-- Up-to-date: /dev_ws/install/share/easy_handeye2_msgs/robot_movements/EnumerateTargetPoses_Response.msg\n'}
[0.326601] (easy_handeye2_msgs) StdoutLine: {'line': b'-- Up-to-date: /dev_ws/install/share/easy_handeye2_msgs/robot_movements/SelectTargetPose.srv\n'}
[0.326653] (easy_handeye2_msgs) StdoutLine: {'line': b'-- Up-to-date: /dev_ws/install/share/easy_handeye2_msgs/robot_movements/SelectTargetPose_Request.msg\n'}
[0.326706] (easy_handeye2_msgs) StdoutLine: {'line': b'-- Up-to-date: /dev_ws/install/share/easy_handeye2_msgs/robot_movements/SelectTargetPose_Response.msg\n'}
[0.326760] (easy_handeye2_msgs) StdoutLine: {'line': b'-- Up-to-date: /dev_ws/install/share/easy_handeye2_msgs/robot_movements/PlanToSelectedTargetPose.srv\n'}
[0.326812] (easy_handeye2_msgs) StdoutLine: {'line': b'-- Up-to-date: /dev_ws/install/share/easy_handeye2_msgs/robot_movements/PlanToSelectedTargetPose_Request.msg\n'}
[0.326867] (easy_handeye2_msgs) StdoutLine: {'line': b'-- Up-to-date: /dev_ws/install/share/easy_handeye2_msgs/robot_movements/PlanToSelectedTargetPose_Response.msg\n'}
[0.326925] (easy_handeye2_msgs) StdoutLine: {'line': b'-- Up-to-date: /dev_ws/install/share/easy_handeye2_msgs/robot_movements/ExecutePlan.srv\n'}
[0.327009] (easy_handeye2_msgs) StdoutLine: {'line': b'-- Up-to-date: /dev_ws/install/share/easy_handeye2_msgs/robot_movements/ExecutePlan_Request.msg\n'}
[0.327054] (easy_handeye2_msgs) StdoutLine: {'line': b'-- Up-to-date: /dev_ws/install/share/easy_handeye2_msgs/robot_movements/ExecutePlan_Response.msg\n'}
[0.327150] (easy_handeye2_msgs) StdoutLine: {'line': b'-- Up-to-date: /dev_ws/install/share/ament_index/resource_index/package_run_dependencies/easy_handeye2_msgs\n'}
[0.327201] (easy_handeye2_msgs) StdoutLine: {'line': b'-- Up-to-date: /dev_ws/install/share/ament_index/resource_index/parent_prefix_path/easy_handeye2_msgs\n'}
[0.327251] (easy_handeye2_msgs) StdoutLine: {'line': b'-- Up-to-date: /dev_ws/install/share/easy_handeye2_msgs/environment/ament_prefix_path.sh\n'}
[0.327308] (easy_handeye2_msgs) StdoutLine: {'line': b'-- Up-to-date: /dev_ws/install/share/easy_handeye2_msgs/environment/ament_prefix_path.dsv\n'}
[0.327363] (easy_handeye2_msgs) StdoutLine: {'line': b'-- Up-to-date: /dev_ws/install/share/easy_handeye2_msgs/environment/path.sh\n'}
[0.327413] (easy_handeye2_msgs) StdoutLine: {'line': b'-- Up-to-date: /dev_ws/install/share/easy_handeye2_msgs/environment/path.dsv\n'}
[0.327463] (easy_handeye2_msgs) StdoutLine: {'line': b'-- Up-to-date: /dev_ws/install/share/easy_handeye2_msgs/local_setup.bash\n'}
[0.327516] (easy_handeye2_msgs) StdoutLine: {'line': b'-- Up-to-date: /dev_ws/install/share/easy_handeye2_msgs/local_setup.sh\n'}
[0.327566] (easy_handeye2_msgs) StdoutLine: {'line': b'-- Up-to-date: /dev_ws/install/share/easy_handeye2_msgs/local_setup.zsh\n'}
[0.327612] (easy_handeye2_msgs) StdoutLine: {'line': b'-- Up-to-date: /dev_ws/install/share/easy_handeye2_msgs/local_setup.dsv\n'}
[0.327775] (easy_handeye2_msgs) StdoutLine: {'line': b'-- Installing: /dev_ws/install/share/easy_handeye2_msgs/package.dsv\n'}
[0.327914] (easy_handeye2_msgs) StdoutLine: {'line': b'-- Up-to-date: /dev_ws/install/share/ament_index/resource_index/packages/easy_handeye2_msgs\n'}
[0.327966] (easy_handeye2_msgs) StdoutLine: {'line': b'-- Up-to-date: /dev_ws/install/share/easy_handeye2_msgs/cmake/export_easy_handeye2_msgs__rosidl_generator_cExport.cmake\n'}
[0.327997] (easy_handeye2_msgs) StdoutLine: {'line': b'-- Up-to-date: /dev_ws/install/share/easy_handeye2_msgs/cmake/export_easy_handeye2_msgs__rosidl_generator_cExport-noconfig.cmake\n'}
[0.328044] (easy_handeye2_msgs) StdoutLine: {'line': b'-- Up-to-date: /dev_ws/install/share/easy_handeye2_msgs/cmake/export_easy_handeye2_msgs__rosidl_typesupport_fastrtps_cExport.cmake\n'}
[0.328092] (easy_handeye2_msgs) StdoutLine: {'line': b'-- Up-to-date: /dev_ws/install/share/easy_handeye2_msgs/cmake/export_easy_handeye2_msgs__rosidl_typesupport_fastrtps_cExport-noconfig.cmake\n'}
[0.328145] (easy_handeye2_msgs) StdoutLine: {'line': b'-- Up-to-date: /dev_ws/install/share/easy_handeye2_msgs/cmake/easy_handeye2_msgs__rosidl_typesupport_introspection_cExport.cmake\n'}
[0.328175] (easy_handeye2_msgs) StdoutLine: {'line': b'-- Up-to-date: /dev_ws/install/share/easy_handeye2_msgs/cmake/easy_handeye2_msgs__rosidl_typesupport_introspection_cExport-noconfig.cmake\n'}
[0.328203] (easy_handeye2_msgs) StdoutLine: {'line': b'-- Up-to-date: /dev_ws/install/share/easy_handeye2_msgs/cmake/easy_handeye2_msgs__rosidl_typesupport_cExport.cmake\n'}
[0.328232] (easy_handeye2_msgs) StdoutLine: {'line': b'-- Up-to-date: /dev_ws/install/share/easy_handeye2_msgs/cmake/easy_handeye2_msgs__rosidl_typesupport_cExport-noconfig.cmake\n'}
[0.328262] (easy_handeye2_msgs) StdoutLine: {'line': b'-- Up-to-date: /dev_ws/install/share/easy_handeye2_msgs/cmake/export_easy_handeye2_msgs__rosidl_generator_cppExport.cmake\n'}
[0.328305] (easy_handeye2_msgs) StdoutLine: {'line': b'-- Up-to-date: /dev_ws/install/share/easy_handeye2_msgs/cmake/export_easy_handeye2_msgs__rosidl_typesupport_fastrtps_cppExport.cmake\n'}
[0.328336] (easy_handeye2_msgs) StdoutLine: {'line': b'-- Up-to-date: /dev_ws/install/share/easy_handeye2_msgs/cmake/export_easy_handeye2_msgs__rosidl_typesupport_fastrtps_cppExport-noconfig.cmake\n'}
[0.328369] (easy_handeye2_msgs) StdoutLine: {'line': b'-- Up-to-date: /dev_ws/install/share/easy_handeye2_msgs/cmake/easy_handeye2_msgs__rosidl_typesupport_introspection_cppExport.cmake\n'}
[0.328399] (easy_handeye2_msgs) StdoutLine: {'line': b'-- Up-to-date: /dev_ws/install/share/easy_handeye2_msgs/cmake/easy_handeye2_msgs__rosidl_typesupport_introspection_cppExport-noconfig.cmake\n'}
[0.328451] (easy_handeye2_msgs) StdoutLine: {'line': b'-- Up-to-date: /dev_ws/install/share/easy_handeye2_msgs/cmake/easy_handeye2_msgs__rosidl_typesupport_cppExport.cmake\n'}
[0.328514] (easy_handeye2_msgs) StdoutLine: {'line': b'-- Up-to-date: /dev_ws/install/share/easy_handeye2_msgs/cmake/easy_handeye2_msgs__rosidl_typesupport_cppExport-noconfig.cmake\n'}
[0.328545] (easy_handeye2_msgs) StdoutLine: {'line': b'-- Up-to-date: /dev_ws/install/share/easy_handeye2_msgs/cmake/export_easy_handeye2_msgs__rosidl_generator_pyExport.cmake\n'}
[0.328575] (easy_handeye2_msgs) StdoutLine: {'line': b'-- Up-to-date: /dev_ws/install/share/easy_handeye2_msgs/cmake/export_easy_handeye2_msgs__rosidl_generator_pyExport-noconfig.cmake\n'}
[0.328605] (easy_handeye2_msgs) StdoutLine: {'line': b'-- Up-to-date: /dev_ws/install/share/easy_handeye2_msgs/cmake/rosidl_cmake-extras.cmake\n'}
[0.328634] (easy_handeye2_msgs) StdoutLine: {'line': b'-- Up-to-date: /dev_ws/install/share/easy_handeye2_msgs/cmake/ament_cmake_export_dependencies-extras.cmake\n'}
[0.328663] (easy_handeye2_msgs) StdoutLine: {'line': b'-- Up-to-date: /dev_ws/install/share/easy_handeye2_msgs/cmake/ament_cmake_export_include_directories-extras.cmake\n'}
[0.328719] (easy_handeye2_msgs) StdoutLine: {'line': b'-- Up-to-date: /dev_ws/install/share/easy_handeye2_msgs/cmake/ament_cmake_export_libraries-extras.cmake\n'}
[0.328751] (easy_handeye2_msgs) StdoutLine: {'line': b'-- Up-to-date: /dev_ws/install/share/easy_handeye2_msgs/cmake/ament_cmake_export_targets-extras.cmake\n'}
[0.328780] (easy_handeye2_msgs) StdoutLine: {'line': b'-- Up-to-date: /dev_ws/install/share/easy_handeye2_msgs/cmake/rosidl_cmake_export_typesupport_targets-extras.cmake\n'}
[0.328840] (easy_handeye2_msgs) StdoutLine: {'line': b'-- Up-to-date: /dev_ws/install/share/easy_handeye2_msgs/cmake/rosidl_cmake_export_typesupport_libraries-extras.cmake\n'}
[0.328869] (easy_handeye2_msgs) StdoutLine: {'line': b'-- Up-to-date: /dev_ws/install/share/easy_handeye2_msgs/cmake/easy_handeye2_msgsConfig.cmake\n'}
[0.328897] (easy_handeye2_msgs) StdoutLine: {'line': b'-- Up-to-date: /dev_ws/install/share/easy_handeye2_msgs/cmake/easy_handeye2_msgsConfig-version.cmake\n'}
[0.328924] (easy_handeye2_msgs) StdoutLine: {'line': b'-- Up-to-date: /dev_ws/install/share/easy_handeye2_msgs/package.xml\n'}
[0.330255] (easy_handeye2_msgs) CommandEnded: {'returncode': 0}
[0.345628] (easy_handeye2_msgs) JobEnded: {'identifier': 'easy_handeye2_msgs', 'rc': 0}
[0.346004] (easy_handeye2) JobStarted: {'identifier': 'easy_handeye2'}
[0.386226] (ur_commander) StdoutLine: {'line': b'-- Found Python3: /usr/bin/python3 (found version "3.10.12") found components: Interpreter \n'}
[0.400149] (-) TimerEvent: {}
[0.463811] (ur_commander) StdoutLine: {'line': b'-- Found rosidl_default_generators: 1.2.0 (/opt/ros/humble/share/rosidl_default_generators/cmake)\n'}
[0.466144] (ur_commander) StdoutLine: {'line': b'-- Using all available rosidl_typesupport_c: rosidl_typesupport_fastrtps_c;rosidl_typesupport_introspection_c\n'}
[0.471585] (ur_commander) StdoutLine: {'line': b'-- Found rosidl_adapter: 3.1.6 (/opt/ros/humble/share/rosidl_adapter/cmake)\n'}
[0.500337] (ur_commander) StdoutLine: {'line': b'-- Using all available rosidl_typesupport_cpp: rosidl_typesupport_fastrtps_cpp;rosidl_typesupport_introspection_cpp\n'}
[0.500443] (-) TimerEvent: {}
[0.524544] (ur_commander) StdoutLine: {'line': b'-- Found builtin_interfaces: 1.2.1 (/opt/ros/humble/share/builtin_interfaces/cmake)\n'}
[0.533651] (ur_commander) StdoutLine: {'line': b'-- Found geometry_msgs: 4.8.0 (/opt/ros/humble/share/geometry_msgs/cmake)\n'}
[0.600539] (-) TimerEvent: {}
[0.700865] (-) TimerEvent: {}
[0.742164] (ur_commander) StdoutLine: {'line': b'-- Found ament_cmake_ros: 0.10.0 (/opt/ros/humble/share/ament_cmake_ros/cmake)\n'}
[0.760090] (easy_handeye2) Command: {'cmd': ['/usr/bin/python3', '-W', 'ignore:setup.py install is deprecated', '-W', 'ignore:easy_install command is deprecated', 'setup.py', 'egg_info', '--egg-base', '../../../build/easy_handeye2', 'build', '--build-base', '/dev_ws/build/easy_handeye2/build', 'install', '--record', '/dev_ws/build/easy_handeye2/install.log', '--single-version-externally-managed', 'install_data'], 'cwd': '/dev_ws/src/easy_handeye2/easy_handeye2', 'env': {'HOSTNAME': 'prottay-Pulse-15-B13VFK', 'SHLVL': '2', 'LD_LIBRARY_PATH': '/dev_ws/install/lib:/opt/ros/humble/opt/rviz_ogre_vendor/lib:/opt/ros/humble/lib/x86_64-linux-gnu:/opt/ros/humble/lib', 'HOME': '/home/prottay', 'OLDPWD': '/dev_ws/src', 'ROS_PYTHON_VERSION': '3', 'COLORTERM': 'truecolor', 'COLCON_PREFIX_PATH': '/dev_ws/install', 'ROS_DISTRO': 'humble', '_': '/usr/bin/colcon', 'ROS_VERSION': '2', 'NVIDIA_DRIVER_CAPABILITIES': 'compute,display,graphics,utility,video', 'TERM': 'xterm-256color', 'ROS_LOCALHOST_ONLY': '1', 'QT_X11_NO_MITSHM': '1', 'PATH': '/opt/ros/humble/bin:/usr/local/sbin:/usr/local/bin:/usr/sbin:/usr/bin:/sbin:/bin', 'DISPLAY': ':1', 'LANG': 'C.UTF-8', 'RMW_IMPLEMENTATION': 'rmw_fastrtps_cpp', 'LS_COLORS': 'rs=0:di=01;34:ln=01;36:mh=00:pi=40;33:so=01;35:do=01;35:bd=40;33;01:cd=40;33;01:or=40;31;01:mi=00:su=37;41:sg=30;43:ca=30;41:tw=30;42:ow=34;42:st=37;44:ex=01;32:*.tar=01;31:*.tgz=01;31:*.arc=01;31:*.arj=01;31:*.taz=01;31:*.lha=01;31:*.lz4=01;31:*.lzh=01;31:*.lzma=01;31:*.tlz=01;31:*.txz=01;31:*.tzo=01;31:*.t7z=01;31:*.zip=01;31:*.z=01;31:*.dz=01;31:*.gz=01;31:*.lrz=01;31:*.lz=01;31:*.lzo=01;31:*.xz=01;31:*.zst=01;31:*.tzst=01;31:*.bz2=01;31:*.bz=01;31:*.tbz=01;31:*.tbz2=01;31:*.tz=01;31:*.deb=01;31:*.rpm=01;31:*.jar=01;31:*.war=01;31:*.ear=01;31:*.sar=01;31:*.rar=01;31:*.alz=01;31:*.ace=01;31:*.zoo=01;31:*.cpio=01;31:*.7z=01;31:*.rz=01;31:*.cab=01;31:*.wim=01;31:*.swm=01;31:*.dwm=01;31:*.esd=01;31:*.jpg=01;35:*.jpeg=01;35:*.mjpg=01;35:*.mjpeg=01;35:*.gif=01;35:*.bmp=01;35:*.pbm=01;35:*.pgm=01;35:*.ppm=01;35:*.tga=01;35:*.xbm=01;35:*.xpm=01;35:*.tif=01;35:*.tiff=01;35:*.png=01;35:*.svg=01;35:*.svgz=01;35:*.mng=01;35:*.pcx=01;35:*.mov=01;35:*.mpg=01;35:*.mpeg=01;35:*.m2v=01;35:*.mkv=01;35:*.webm=01;35:*.webp=01;35:*.ogm=01;35:*.mp4=01;35:*.m4v=01;35:*.mp4v=01;35:*.vob=01;35:*.qt=01;35:*.nuv=01;35:*.wmv=01;35:*.asf=01;35:*.rm=01;35:*.rmvb=01;35:*.flc=01;35:*.avi=01;35:*.fli=01;35:*.flv=01;35:*.gl=01;35:*.dl=01;35:*.xcf=01;35:*.xwd=01;35:*.yuv=01;35:*.cgm=01;35:*.emf=01;35:*.ogv=01;35:*.ogx=01;35:*.aac=00;36:*.au=00;36:*.flac=00;36:*.m4a=00;36:*.mid=00;36:*.midi=00;36:*.mka=00;36:*.mp3=00;36:*.mpc=00;36:*.ogg=00;36:*.ra=00;36:*.wav=00;36:*.oga=00;36:*.opus=00;36:*.spx=00;36:*.xspf=00;36:', 'ROS_DOMAIN_ID': '0', 'AMENT_PREFIX_PATH': '/dev_ws/install:/opt/ros/humble', 'DEBIAN_FRONTEND': 'noninteractive', 'TERMINATOR_UUID': 'urn:uuid:f94316ff-644a-45a6-8ebc-68eacf2d4390', 'PWD': '/dev_ws/build/easy_handeye2', 'LC_ALL': 'C.UTF-8', 'PYTHONPATH': '/dev_ws/build/easy_handeye2/prefix_override:/usr/lib/python3/dist-packages/colcon_core/task/python/colcon_distutils_commands:/dev_ws/install/lib/python3.10/site-packages:/dev_ws/install/lib/python3.10/site-packages:/dev_ws/build/easy_handeye2:/dev_ws/install/local/lib/python3.10/dist-packages:/opt/ros/humble/lib/python3.10/site-packages:/opt/ros/humble/local/lib/python3.10/dist-packages', 'NVIDIA_VISIBLE_DEVICES': 'all', 'COLCON': '1', 'VTE_VERSION': '6800', 'CMAKE_PREFIX_PATH': '/dev_ws/install'}, 'shell': False}
[0.801052] (-) TimerEvent: {}
[0.901261] (-) TimerEvent: {}
[0.915512] (easy_handeye2) StdoutLine: {'line': b'running egg_info\n'}
[0.915972] (easy_handeye2) StdoutLine: {'line': b'writing ../../../build/easy_handeye2/easy_handeye2.egg-info/PKG-INFO\n'}
[0.916049] (easy_handeye2) StdoutLine: {'line': b'writing dependency_links to ../../../build/easy_handeye2/easy_handeye2.egg-info/dependency_links.txt\n'}
[0.916086] (easy_handeye2) StdoutLine: {'line': b'writing entry points to ../../../build/easy_handeye2/easy_handeye2.egg-info/entry_points.txt\n'}
[0.916119] (easy_handeye2) StdoutLine: {'line': b'writing requirements to ../../../build/easy_handeye2/easy_handeye2.egg-info/requires.txt\n'}
[0.916149] (easy_handeye2) StdoutLine: {'line': b'writing top-level names to ../../../build/easy_handeye2/easy_handeye2.egg-info/top_level.txt\n'}
[0.917610] (easy_handeye2) StdoutLine: {'line': b"reading manifest file '../../../build/easy_handeye2/easy_handeye2.egg-info/SOURCES.txt'\n"}
[0.918247] (easy_handeye2) StdoutLine: {'line': b"writing manifest file '../../../build/easy_handeye2/easy_handeye2.egg-info/SOURCES.txt'\n"}
[0.918341] (easy_handeye2) StdoutLine: {'line': b'running build\n'}
[0.918380] (easy_handeye2) StdoutLine: {'line': b'running build_py\n'}
[0.919005] (easy_handeye2) StdoutLine: {'line': b'running build_scripts\n'}
[0.919082] (easy_handeye2) StdoutLine: {'line': b'running install\n'}
[0.919120] (easy_handeye2) StdoutLine: {'line': b'running install_lib\n'}
[0.920315] (easy_handeye2) StdoutLine: {'line': b'running install_data\n'}
[0.920392] (easy_handeye2) StdoutLine: {'line': b'running install_egg_info\n'}
[0.921449] (easy_handeye2) StdoutLine: {'line': b"removing '/dev_ws/install/lib/python3.10/site-packages/easy_handeye2-0.5.0-py3.10.egg-info' (and everything under it)\n"}
[0.921506] (easy_handeye2) StdoutLine: {'line': b'Copying ../../../build/easy_handeye2/easy_handeye2.egg-info to /dev_ws/install/lib/python3.10/site-packages/easy_handeye2-0.5.0-py3.10.egg-info\n'}
[0.922064] (easy_handeye2) StdoutLine: {'line': b'running install_scripts\n'}
[0.929185] (ur_commander) StdoutLine: {'line': b'-- Using all available rosidl_typesupport_c: rosidl_typesupport_fastrtps_c;rosidl_typesupport_introspection_c\n'}
[0.934224] (easy_handeye2) StdoutLine: {'line': b'changing mode of /dev_ws/install/lib/easy_handeye2/rqt_calibrator.py to 755\n'}
[0.934270] (easy_handeye2) StdoutLine: {'line': b'changing mode of /dev_ws/install/lib/easy_handeye2/rqt_evaluator.py to 755\n'}
[0.934979] (easy_handeye2) StdoutLine: {'line': b'Installing handeye_calibration_commander script to /dev_ws/install/lib/easy_handeye2\n'}
[0.935056] (easy_handeye2) StdoutLine: {'line': b'Installing handeye_publisher script to /dev_ws/install/lib/easy_handeye2\n'}
[0.935113] (easy_handeye2) StdoutLine: {'line': b'Installing handeye_server script to /dev_ws/install/lib/easy_handeye2\n'}
[0.935153] (easy_handeye2) StdoutLine: {'line': b'Installing handeye_server_robot script to /dev_ws/install/lib/easy_handeye2\n'}
[0.935438] (easy_handeye2) StdoutLine: {'line': b"writing list of installed files to '/dev_ws/build/easy_handeye2/install.log'\n"}
[0.949569] (easy_handeye2) CommandEnded: {'returncode': 0}
[0.955072] (easy_handeye2) JobEnded: {'identifier': 'easy_handeye2', 'rc': 0}
[1.001470] (-) TimerEvent: {}
[1.101732] (-) TimerEvent: {}
[1.163242] (ur_commander) StdoutLine: {'line': b'-- Using all available rosidl_typesupport_cpp: rosidl_typesupport_fastrtps_cpp;rosidl_typesupport_introspection_cpp\n'}
[1.197054] (ur_commander) StdoutLine: {'line': b'-- Found PythonInterp: /usr/bin/python3 (found suitable version "3.10.12", minimum required is "3.6") \n'}
[1.199389] (ur_commander) StdoutLine: {'line': b'-- Found python_cmake_module: 0.10.0 (/opt/ros/humble/share/python_cmake_module/cmake)\n'}
[1.201829] (-) TimerEvent: {}
[1.221271] (ur_commander) StdoutLine: {'line': b'-- Found PythonLibs: /usr/lib/x86_64-linux-gnu/libpython3.10.so (found suitable version "3.10.12", minimum required is "3.5") \n'}
[1.221643] (ur_commander) StdoutLine: {'line': b'-- Using PYTHON_EXECUTABLE: /usr/bin/python3\n'}
[1.221684] (ur_commander) StdoutLine: {'line': b'-- Using PYTHON_INCLUDE_DIRS: /usr/include/python3.10\n'}
[1.221715] (ur_commander) StdoutLine: {'line': b'-- Using PYTHON_LIBRARIES: /usr/lib/x86_64-linux-gnu/libpython3.10.so\n'}
[1.252435] (ur_commander) StdoutLine: {'line': b'-- Found PythonExtra: .so  \n'}
[1.302060] (-) TimerEvent: {}
[1.322158] (ur_commander) StdoutLine: {'line': b'-- Found ament_lint_auto: 0.12.12 (/opt/ros/humble/share/ament_lint_auto/cmake)\n'}
[1.336686] (ur_commander) StdoutLine: {'line': b"-- Added test 'flake8' to check Python code syntax and style conventions\n"}
[1.337091] (ur_commander) StdoutLine: {'line': b"-- Added test 'lint_cmake' to check CMake code style\n"}
[1.337462] (ur_commander) StdoutLine: {'line': b"-- Added test 'pep257' to check Python code against some of the docstring style conventions in PEP 257\n"}
[1.338356] (ur_commander) StdoutLine: {'line': b"-- Added test 'xmllint' to check XML markup files\n"}
[1.339889] (ur_commander) StdoutLine: {'line': b'-- Configuring done\n'}
[1.360478] (ur_commander) StdoutLine: {'line': b'-- Generating done\n'}
[1.373216] (ur_commander) StdoutLine: {'line': b'-- Build files have been written to: /dev_ws/build/ur_commander\n'}
[1.378793] (ur_commander) CommandEnded: {'returncode': 0}
[1.379227] (ur_commander) JobProgress: {'identifier': 'ur_commander', 'progress': 'build'}
[1.379559] (ur_commander) Command: {'cmd': ['/usr/bin/cmake', '--build', '/dev_ws/build/ur_commander', '--', '-j20', '-l20'], 'cwd': '/dev_ws/build/ur_commander', 'env': OrderedDict([('HOSTNAME', 'prottay-Pulse-15-B13VFK'), ('SHLVL', '2'), ('LD_LIBRARY_PATH', '/dev_ws/install/lib:/opt/ros/humble/opt/rviz_ogre_vendor/lib:/opt/ros/humble/lib/x86_64-linux-gnu:/opt/ros/humble/lib'), ('HOME', '/home/prottay'), ('OLDPWD', '/dev_ws/src'), ('ROS_PYTHON_VERSION', '3'), ('COLORTERM', 'truecolor'), ('COLCON_PREFIX_PATH', '/dev_ws/install'), ('ROS_DISTRO', 'humble'), ('_', '/usr/bin/colcon'), ('ROS_VERSION', '2'), ('NVIDIA_DRIVER_CAPABILITIES', 'compute,display,graphics,utility,video'), ('TERM', 'xterm-256color'), ('ROS_LOCALHOST_ONLY', '1'), ('QT_X11_NO_MITSHM', '1'), ('PATH', '/opt/ros/humble/bin:/usr/local/sbin:/usr/local/bin:/usr/sbin:/usr/bin:/sbin:/bin'), ('DISPLAY', ':1'), ('LANG', 'C.UTF-8'), ('RMW_IMPLEMENTATION', 'rmw_fastrtps_cpp'), ('LS_COLORS', 'rs=0:di=01;34:ln=01;36:mh=00:pi=40;33:so=01;35:do=01;35:bd=40;33;01:cd=40;33;01:or=40;31;01:mi=00:su=37;41:sg=30;43:ca=30;41:tw=30;42:ow=34;42:st=37;44:ex=01;32:*.tar=01;31:*.tgz=01;31:*.arc=01;31:*.arj=01;31:*.taz=01;31:*.lha=01;31:*.lz4=01;31:*.lzh=01;31:*.lzma=01;31:*.tlz=01;31:*.txz=01;31:*.tzo=01;31:*.t7z=01;31:*.zip=01;31:*.z=01;31:*.dz=01;31:*.gz=01;31:*.lrz=01;31:*.lz=01;31:*.lzo=01;31:*.xz=01;31:*.zst=01;31:*.tzst=01;31:*.bz2=01;31:*.bz=01;31:*.tbz=01;31:*.tbz2=01;31:*.tz=01;31:*.deb=01;31:*.rpm=01;31:*.jar=01;31:*.war=01;31:*.ear=01;31:*.sar=01;31:*.rar=01;31:*.alz=01;31:*.ace=01;31:*.zoo=01;31:*.cpio=01;31:*.7z=01;31:*.rz=01;31:*.cab=01;31:*.wim=01;31:*.swm=01;31:*.dwm=01;31:*.esd=01;31:*.jpg=01;35:*.jpeg=01;35:*.mjpg=01;35:*.mjpeg=01;35:*.gif=01;35:*.bmp=01;35:*.pbm=01;35:*.pgm=01;35:*.ppm=01;35:*.tga=01;35:*.xbm=01;35:*.xpm=01;35:*.tif=01;35:*.tiff=01;35:*.png=01;35:*.svg=01;35:*.svgz=01;35:*.mng=01;35:*.pcx=01;35:*.mov=01;35:*.mpg=01;35:*.mpeg=01;35:*.m2v=01;35:*.mkv=01;35:*.webm=01;35:*.webp=01;35:*.ogm=01;35:*.mp4=01;35:*.m4v=01;35:*.mp4v=01;35:*.vob=01;35:*.qt=01;35:*.nuv=01;35:*.wmv=01;35:*.asf=01;35:*.rm=01;35:*.rmvb=01;35:*.flc=01;35:*.avi=01;35:*.fli=01;35:*.flv=01;35:*.gl=01;35:*.dl=01;35:*.xcf=01;35:*.xwd=01;35:*.yuv=01;35:*.cgm=01;35:*.emf=01;35:*.ogv=01;35:*.ogx=01;35:*.aac=00;36:*.au=00;36:*.flac=00;36:*.m4a=00;36:*.mid=00;36:*.midi=00;36:*.mka=00;36:*.mp3=00;36:*.mpc=00;36:*.ogg=00;36:*.ra=00;36:*.wav=00;36:*.oga=00;36:*.opus=00;36:*.spx=00;36:*.xspf=00;36:'), ('ROS_DOMAIN_ID', '0'), ('AMENT_PREFIX_PATH', '/dev_ws/install:/opt/ros/humble'), ('DEBIAN_FRONTEND', 'noninteractive'), ('TERMINATOR_UUID', 'urn:uuid:f94316ff-644a-45a6-8ebc-68eacf2d4390'), ('PWD', '/dev_ws/build/ur_commander'), ('LC_ALL', 'C.UTF-8'), ('PYTHONPATH', '/dev_ws/build/easy_handeye2:/dev_ws/install/lib/python3.10/site-packages:/dev_ws/install/local/lib/python3.10/dist-packages:/opt/ros/humble/lib/python3.10/site-packages:/opt/ros/humble/local/lib/python3.10/dist-packages'), ('NVIDIA_VISIBLE_DEVICES', 'all'), ('COLCON', '1'), ('VTE_VERSION', '6800'), ('CMAKE_PREFIX_PATH', '/dev_ws/install:/opt/ros/humble')]), 'shell': False}
[1.402163] (-) TimerEvent: {}
[1.448656] (ur_commander) StdoutLine: {'line': b'[  3%] \x1b[34m\x1b[1mGenerating C code for ROS interfaces\x1b[0m\n'}
[1.457985] (ur_commander) StdoutLine: {'line': b'[  6%] \x1b[34m\x1b[1mGenerating C++ code for ROS interfaces\x1b[0m\n'}
[1.466460] (ur_commander) StdoutLine: {'line': b'[  6%] Built target ament_cmake_python_copy_ur_commander\n'}
[1.502241] (-) TimerEvent: {}
[1.602604] (-) TimerEvent: {}
[1.618833] (ur_commander) StdoutLine: {'line': b'running egg_info\n'}
[1.619291] (ur_commander) StdoutLine: {'line': b'creating ur_commander.egg-info\n'}
[1.619612] (ur_commander) StdoutLine: {'line': b'writing ur_commander.egg-info/PKG-INFO\n'}
[1.619886] (ur_commander) StdoutLine: {'line': b'writing dependency_links to ur_commander.egg-info/dependency_links.txt\n'}
[1.619991] (ur_commander) StdoutLine: {'line': b'writing top-level names to ur_commander.egg-info/top_level.txt\n'}
[1.620079] (ur_commander) StdoutLine: {'line': b"writing manifest file 'ur_commander.egg-info/SOURCES.txt'\n"}
[1.621074] (ur_commander) StdoutLine: {'line': b"reading manifest file 'ur_commander.egg-info/SOURCES.txt'\n"}
[1.621356] (ur_commander) StdoutLine: {'line': b"writing manifest file 'ur_commander.egg-info/SOURCES.txt'\n"}
[1.629671] (ur_commander) StdoutLine: {'line': b'[  6%] Built target ur_commander__cpp\n'}
[1.636334] (ur_commander) StdoutLine: {'line': b'[  9%] \x1b[32mBuilding C object CMakeFiles/ur_commander__rosidl_generator_c.dir/rosidl_generator_c/ur_commander/srv/detail/visualize_poses__functions.c.o\x1b[0m\n'}
[1.638274] (ur_commander) StdoutLine: {'line': b'[ 12%] \x1b[34m\x1b[1mGenerating C++ type support dispatch for ROS interfaces\x1b[0m\n'}
[1.638491] (ur_commander) StdoutLine: {'line': b'[ 12%] Built target ament_cmake_python_build_ur_commander_egg\n'}
[1.638597] (ur_commander) StdoutLine: {'line': b'[ 16%] \x1b[34m\x1b[1mGenerating C++ introspection for ROS interfaces\x1b[0m\n'}
[1.640378] (ur_commander) StdoutLine: {'line': b'[ 19%] \x1b[34m\x1b[1mGenerating C++ type support for eProsima Fast-RTPS\x1b[0m\n'}
[1.679976] (ur_commander) StdoutLine: {'line': b'[ 22%] \x1b[32m\x1b[1mLinking C shared library libur_commander__rosidl_generator_c.so\x1b[0m\n'}
[1.702701] (-) TimerEvent: {}
[1.715023] (ur_commander) StdoutLine: {'line': b'[ 22%] Built target ur_commander__rosidl_generator_c\n'}
[1.723344] (ur_commander) StdoutLine: {'line': b'[ 25%] \x1b[34m\x1b[1mGenerating C type support dispatch for ROS interfaces\x1b[0m\n'}
[1.725371] (ur_commander) StdoutLine: {'line': b'[ 29%] \x1b[34m\x1b[1mGenerating C type support for eProsima Fast-RTPS\x1b[0m\n'}
[1.725618] (ur_commander) StdoutLine: {'line': b'[ 32%] \x1b[34m\x1b[1mGenerating C introspection for ROS interfaces\x1b[0m\n'}
[1.798003] (ur_commander) StdoutLine: {'line': b'[ 35%] \x1b[32mBuilding CXX object CMakeFiles/ur_commander__rosidl_typesupport_cpp.dir/rosidl_typesupport_cpp/ur_commander/srv/visualize_poses__type_support.cpp.o\x1b[0m\n'}
[1.802790] (-) TimerEvent: {}
[1.810956] (ur_commander) StdoutLine: {'line': b'[ 38%] \x1b[32mBuilding CXX object CMakeFiles/ur_commander__rosidl_typesupport_introspection_cpp.dir/rosidl_typesupport_introspection_cpp/ur_commander/srv/detail/visualize_poses__type_support.cpp.o\x1b[0m\n'}
[1.826914] (ur_commander) StdoutLine: {'line': b'[ 41%] \x1b[32mBuilding CXX object CMakeFiles/ur_commander__rosidl_typesupport_fastrtps_cpp.dir/rosidl_typesupport_fastrtps_cpp/ur_commander/srv/detail/dds_fastrtps/visualize_poses__type_support.cpp.o\x1b[0m\n'}
[1.902899] (-) TimerEvent: {}
[1.905691] (ur_commander) StdoutLine: {'line': b'[ 45%] \x1b[32mBuilding CXX object CMakeFiles/ur_commander__rosidl_typesupport_c.dir/rosidl_typesupport_c/ur_commander/srv/visualize_poses__type_support.cpp.o\x1b[0m\n'}
[1.933213] (ur_commander) StdoutLine: {'line': b'[ 48%] \x1b[32mBuilding C object CMakeFiles/ur_commander__rosidl_typesupport_introspection_c.dir/rosidl_typesupport_introspection_c/ur_commander/srv/detail/visualize_poses__type_support.c.o\x1b[0m\n'}
[1.936261] (ur_commander) StdoutLine: {'line': b'[ 51%] \x1b[32m\x1b[1mLinking CXX shared library libur_commander__rosidl_typesupport_c.so\x1b[0m\n'}
[1.943314] (ur_commander) StdoutLine: {'line': b'[ 54%] \x1b[32mBuilding CXX object CMakeFiles/ur_commander__rosidl_typesupport_fastrtps_c.dir/rosidl_typesupport_fastrtps_c/ur_commander/srv/detail/visualize_poses__type_support_c.cpp.o\x1b[0m\n'}
[1.970060] (ur_commander) StdoutLine: {'line': b'[ 58%] \x1b[32m\x1b[1mLinking C shared library libur_commander__rosidl_typesupport_introspection_c.so\x1b[0m\n'}
[1.975281] (ur_commander) StdoutLine: {'line': b'[ 58%] Built target ur_commander__rosidl_typesupport_c\n'}
[2.003013] (-) TimerEvent: {}
[2.004836] (ur_commander) StdoutLine: {'line': b'[ 58%] Built target ur_commander__rosidl_typesupport_introspection_c\n'}
[2.013265] (ur_commander) StdoutLine: {'line': b'[ 61%] \x1b[32m\x1b[1mLinking CXX shared library libur_commander__rosidl_typesupport_cpp.so\x1b[0m\n'}
[2.045644] (ur_commander) StdoutLine: {'line': b'[ 61%] Built target ur_commander__rosidl_typesupport_cpp\n'}
[2.103147] (-) TimerEvent: {}
[2.109943] (ur_commander) StdoutLine: {'line': b'[ 64%] \x1b[32m\x1b[1mLinking CXX shared library libur_commander__rosidl_typesupport_introspection_cpp.so\x1b[0m\n'}
[2.147300] (ur_commander) StdoutLine: {'line': b'[ 67%] \x1b[32m\x1b[1mLinking CXX shared library libur_commander__rosidl_typesupport_fastrtps_cpp.so\x1b[0m\n'}
[2.162959] (ur_commander) StdoutLine: {'line': b'[ 67%] Built target ur_commander__rosidl_typesupport_introspection_cpp\n'}
[2.175942] (ur_commander) StdoutLine: {'line': b'[ 70%] \x1b[32m\x1b[1mLinking CXX shared library libur_commander__rosidl_typesupport_fastrtps_c.so\x1b[0m\n'}
[2.203254] (-) TimerEvent: {}
[2.209020] (ur_commander) StdoutLine: {'line': b'[ 70%] Built target ur_commander__rosidl_typesupport_fastrtps_cpp\n'}
[2.232329] (ur_commander) StdoutLine: {'line': b'[ 70%] Built target ur_commander__rosidl_typesupport_fastrtps_c\n'}
[2.247337] (ur_commander) StdoutLine: {'line': b'[ 70%] Built target ur_commander\n'}
[2.271104] (ur_commander) StdoutLine: {'line': b'[ 74%] \x1b[34m\x1b[1mGenerating Python code for ROS interfaces\x1b[0m\n'}
[2.303349] (-) TimerEvent: {}
[2.403608] (-) TimerEvent: {}
[2.493875] (ur_commander) StdoutLine: {'line': b'[ 74%] Built target ur_commander__py\n'}
[2.503736] (-) TimerEvent: {}
[2.513084] (ur_commander) StdoutLine: {'line': b'[ 77%] \x1b[32mBuilding C object CMakeFiles/ur_commander__rosidl_generator_py.dir/rosidl_generator_py/ur_commander/srv/_visualize_poses_s.c.o\x1b[0m\n'}
[2.593571] (ur_commander) StdoutLine: {'line': b'[ 80%] \x1b[32m\x1b[1mLinking C shared library rosidl_generator_py/ur_commander/libur_commander__rosidl_generator_py.so\x1b[0m\n'}
[2.603858] (-) TimerEvent: {}
[2.639745] (ur_commander) StdoutLine: {'line': b'[ 80%] Built target ur_commander__rosidl_generator_py\n'}
[2.658110] (ur_commander) StdoutLine: {'line': b'[ 87%] \x1b[32mBuilding C object CMakeFiles/ur_commander__rosidl_typesupport_c__pyext.dir/rosidl_generator_py/ur_commander/_ur_commander_s.ep.rosidl_typesupport_c.c.o\x1b[0m\n'}
[2.658310] (ur_commander) StdoutLine: {'line': b'[ 87%] \x1b[32mBuilding C object CMakeFiles/ur_commander__rosidl_typesupport_fastrtps_c__pyext.dir/rosidl_generator_py/ur_commander/_ur_commander_s.ep.rosidl_typesupport_fastrtps_c.c.o\x1b[0m\n'}
[2.659432] (ur_commander) StdoutLine: {'line': b'[ 90%] \x1b[32mBuilding C object CMakeFiles/ur_commander__rosidl_typesupport_introspection_c__pyext.dir/rosidl_generator_py/ur_commander/_ur_commander_s.ep.rosidl_typesupport_introspection_c.c.o\x1b[0m\n'}
[2.704048] (-) TimerEvent: {}
[2.728052] (ur_commander) StdoutLine: {'line': b'[ 96%] \x1b[32m\x1b[1mLinking C shared library rosidl_generator_py/ur_commander/ur_commander_s__rosidl_typesupport_introspection_c.cpython-310-x86_64-linux-gnu.so\x1b[0m\n'}
[2.728251] (ur_commander) StdoutLine: {'line': b'[ 96%] \x1b[32m\x1b[1mLinking C shared library rosidl_generator_py/ur_commander/ur_commander_s__rosidl_typesupport_c.cpython-310-x86_64-linux-gnu.so\x1b[0m\n'}
[2.730052] (ur_commander) StdoutLine: {'line': b'[100%] \x1b[32m\x1b[1mLinking C shared library rosidl_generator_py/ur_commander/ur_commander_s__rosidl_typesupport_fastrtps_c.cpython-310-x86_64-linux-gnu.so\x1b[0m\n'}
[2.761453] (ur_commander) StdoutLine: {'line': b'[100%] Built target ur_commander__rosidl_typesupport_introspection_c__pyext\n'}
[2.762833] (ur_commander) StdoutLine: {'line': b'[100%] Built target ur_commander__rosidl_typesupport_fastrtps_c__pyext\n'}
[2.765202] (ur_commander) StdoutLine: {'line': b'[100%] Built target ur_commander__rosidl_typesupport_c__pyext\n'}
[2.772226] (ur_commander) CommandEnded: {'returncode': 0}
[2.772786] (ur_commander) JobProgress: {'identifier': 'ur_commander', 'progress': 'install'}
[2.773070] (ur_commander) Command: {'cmd': ['/usr/bin/cmake', '--install', '/dev_ws/build/ur_commander'], 'cwd': '/dev_ws/build/ur_commander', 'env': OrderedDict([('HOSTNAME', 'prottay-Pulse-15-B13VFK'), ('SHLVL', '2'), ('LD_LIBRARY_PATH', '/dev_ws/install/lib:/opt/ros/humble/opt/rviz_ogre_vendor/lib:/opt/ros/humble/lib/x86_64-linux-gnu:/opt/ros/humble/lib'), ('HOME', '/home/prottay'), ('OLDPWD', '/dev_ws/src'), ('ROS_PYTHON_VERSION', '3'), ('COLORTERM', 'truecolor'), ('COLCON_PREFIX_PATH', '/dev_ws/install'), ('ROS_DISTRO', 'humble'), ('_', '/usr/bin/colcon'), ('ROS_VERSION', '2'), ('NVIDIA_DRIVER_CAPABILITIES', 'compute,display,graphics,utility,video'), ('TERM', 'xterm-256color'), ('ROS_LOCALHOST_ONLY', '1'), ('QT_X11_NO_MITSHM', '1'), ('PATH', '/opt/ros/humble/bin:/usr/local/sbin:/usr/local/bin:/usr/sbin:/usr/bin:/sbin:/bin'), ('DISPLAY', ':1'), ('LANG', 'C.UTF-8'), ('RMW_IMPLEMENTATION', 'rmw_fastrtps_cpp'), ('LS_COLORS', 'rs=0:di=01;34:ln=01;36:mh=00:pi=40;33:so=01;35:do=01;35:bd=40;33;01:cd=40;33;01:or=40;31;01:mi=00:su=37;41:sg=30;43:ca=30;41:tw=30;42:ow=34;42:st=37;44:ex=01;32:*.tar=01;31:*.tgz=01;31:*.arc=01;31:*.arj=01;31:*.taz=01;31:*.lha=01;31:*.lz4=01;31:*.lzh=01;31:*.lzma=01;31:*.tlz=01;31:*.txz=01;31:*.tzo=01;31:*.t7z=01;31:*.zip=01;31:*.z=01;31:*.dz=01;31:*.gz=01;31:*.lrz=01;31:*.lz=01;31:*.lzo=01;31:*.xz=01;31:*.zst=01;31:*.tzst=01;31:*.bz2=01;31:*.bz=01;31:*.tbz=01;31:*.tbz2=01;31:*.tz=01;31:*.deb=01;31:*.rpm=01;31:*.jar=01;31:*.war=01;31:*.ear=01;31:*.sar=01;31:*.rar=01;31:*.alz=01;31:*.ace=01;31:*.zoo=01;31:*.cpio=01;31:*.7z=01;31:*.rz=01;31:*.cab=01;31:*.wim=01;31:*.swm=01;31:*.dwm=01;31:*.esd=01;31:*.jpg=01;35:*.jpeg=01;35:*.mjpg=01;35:*.mjpeg=01;35:*.gif=01;35:*.bmp=01;35:*.pbm=01;35:*.pgm=01;35:*.ppm=01;35:*.tga=01;35:*.xbm=01;35:*.xpm=01;35:*.tif=01;35:*.tiff=01;35:*.png=01;35:*.svg=01;35:*.svgz=01;35:*.mng=01;35:*.pcx=01;35:*.mov=01;35:*.mpg=01;35:*.mpeg=01;35:*.m2v=01;35:*.mkv=01;35:*.webm=01;35:*.webp=01;35:*.ogm=01;35:*.mp4=01;35:*.m4v=01;35:*.mp4v=01;35:*.vob=01;35:*.qt=01;35:*.nuv=01;35:*.wmv=01;35:*.asf=01;35:*.rm=01;35:*.rmvb=01;35:*.flc=01;35:*.avi=01;35:*.fli=01;35:*.flv=01;35:*.gl=01;35:*.dl=01;35:*.xcf=01;35:*.xwd=01;35:*.yuv=01;35:*.cgm=01;35:*.emf=01;35:*.ogv=01;35:*.ogx=01;35:*.aac=00;36:*.au=00;36:*.flac=00;36:*.m4a=00;36:*.mid=00;36:*.midi=00;36:*.mka=00;36:*.mp3=00;36:*.mpc=00;36:*.ogg=00;36:*.ra=00;36:*.wav=00;36:*.oga=00;36:*.opus=00;36:*.spx=00;36:*.xspf=00;36:'), ('ROS_DOMAIN_ID', '0'), ('AMENT_PREFIX_PATH', '/dev_ws/install:/opt/ros/humble'), ('DEBIAN_FRONTEND', 'noninteractive'), ('TERMINATOR_UUID', 'urn:uuid:f94316ff-644a-45a6-8ebc-68eacf2d4390'), ('PWD', '/dev_ws/build/ur_commander'), ('LC_ALL', 'C.UTF-8'), ('PYTHONPATH', '/dev_ws/build/easy_handeye2:/dev_ws/install/lib/python3.10/site-packages:/dev_ws/install/local/lib/python3.10/dist-packages:/opt/ros/humble/lib/python3.10/site-packages:/opt/ros/humble/local/lib/python3.10/dist-packages'), ('NVIDIA_VISIBLE_DEVICES', 'all'), ('COLCON', '1'), ('VTE_VERSION', '6800'), ('CMAKE_PREFIX_PATH', '/dev_ws/install:/opt/ros/humble')]), 'shell': False}
[2.780511] (ur_commander) StdoutLine: {'line': b'-- Install configuration: ""\n'}
[2.780712] (ur_commander) StdoutLine: {'line': b'-- Installing: /dev_ws/install/share/ament_index/resource_index/rosidl_interfaces/ur_commander\n'}
[2.780866] (ur_commander) StdoutLine: {'line': b'-- Installing: /dev_ws/install/include/ur_commander/ur_commander\n'}
[2.780997] (ur_commander) StdoutLine: {'line': b'-- Installing: /dev_ws/install/include/ur_commander/ur_commander/msg\n'}
[2.781167] (ur_commander) StdoutLine: {'line': b'-- Installing: /dev_ws/install/include/ur_commander/ur_commander/msg/rosidl_generator_c__visibility_control.h\n'}
[2.781242] (ur_commander) StdoutLine: {'line': b'-- Installing: /dev_ws/install/include/ur_commander/ur_commander/srv\n'}
[2.781347] (ur_commander) StdoutLine: {'line': b'-- Installing: /dev_ws/install/include/ur_commander/ur_commander/srv/visualize_poses.h\n'}
[2.781405] (ur_commander) StdoutLine: {'line': b'-- Installing: /dev_ws/install/include/ur_commander/ur_commander/srv/detail\n'}
[2.781476] (ur_commander) StdoutLine: {'line': b'-- Installing: /dev_ws/install/include/ur_commander/ur_commander/srv/detail/visualize_poses__type_support.h\n'}
[2.781528] (ur_commander) StdoutLine: {'line': b'-- Installing: /dev_ws/install/include/ur_commander/ur_commander/srv/detail/visualize_poses__functions.c\n'}
[2.781578] (ur_commander) StdoutLine: {'line': b'-- Installing: /dev_ws/install/include/ur_commander/ur_commander/srv/detail/visualize_poses__functions.h\n'}
[2.781655] (ur_commander) StdoutLine: {'line': b'-- Installing: /dev_ws/install/include/ur_commander/ur_commander/srv/detail/visualize_poses__struct.h\n'}
[2.781734] (ur_commander) StdoutLine: {'line': b'-- Installing: /dev_ws/install/share/ur_commander/environment/library_path.sh\n'}
[2.781811] (ur_commander) StdoutLine: {'line': b'-- Installing: /dev_ws/install/share/ur_commander/environment/library_path.dsv\n'}
[2.781903] (ur_commander) StdoutLine: {'line': b'-- Installing: /dev_ws/install/lib/libur_commander__rosidl_generator_c.so\n'}
[2.782241] (ur_commander) StdoutLine: {'line': b'-- Set runtime path of "/dev_ws/install/lib/libur_commander__rosidl_generator_c.so" to ""\n'}
[2.782354] (ur_commander) StdoutLine: {'line': b'-- Up-to-date: /dev_ws/install/include/ur_commander/ur_commander\n'}
[2.782442] (ur_commander) StdoutLine: {'line': b'-- Up-to-date: /dev_ws/install/include/ur_commander/ur_commander/msg\n'}
[2.782521] (ur_commander) StdoutLine: {'line': b'-- Installing: /dev_ws/install/include/ur_commander/ur_commander/msg/rosidl_typesupport_fastrtps_c__visibility_control.h\n'}
[2.782576] (ur_commander) StdoutLine: {'line': b'-- Up-to-date: /dev_ws/install/include/ur_commander/ur_commander/srv\n'}
[2.782661] (ur_commander) StdoutLine: {'line': b'-- Up-to-date: /dev_ws/install/include/ur_commander/ur_commander/srv/detail\n'}
[2.782717] (ur_commander) StdoutLine: {'line': b'-- Installing: /dev_ws/install/include/ur_commander/ur_commander/srv/detail/visualize_poses__rosidl_typesupport_fastrtps_c.h\n'}
[2.782770] (ur_commander) StdoutLine: {'line': b'-- Installing: /dev_ws/install/lib/libur_commander__rosidl_typesupport_fastrtps_c.so\n'}
[2.783000] (ur_commander) StdoutLine: {'line': b'-- Set runtime path of "/dev_ws/install/lib/libur_commander__rosidl_typesupport_fastrtps_c.so" to ""\n'}
[2.783094] (ur_commander) StdoutLine: {'line': b'-- Up-to-date: /dev_ws/install/include/ur_commander/ur_commander\n'}
[2.783154] (ur_commander) StdoutLine: {'line': b'-- Up-to-date: /dev_ws/install/include/ur_commander/ur_commander/msg\n'}
[2.783246] (ur_commander) StdoutLine: {'line': b'-- Installing: /dev_ws/install/include/ur_commander/ur_commander/msg/rosidl_typesupport_introspection_c__visibility_control.h\n'}
[2.783327] (ur_commander) StdoutLine: {'line': b'-- Up-to-date: /dev_ws/install/include/ur_commander/ur_commander/srv\n'}
[2.783398] (ur_commander) StdoutLine: {'line': b'-- Up-to-date: /dev_ws/install/include/ur_commander/ur_commander/srv/detail\n'}
[2.783451] (ur_commander) StdoutLine: {'line': b'-- Installing: /dev_ws/install/include/ur_commander/ur_commander/srv/detail/visualize_poses__type_support.c\n'}
[2.783503] (ur_commander) StdoutLine: {'line': b'-- Installing: /dev_ws/install/include/ur_commander/ur_commander/srv/detail/visualize_poses__rosidl_typesupport_introspection_c.h\n'}
[2.783578] (ur_commander) StdoutLine: {'line': b'-- Installing: /dev_ws/install/lib/libur_commander__rosidl_typesupport_introspection_c.so\n'}
[2.783881] (ur_commander) StdoutLine: {'line': b'-- Set runtime path of "/dev_ws/install/lib/libur_commander__rosidl_typesupport_introspection_c.so" to ""\n'}
[2.783952] (ur_commander) StdoutLine: {'line': b'-- Installing: /dev_ws/install/lib/libur_commander__rosidl_typesupport_c.so\n'}
[2.784185] (ur_commander) StdoutLine: {'line': b'-- Set runtime path of "/dev_ws/install/lib/libur_commander__rosidl_typesupport_c.so" to ""\n'}
[2.784307] (ur_commander) StdoutLine: {'line': b'-- Up-to-date: /dev_ws/install/include/ur_commander/ur_commander\n'}
[2.784378] (ur_commander) StdoutLine: {'line': b'-- Up-to-date: /dev_ws/install/include/ur_commander/ur_commander/msg\n'}
[2.784447] (ur_commander) StdoutLine: {'line': b'-- Installing: /dev_ws/install/include/ur_commander/ur_commander/msg/rosidl_generator_cpp__visibility_control.hpp\n'}
[2.784551] (ur_commander) StdoutLine: {'line': b'-- Up-to-date: /dev_ws/install/include/ur_commander/ur_commander/srv\n'}
[2.784626] (ur_commander) StdoutLine: {'line': b'-- Up-to-date: /dev_ws/install/include/ur_commander/ur_commander/srv/detail\n'}
[2.784693] (ur_commander) StdoutLine: {'line': b'-- Installing: /dev_ws/install/include/ur_commander/ur_commander/srv/detail/visualize_poses__struct.hpp\n'}
[2.784787] (ur_commander) StdoutLine: {'line': b'-- Installing: /dev_ws/install/include/ur_commander/ur_commander/srv/detail/visualize_poses__builder.hpp\n'}
[2.784857] (ur_commander) StdoutLine: {'line': b'-- Installing: /dev_ws/install/include/ur_commander/ur_commander/srv/detail/visualize_poses__traits.hpp\n'}
[2.784956] (ur_commander) StdoutLine: {'line': b'-- Installing: /dev_ws/install/include/ur_commander/ur_commander/srv/detail/visualize_poses__type_support.hpp\n'}
[2.785018] (ur_commander) StdoutLine: {'line': b'-- Installing: /dev_ws/install/include/ur_commander/ur_commander/srv/visualize_poses.hpp\n'}
[2.785126] (ur_commander) StdoutLine: {'line': b'-- Up-to-date: /dev_ws/install/include/ur_commander/ur_commander\n'}
[2.785190] (ur_commander) StdoutLine: {'line': b'-- Up-to-date: /dev_ws/install/include/ur_commander/ur_commander/msg\n'}
[2.785256] (ur_commander) StdoutLine: {'line': b'-- Installing: /dev_ws/install/include/ur_commander/ur_commander/msg/rosidl_typesupport_fastrtps_cpp__visibility_control.h\n'}
[2.785360] (ur_commander) StdoutLine: {'line': b'-- Up-to-date: /dev_ws/install/include/ur_commander/ur_commander/srv\n'}
[2.785422] (ur_commander) StdoutLine: {'line': b'-- Up-to-date: /dev_ws/install/include/ur_commander/ur_commander/srv/detail\n'}
[2.785481] (ur_commander) StdoutLine: {'line': b'-- Installing: /dev_ws/install/include/ur_commander/ur_commander/srv/detail/visualize_poses__rosidl_typesupport_fastrtps_cpp.hpp\n'}
[2.785573] (ur_commander) StdoutLine: {'line': b'-- Installing: /dev_ws/install/include/ur_commander/ur_commander/srv/detail/dds_fastrtps\n'}
[2.785628] (ur_commander) StdoutLine: {'line': b'-- Installing: /dev_ws/install/lib/libur_commander__rosidl_typesupport_fastrtps_cpp.so\n'}
[2.786022] (ur_commander) StdoutLine: {'line': b'-- Set runtime path of "/dev_ws/install/lib/libur_commander__rosidl_typesupport_fastrtps_cpp.so" to ""\n'}
[2.786132] (ur_commander) StdoutLine: {'line': b'-- Up-to-date: /dev_ws/install/include/ur_commander/ur_commander\n'}
[2.786239] (ur_commander) StdoutLine: {'line': b'-- Up-to-date: /dev_ws/install/include/ur_commander/ur_commander/srv\n'}
[2.786338] (ur_commander) StdoutLine: {'line': b'-- Up-to-date: /dev_ws/install/include/ur_commander/ur_commander/srv/detail\n'}
[2.786405] (ur_commander) StdoutLine: {'line': b'-- Installing: /dev_ws/install/include/ur_commander/ur_commander/srv/detail/visualize_poses__type_support.cpp\n'}
[2.786485] (ur_commander) StdoutLine: {'line': b'-- Installing: /dev_ws/install/include/ur_commander/ur_commander/srv/detail/visualize_poses__rosidl_typesupport_introspection_cpp.hpp\n'}
[2.786548] (ur_commander) StdoutLine: {'line': b'-- Installing: /dev_ws/install/lib/libur_commander__rosidl_typesupport_introspection_cpp.so\n'}
[2.786949] (ur_commander) StdoutLine: {'line': b'-- Set runtime path of "/dev_ws/install/lib/libur_commander__rosidl_typesupport_introspection_cpp.so" to ""\n'}
[2.787047] (ur_commander) StdoutLine: {'line': b'-- Installing: /dev_ws/install/lib/libur_commander__rosidl_typesupport_cpp.so\n'}
[2.787401] (ur_commander) StdoutLine: {'line': b'-- Set runtime path of "/dev_ws/install/lib/libur_commander__rosidl_typesupport_cpp.so" to ""\n'}
[2.787472] (ur_commander) StdoutLine: {'line': b'-- Installing: /dev_ws/install/share/ur_commander/environment/pythonpath.sh\n'}
[2.787564] (ur_commander) StdoutLine: {'line': b'-- Installing: /dev_ws/install/share/ur_commander/environment/pythonpath.dsv\n'}
[2.787659] (ur_commander) StdoutLine: {'line': b'-- Installing: /dev_ws/install/local/lib/python3.10/dist-packages/ur_commander-0.0.0-py3.10.egg-info\n'}
[2.787755] (ur_commander) StdoutLine: {'line': b'-- Installing: /dev_ws/install/local/lib/python3.10/dist-packages/ur_commander-0.0.0-py3.10.egg-info/SOURCES.txt\n'}
[2.787849] (ur_commander) StdoutLine: {'line': b'-- Installing: /dev_ws/install/local/lib/python3.10/dist-packages/ur_commander-0.0.0-py3.10.egg-info/dependency_links.txt\n'}
[2.787927] (ur_commander) StdoutLine: {'line': b'-- Installing: /dev_ws/install/local/lib/python3.10/dist-packages/ur_commander-0.0.0-py3.10.egg-info/top_level.txt\n'}
[2.788010] (ur_commander) StdoutLine: {'line': b'-- Installing: /dev_ws/install/local/lib/python3.10/dist-packages/ur_commander-0.0.0-py3.10.egg-info/PKG-INFO\n'}
[2.788143] (ur_commander) StdoutLine: {'line': b'-- Installing: /dev_ws/install/local/lib/python3.10/dist-packages/ur_commander\n'}
[2.788229] (ur_commander) StdoutLine: {'line': b'-- Installing: /dev_ws/install/local/lib/python3.10/dist-packages/ur_commander/_ur_commander_s.ep.rosidl_typesupport_fastrtps_c.c\n'}
[2.788355] (ur_commander) StdoutLine: {'line': b'-- Installing: /dev_ws/install/local/lib/python3.10/dist-packages/ur_commander/ur_commander_s__rosidl_typesupport_fastrtps_c.cpython-310-x86_64-linux-gnu.so\n'}
[2.788470] (ur_commander) StdoutLine: {'line': b'-- Installing: /dev_ws/install/local/lib/python3.10/dist-packages/ur_commander/_ur_commander_s.ep.rosidl_typesupport_c.c\n'}
[2.788573] (ur_commander) StdoutLine: {'line': b'-- Installing: /dev_ws/install/local/lib/python3.10/dist-packages/ur_commander/ur_commander_s__rosidl_typesupport_c.cpython-310-x86_64-linux-gnu.so\n'}
[2.788682] (ur_commander) StdoutLine: {'line': b'-- Installing: /dev_ws/install/local/lib/python3.10/dist-packages/ur_commander/ur_commander_s__rosidl_typesupport_introspection_c.cpython-310-x86_64-linux-gnu.so\n'}
[2.788806] (ur_commander) StdoutLine: {'line': b'-- Installing: /dev_ws/install/local/lib/python3.10/dist-packages/ur_commander/_ur_commander_s.ep.rosidl_typesupport_introspection_c.c\n'}
[2.788898] (ur_commander) StdoutLine: {'line': b'-- Installing: /dev_ws/install/local/lib/python3.10/dist-packages/ur_commander/srv\n'}
[2.788973] (ur_commander) StdoutLine: {'line': b'-- Installing: /dev_ws/install/local/lib/python3.10/dist-packages/ur_commander/srv/_visualize_poses_s.c\n'}
[2.789067] (ur_commander) StdoutLine: {'line': b'-- Installing: /dev_ws/install/local/lib/python3.10/dist-packages/ur_commander/srv/_visualize_poses.py\n'}
[2.789170] (ur_commander) StdoutLine: {'line': b'-- Installing: /dev_ws/install/local/lib/python3.10/dist-packages/ur_commander/srv/__init__.py\n'}
[2.789265] (ur_commander) StdoutLine: {'line': b'-- Installing: /dev_ws/install/local/lib/python3.10/dist-packages/ur_commander/libur_commander__rosidl_generator_py.so\n'}
[2.789384] (ur_commander) StdoutLine: {'line': b'-- Installing: /dev_ws/install/local/lib/python3.10/dist-packages/ur_commander/__init__.py\n'}
[2.804143] (-) TimerEvent: {}
[2.818715] (ur_commander) StdoutLine: {'line': b"Listing '/dev_ws/install/local/lib/python3.10/dist-packages/ur_commander'...\n"}
[2.818807] (ur_commander) StdoutLine: {'line': b"Compiling '/dev_ws/install/local/lib/python3.10/dist-packages/ur_commander/__init__.py'...\n"}
[2.818845] (ur_commander) StdoutLine: {'line': b"Listing '/dev_ws/install/local/lib/python3.10/dist-packages/ur_commander/srv'...\n"}
[2.818876] (ur_commander) StdoutLine: {'line': b"Compiling '/dev_ws/install/local/lib/python3.10/dist-packages/ur_commander/srv/__init__.py'...\n"}
[2.818907] (ur_commander) StdoutLine: {'line': b"Compiling '/dev_ws/install/local/lib/python3.10/dist-packages/ur_commander/srv/_visualize_poses.py'...\n"}
[2.821875] (ur_commander) StdoutLine: {'line': b'-- Installing: /dev_ws/install/local/lib/python3.10/dist-packages/ur_commander/ur_commander_s__rosidl_typesupport_fastrtps_c.cpython-310-x86_64-linux-gnu.so\n'}
[2.822063] (ur_commander) StdoutLine: {'line': b'-- Set runtime path of "/dev_ws/install/local/lib/python3.10/dist-packages/ur_commander/ur_commander_s__rosidl_typesupport_fastrtps_c.cpython-310-x86_64-linux-gnu.so" to ""\n'}
[2.822139] (ur_commander) StdoutLine: {'line': b'-- Installing: /dev_ws/install/local/lib/python3.10/dist-packages/ur_commander/ur_commander_s__rosidl_typesupport_introspection_c.cpython-310-x86_64-linux-gnu.so\n'}
[2.822305] (ur_commander) StdoutLine: {'line': b'-- Set runtime path of "/dev_ws/install/local/lib/python3.10/dist-packages/ur_commander/ur_commander_s__rosidl_typesupport_introspection_c.cpython-310-x86_64-linux-gnu.so" to ""\n'}
[2.822386] (ur_commander) StdoutLine: {'line': b'-- Installing: /dev_ws/install/local/lib/python3.10/dist-packages/ur_commander/ur_commander_s__rosidl_typesupport_c.cpython-310-x86_64-linux-gnu.so\n'}
[2.822470] (ur_commander) StdoutLine: {'line': b'-- Set runtime path of "/dev_ws/install/local/lib/python3.10/dist-packages/ur_commander/ur_commander_s__rosidl_typesupport_c.cpython-310-x86_64-linux-gnu.so" to ""\n'}
[2.822601] (ur_commander) StdoutLine: {'line': b'-- Installing: /dev_ws/install/lib/libur_commander__rosidl_generator_py.so\n'}
[2.822839] (ur_commander) StdoutLine: {'line': b'-- Set runtime path of "/dev_ws/install/lib/libur_commander__rosidl_generator_py.so" to ""\n'}
[2.822870] (ur_commander) StdoutLine: {'line': b'-- Installing: /dev_ws/install/share/ur_commander/srv/VisualizePoses.idl\n'}
[2.822942] (ur_commander) StdoutLine: {'line': b'-- Installing: /dev_ws/install/share/ur_commander/srv/VisualizePoses.srv\n'}
[2.823041] (ur_commander) StdoutLine: {'line': b'-- Installing: /dev_ws/install/share/ur_commander/srv/VisualizePoses_Request.msg\n'}
[2.823145] (ur_commander) StdoutLine: {'line': b'-- Installing: /dev_ws/install/share/ur_commander/srv/VisualizePoses_Response.msg\n'}
[2.823257] (ur_commander) StdoutLine: {'line': b'-- Installing: /dev_ws/install/share/ur_commander//launch\n'}
[2.823311] (ur_commander) StdoutLine: {'line': b'-- Installing: /dev_ws/install/share/ur_commander//launch/iaac_ur10e.launch.py\n'}
[2.823357] (ur_commander) StdoutLine: {'line': b'-- Installing: /dev_ws/install/share/ur_commander//config\n'}
[2.823390] (ur_commander) StdoutLine: {'line': b'-- Installing: /dev_ws/install/share/ur_commander//config/rivz2_config.rviz\n'}
[2.823421] (ur_commander) StdoutLine: {'line': b'-- Installing: /dev_ws/install/lib/ur_commander/visualize_pose_srv.py\n'}
[2.823469] (ur_commander) StdoutLine: {'line': b'-- Installing: /dev_ws/install/share/ament_index/resource_index/package_run_dependencies/ur_commander\n'}
[2.823501] (ur_commander) StdoutLine: {'line': b'-- Installing: /dev_ws/install/share/ament_index/resource_index/parent_prefix_path/ur_commander\n'}
[2.823542] (ur_commander) StdoutLine: {'line': b'-- Installing: /dev_ws/install/share/ur_commander/environment/ament_prefix_path.sh\n'}
[2.823579] (ur_commander) StdoutLine: {'line': b'-- Installing: /dev_ws/install/share/ur_commander/environment/ament_prefix_path.dsv\n'}
[2.823628] (ur_commander) StdoutLine: {'line': b'-- Installing: /dev_ws/install/share/ur_commander/environment/path.sh\n'}
[2.823687] (ur_commander) StdoutLine: {'line': b'-- Installing: /dev_ws/install/share/ur_commander/environment/path.dsv\n'}
[2.823748] (ur_commander) StdoutLine: {'line': b'-- Installing: /dev_ws/install/share/ur_commander/local_setup.bash\n'}
[2.823806] (ur_commander) StdoutLine: {'line': b'-- Installing: /dev_ws/install/share/ur_commander/local_setup.sh\n'}
[2.823869] (ur_commander) StdoutLine: {'line': b'-- Installing: /dev_ws/install/share/ur_commander/local_setup.zsh\n'}
[2.823928] (ur_commander) StdoutLine: {'line': b'-- Installing: /dev_ws/install/share/ur_commander/local_setup.dsv\n'}
[2.823984] (ur_commander) StdoutLine: {'line': b'-- Installing: /dev_ws/install/share/ur_commander/package.dsv\n'}
[2.824047] (ur_commander) StdoutLine: {'line': b'-- Installing: /dev_ws/install/share/ament_index/resource_index/packages/ur_commander\n'}
[2.824134] (ur_commander) StdoutLine: {'line': b'-- Installing: /dev_ws/install/share/ur_commander/cmake/export_ur_commander__rosidl_generator_cExport.cmake\n'}
[2.824202] (ur_commander) StdoutLine: {'line': b'-- Installing: /dev_ws/install/share/ur_commander/cmake/export_ur_commander__rosidl_generator_cExport-noconfig.cmake\n'}
[2.824271] (ur_commander) StdoutLine: {'line': b'-- Installing: /dev_ws/install/share/ur_commander/cmake/export_ur_commander__rosidl_typesupport_fastrtps_cExport.cmake\n'}
[2.824347] (ur_commander) StdoutLine: {'line': b'-- Installing: /dev_ws/install/share/ur_commander/cmake/export_ur_commander__rosidl_typesupport_fastrtps_cExport-noconfig.cmake\n'}
[2.824415] (ur_commander) StdoutLine: {'line': b'-- Installing: /dev_ws/install/share/ur_commander/cmake/ur_commander__rosidl_typesupport_introspection_cExport.cmake\n'}
[2.824480] (ur_commander) StdoutLine: {'line': b'-- Installing: /dev_ws/install/share/ur_commander/cmake/ur_commander__rosidl_typesupport_introspection_cExport-noconfig.cmake\n'}
[2.824547] (ur_commander) StdoutLine: {'line': b'-- Installing: /dev_ws/install/share/ur_commander/cmake/ur_commander__rosidl_typesupport_cExport.cmake\n'}
[2.824612] (ur_commander) StdoutLine: {'line': b'-- Installing: /dev_ws/install/share/ur_commander/cmake/ur_commander__rosidl_typesupport_cExport-noconfig.cmake\n'}
[2.824682] (ur_commander) StdoutLine: {'line': b'-- Installing: /dev_ws/install/share/ur_commander/cmake/export_ur_commander__rosidl_generator_cppExport.cmake\n'}
[2.824749] (ur_commander) StdoutLine: {'line': b'-- Installing: /dev_ws/install/share/ur_commander/cmake/export_ur_commander__rosidl_typesupport_fastrtps_cppExport.cmake\n'}
[2.824813] (ur_commander) StdoutLine: {'line': b'-- Installing: /dev_ws/install/share/ur_commander/cmake/export_ur_commander__rosidl_typesupport_fastrtps_cppExport-noconfig.cmake\n'}
[2.824880] (ur_commander) StdoutLine: {'line': b'-- Installing: /dev_ws/install/share/ur_commander/cmake/ur_commander__rosidl_typesupport_introspection_cppExport.cmake\n'}
[2.824985] (ur_commander) StdoutLine: {'line': b'-- Installing: /dev_ws/install/share/ur_commander/cmake/ur_commander__rosidl_typesupport_introspection_cppExport-noconfig.cmake\n'}
[2.825026] (ur_commander) StdoutLine: {'line': b'-- Installing: /dev_ws/install/share/ur_commander/cmake/ur_commander__rosidl_typesupport_cppExport.cmake\n'}
[2.825075] (ur_commander) StdoutLine: {'line': b'-- Installing: /dev_ws/install/share/ur_commander/cmake/ur_commander__rosidl_typesupport_cppExport-noconfig.cmake\n'}
[2.825141] (ur_commander) StdoutLine: {'line': b'-- Installing: /dev_ws/install/share/ur_commander/cmake/export_ur_commander__rosidl_generator_pyExport.cmake\n'}
[2.825203] (ur_commander) StdoutLine: {'line': b'-- Installing: /dev_ws/install/share/ur_commander/cmake/export_ur_commander__rosidl_generator_pyExport-noconfig.cmake\n'}
[2.825266] (ur_commander) StdoutLine: {'line': b'-- Installing: /dev_ws/install/share/ur_commander/cmake/rosidl_cmake-extras.cmake\n'}
[2.825333] (ur_commander) StdoutLine: {'line': b'-- Installing: /dev_ws/install/share/ur_commander/cmake/ament_cmake_export_dependencies-extras.cmake\n'}
[2.825395] (ur_commander) StdoutLine: {'line': b'-- Installing: /dev_ws/install/share/ur_commander/cmake/ament_cmake_export_include_directories-extras.cmake\n'}
[2.825455] (ur_commander) StdoutLine: {'line': b'-- Installing: /dev_ws/install/share/ur_commander/cmake/ament_cmake_export_libraries-extras.cmake\n'}
[2.825520] (ur_commander) StdoutLine: {'line': b'-- Installing: /dev_ws/install/share/ur_commander/cmake/ament_cmake_export_targets-extras.cmake\n'}
[2.825580] (ur_commander) StdoutLine: {'line': b'-- Installing: /dev_ws/install/share/ur_commander/cmake/rosidl_cmake_export_typesupport_targets-extras.cmake\n'}
[2.825643] (ur_commander) StdoutLine: {'line': b'-- Installing: /dev_ws/install/share/ur_commander/cmake/rosidl_cmake_export_typesupport_libraries-extras.cmake\n'}
[2.825703] (ur_commander) StdoutLine: {'line': b'-- Installing: /dev_ws/install/share/ur_commander/cmake/ur_commanderConfig.cmake\n'}
[2.825756] (ur_commander) StdoutLine: {'line': b'-- Installing: /dev_ws/install/share/ur_commander/cmake/ur_commanderConfig-version.cmake\n'}
[2.825816] (ur_commander) StdoutLine: {'line': b'-- Installing: /dev_ws/install/share/ur_commander/package.xml\n'}
[2.827457] (ur_commander) CommandEnded: {'returncode': 0}
[2.838563] (ur_commander) JobEnded: {'identifier': 'ur_commander', 'rc': 0}
[2.838937] (-) EventReactorShutdown: {}
