[0.008s] Invoking command in '/dev_ws/build/easy_handeye2_msgs': CMAKE_PREFIX_PATH=${CMAKE_PREFIX_PATH}:/opt/ros/humble /usr/bin/cmake /dev_ws/src/easy_handeye2/easy_handeye2_msgs -DCMAKE_INSTALL_PREFIX=/dev_ws/install
[0.087s] -- The C compiler identification is GNU 11.4.0
[0.158s] -- The CXX compiler identification is GNU 11.4.0
[0.164s] -- Detecting C compiler ABI info
[0.257s] -- Detecting C compiler ABI info - done
[0.264s] -- Check for working C compiler: /usr/bin/cc - skipped
[0.265s] -- Detecting C compile features
[0.265s] -- Detecting C compile features - done
[0.267s] -- Detecting CXX compiler ABI info
[0.328s] -- Detecting CXX compiler ABI info - done
[0.333s] -- Check for working CXX compiler: /usr/bin/c++ - skipped
[0.333s] -- Detecting CXX compile features
[0.334s] -- Detecting CXX compile features - done
[0.336s] -- Found ament_cmake: 1.3.11 (/opt/ros/humble/share/ament_cmake/cmake)
[0.461s] -- Found Python3: /usr/bin/python3 (found version "3.10.12") found components: Interpreter 
[0.531s] -- Found rosidl_default_generators: 1.2.0 (/opt/ros/humble/share/rosidl_default_generators/cmake)
[0.533s] -- Using all available rosidl_typesupport_c: rosidl_typesupport_fastrtps_c;rosidl_typesupport_introspection_c
[0.539s] -- Found rosidl_adapter: 3.1.6 (/opt/ros/humble/share/rosidl_adapter/cmake)
[0.573s] -- Using all available rosidl_typesupport_cpp: rosidl_typesupport_fastrtps_cpp;rosidl_typesupport_introspection_cpp
[0.597s] -- Found std_msgs: 4.8.0 (/opt/ros/humble/share/std_msgs/cmake)
[0.615s] -- Found geometry_msgs: 4.8.0 (/opt/ros/humble/share/geometry_msgs/cmake)
[0.897s] -- Found ament_cmake_ros: 0.10.0 (/opt/ros/humble/share/ament_cmake_ros/cmake)
[1.077s] -- Using all available rosidl_typesupport_c: rosidl_typesupport_fastrtps_c;rosidl_typesupport_introspection_c
[1.327s] -- Using all available rosidl_typesupport_cpp: rosidl_typesupport_fastrtps_cpp;rosidl_typesupport_introspection_cpp
[1.353s] -- Found PythonInterp: /usr/bin/python3 (found suitable version "3.10.12", minimum required is "3.6") 
[1.354s] -- Found python_cmake_module: 0.10.0 (/opt/ros/humble/share/python_cmake_module/cmake)
[1.373s] -- Found PythonLibs: /usr/lib/x86_64-linux-gnu/libpython3.10.so (found suitable version "3.10.12", minimum required is "3.5") 
[1.373s] -- Using PYTHON_EXECUTABLE: /usr/bin/python3
[1.373s] -- Using PYTHON_INCLUDE_DIRS: /usr/include/python3.10
[1.373s] -- Using PYTHON_LIBRARIES: /usr/lib/x86_64-linux-gnu/libpython3.10.so
[1.388s] -- Found PythonExtra: .so  
[1.431s] -- Configuring done
[1.477s] -- Generating done
[1.486s] -- Build files have been written to: /dev_ws/build/easy_handeye2_msgs
[1.491s] Invoked command in '/dev_ws/build/easy_handeye2_msgs' returned '0': CMAKE_PREFIX_PATH=${CMAKE_PREFIX_PATH}:/opt/ros/humble /usr/bin/cmake /dev_ws/src/easy_handeye2/easy_handeye2_msgs -DCMAKE_INSTALL_PREFIX=/dev_ws/install
[1.492s] Invoking command in '/dev_ws/build/easy_handeye2_msgs': CMAKE_PREFIX_PATH=${CMAKE_PREFIX_PATH}:/opt/ros/humble /usr/bin/cmake --build /dev_ws/build/easy_handeye2_msgs -- -j20 -l20
[1.533s] [  0%] [34m[1mGenerating C code for ROS interfaces[0m
[1.545s] [  0%] [34m[1mGenerating C++ code for ROS interfaces[0m
[1.554s] [  0%] Built target ament_cmake_python_copy_easy_handeye2_msgs
[1.701s] running egg_info
[1.702s] creating easy_handeye2_msgs.egg-info
[1.702s] writing easy_handeye2_msgs.egg-info/PKG-INFO
[1.702s] writing dependency_links to easy_handeye2_msgs.egg-info/dependency_links.txt
[1.702s] writing top-level names to easy_handeye2_msgs.egg-info/top_level.txt
[1.702s] writing manifest file 'easy_handeye2_msgs.egg-info/SOURCES.txt'
[1.703s] reading manifest file 'easy_handeye2_msgs.egg-info/SOURCES.txt'
[1.704s] writing manifest file 'easy_handeye2_msgs.egg-info/SOURCES.txt'
[1.720s] [  0%] Built target ament_cmake_python_build_easy_handeye2_msgs_egg
[2.377s] [  0%] Built target easy_handeye2_msgs__cpp
[2.389s] [  1%] [34m[1mGenerating C++ type support for eProsima Fast-RTPS[0m
[2.389s] [  2%] [34m[1mGenerating C++ introspection for ROS interfaces[0m
[2.389s] [  2%] [34m[1mGenerating C++ type support dispatch for ROS interfaces[0m
[2.400s] [  2%] [32mBuilding C object CMakeFiles/easy_handeye2_msgs__rosidl_generator_c.dir/rosidl_generator_c/easy_handeye2_msgs/srv/detail/set_algorithm__functions.c.o[0m
[2.401s] [  3%] [32mBuilding C object CMakeFiles/easy_handeye2_msgs__rosidl_generator_c.dir/rosidl_generator_c/easy_handeye2_msgs/msg/detail/sample__functions.c.o[0m
[2.401s] [  4%] [32mBuilding C object CMakeFiles/easy_handeye2_msgs__rosidl_generator_c.dir/rosidl_generator_c/easy_handeye2_msgs/msg/detail/sample_list__functions.c.o[0m
[2.401s] [  4%] [32mBuilding C object CMakeFiles/easy_handeye2_msgs__rosidl_generator_c.dir/rosidl_generator_c/easy_handeye2_msgs/msg/detail/target_pose_list__functions.c.o[0m
[2.401s] [  5%] [32mBuilding C object CMakeFiles/easy_handeye2_msgs__rosidl_generator_c.dir/rosidl_generator_c/easy_handeye2_msgs/srv/detail/list_algorithms__functions.c.o[0m
[2.402s] [  6%] [32mBuilding C object CMakeFiles/easy_handeye2_msgs__rosidl_generator_c.dir/rosidl_generator_c/easy_handeye2_msgs/msg/detail/handeye_calibration_parameters__functions.c.o[0m
[2.402s] [  6%] [32mBuilding C object CMakeFiles/easy_handeye2_msgs__rosidl_generator_c.dir/rosidl_generator_c/easy_handeye2_msgs/msg/detail/handeye_calibration__functions.c.o[0m
[2.403s] [  6%] [32mBuilding C object CMakeFiles/easy_handeye2_msgs__rosidl_generator_c.dir/rosidl_generator_c/easy_handeye2_msgs/srv/detail/remove_sample__functions.c.o[0m
[2.403s] [  7%] [32mBuilding C object CMakeFiles/easy_handeye2_msgs__rosidl_generator_c.dir/rosidl_generator_c/easy_handeye2_msgs/srv/detail/save_calibration__functions.c.o[0m
[2.403s] [  8%] [32mBuilding C object CMakeFiles/easy_handeye2_msgs__rosidl_generator_c.dir/rosidl_generator_c/easy_handeye2_msgs/srv/detail/take_sample__functions.c.o[0m
[2.403s] [  9%] [32mBuilding C object CMakeFiles/easy_handeye2_msgs__rosidl_generator_c.dir/rosidl_generator_c/easy_handeye2_msgs/srv/detail/compute_calibration__functions.c.o[0m
[2.404s] [  9%] [32mBuilding C object CMakeFiles/easy_handeye2_msgs__rosidl_generator_c.dir/rosidl_generator_c/easy_handeye2_msgs/srv/detail/enumerate_target_poses__functions.c.o[0m
[2.407s] [ 10%] [32mBuilding C object CMakeFiles/easy_handeye2_msgs__rosidl_generator_c.dir/rosidl_generator_c/easy_handeye2_msgs/srv/detail/select_target_pose__functions.c.o[0m
[2.407s] [ 11%] [32mBuilding C object CMakeFiles/easy_handeye2_msgs__rosidl_generator_c.dir/rosidl_generator_c/easy_handeye2_msgs/srv/detail/load_samples__functions.c.o[0m
[2.407s] [ 12%] [32mBuilding C object CMakeFiles/easy_handeye2_msgs__rosidl_generator_c.dir/rosidl_generator_c/easy_handeye2_msgs/srv/detail/check_starting_pose__functions.c.o[0m
[2.407s] [ 12%] [32mBuilding C object CMakeFiles/easy_handeye2_msgs__rosidl_generator_c.dir/rosidl_generator_c/easy_handeye2_msgs/srv/detail/plan_to_selected_target_pose__functions.c.o[0m
[2.411s] [ 12%] [32mBuilding C object CMakeFiles/easy_handeye2_msgs__rosidl_generator_c.dir/rosidl_generator_c/easy_handeye2_msgs/srv/detail/save_samples__functions.c.o[0m
[2.478s] [ 13%] [32mBuilding C object CMakeFiles/easy_handeye2_msgs__rosidl_generator_c.dir/rosidl_generator_c/easy_handeye2_msgs/srv/detail/execute_plan__functions.c.o[0m
[2.531s] [ 14%] [32m[1mLinking C shared library libeasy_handeye2_msgs__rosidl_generator_c.so[0m
[2.568s] [ 14%] Built target easy_handeye2_msgs__rosidl_generator_c
[2.580s] [ 17%] [34m[1mGenerating C introspection for ROS interfaces[0m
[2.580s] [ 17%] [34m[1mGenerating C type support for eProsima Fast-RTPS[0m
[2.580s] [ 17%] [34m[1mGenerating C type support dispatch for ROS interfaces[0m
[3.030s] [ 19%] [32mBuilding CXX object CMakeFiles/easy_handeye2_msgs__rosidl_typesupport_cpp.dir/rosidl_typesupport_cpp/easy_handeye2_msgs/msg/handeye_calibration_parameters__type_support.cpp.o[0m
[3.030s] [ 19%] [32mBuilding CXX object CMakeFiles/easy_handeye2_msgs__rosidl_typesupport_cpp.dir/rosidl_typesupport_cpp/easy_handeye2_msgs/srv/compute_calibration__type_support.cpp.o[0m
[3.031s] [ 19%] [32mBuilding CXX object CMakeFiles/easy_handeye2_msgs__rosidl_typesupport_cpp.dir/rosidl_typesupport_cpp/easy_handeye2_msgs/msg/handeye_calibration__type_support.cpp.o[0m
[3.031s] [ 19%] [32mBuilding CXX object CMakeFiles/easy_handeye2_msgs__rosidl_typesupport_cpp.dir/rosidl_typesupport_cpp/easy_handeye2_msgs/srv/save_calibration__type_support.cpp.o[0m
[3.031s] [ 21%] [32mBuilding CXX object CMakeFiles/easy_handeye2_msgs__rosidl_typesupport_cpp.dir/rosidl_typesupport_cpp/easy_handeye2_msgs/srv/remove_sample__type_support.cpp.o[0m
[3.031s] [ 21%] [32mBuilding CXX object CMakeFiles/easy_handeye2_msgs__rosidl_typesupport_cpp.dir/rosidl_typesupport_cpp/easy_handeye2_msgs/msg/sample_list__type_support.cpp.o[0m
[3.032s] [ 22%] [32mBuilding CXX object CMakeFiles/easy_handeye2_msgs__rosidl_typesupport_cpp.dir/rosidl_typesupport_cpp/easy_handeye2_msgs/srv/save_samples__type_support.cpp.o[0m
[3.032s] [ 22%] [32mBuilding CXX object CMakeFiles/easy_handeye2_msgs__rosidl_typesupport_cpp.dir/rosidl_typesupport_cpp/easy_handeye2_msgs/srv/list_algorithms__type_support.cpp.o[0m
[3.032s] [ 23%] [32mBuilding CXX object CMakeFiles/easy_handeye2_msgs__rosidl_typesupport_cpp.dir/rosidl_typesupport_cpp/easy_handeye2_msgs/msg/sample__type_support.cpp.o[0m
[3.032s] [ 23%] [32mBuilding CXX object CMakeFiles/easy_handeye2_msgs__rosidl_typesupport_cpp.dir/rosidl_typesupport_cpp/easy_handeye2_msgs/msg/target_pose_list__type_support.cpp.o[0m
[3.032s] [ 25%] [32mBuilding CXX object CMakeFiles/easy_handeye2_msgs__rosidl_typesupport_cpp.dir/rosidl_typesupport_cpp/easy_handeye2_msgs/srv/set_algorithm__type_support.cpp.o[0m
[3.032s] [ 25%] [32mBuilding CXX object CMakeFiles/easy_handeye2_msgs__rosidl_typesupport_cpp.dir/rosidl_typesupport_cpp/easy_handeye2_msgs/srv/check_starting_pose__type_support.cpp.o[0m
[3.032s] [ 26%] [32mBuilding CXX object CMakeFiles/easy_handeye2_msgs__rosidl_typesupport_cpp.dir/rosidl_typesupport_cpp/easy_handeye2_msgs/srv/load_samples__type_support.cpp.o[0m
[3.032s] [ 26%] [32mBuilding CXX object CMakeFiles/easy_handeye2_msgs__rosidl_typesupport_cpp.dir/rosidl_typesupport_cpp/easy_handeye2_msgs/srv/enumerate_target_poses__type_support.cpp.o[0m
[3.033s] [ 26%] [32mBuilding CXX object CMakeFiles/easy_handeye2_msgs__rosidl_typesupport_cpp.dir/rosidl_typesupport_cpp/easy_handeye2_msgs/srv/take_sample__type_support.cpp.o[0m
[3.430s] [ 26%] [32mBuilding CXX object CMakeFiles/easy_handeye2_msgs__rosidl_typesupport_c.dir/rosidl_typesupport_c/easy_handeye2_msgs/msg/handeye_calibration__type_support.cpp.o[0m
[3.457s] [ 27%] [32mBuilding CXX object CMakeFiles/easy_handeye2_msgs__rosidl_typesupport_c.dir/rosidl_typesupport_c/easy_handeye2_msgs/msg/handeye_calibration_parameters__type_support.cpp.o[0m
[3.457s] [ 27%] [32mBuilding CXX object CMakeFiles/easy_handeye2_msgs__rosidl_typesupport_c.dir/rosidl_typesupport_c/easy_handeye2_msgs/msg/sample__type_support.cpp.o[0m
[3.461s] [ 28%] [32mBuilding CXX object CMakeFiles/easy_handeye2_msgs__rosidl_typesupport_c.dir/rosidl_typesupport_c/easy_handeye2_msgs/msg/sample_list__type_support.cpp.o[0m
[3.461s] [ 29%] [32mBuilding CXX object CMakeFiles/easy_handeye2_msgs__rosidl_typesupport_c.dir/rosidl_typesupport_c/easy_handeye2_msgs/msg/target_pose_list__type_support.cpp.o[0m
[3.461s] [ 29%] [32mBuilding CXX object CMakeFiles/easy_handeye2_msgs__rosidl_typesupport_cpp.dir/rosidl_typesupport_cpp/easy_handeye2_msgs/srv/select_target_pose__type_support.cpp.o[0m
[3.478s] [ 29%] [32mBuilding CXX object CMakeFiles/easy_handeye2_msgs__rosidl_typesupport_c.dir/rosidl_typesupport_c/easy_handeye2_msgs/srv/list_algorithms__type_support.cpp.o[0m
[3.478s] [ 30%] [32mBuilding CXX object CMakeFiles/easy_handeye2_msgs__rosidl_typesupport_c.dir/rosidl_typesupport_c/easy_handeye2_msgs/srv/compute_calibration__type_support.cpp.o[0m
[3.478s] [ 30%] [32mBuilding CXX object CMakeFiles/easy_handeye2_msgs__rosidl_typesupport_c.dir/rosidl_typesupport_c/easy_handeye2_msgs/srv/set_algorithm__type_support.cpp.o[0m
[3.478s] [ 31%] [32mBuilding CXX object CMakeFiles/easy_handeye2_msgs__rosidl_typesupport_cpp.dir/rosidl_typesupport_cpp/easy_handeye2_msgs/srv/plan_to_selected_target_pose__type_support.cpp.o[0m
[3.486s] [ 32%] [32mBuilding CXX object CMakeFiles/easy_handeye2_msgs__rosidl_typesupport_c.dir/rosidl_typesupport_c/easy_handeye2_msgs/srv/save_calibration__type_support.cpp.o[0m
[3.498s] [ 33%] [32mBuilding CXX object CMakeFiles/easy_handeye2_msgs__rosidl_typesupport_cpp.dir/rosidl_typesupport_cpp/easy_handeye2_msgs/srv/execute_plan__type_support.cpp.o[0m
[3.499s] [ 34%] [32mBuilding CXX object CMakeFiles/easy_handeye2_msgs__rosidl_typesupport_c.dir/rosidl_typesupport_c/easy_handeye2_msgs/srv/remove_sample__type_support.cpp.o[0m
[3.502s] [ 34%] [32mBuilding CXX object CMakeFiles/easy_handeye2_msgs__rosidl_typesupport_c.dir/rosidl_typesupport_c/easy_handeye2_msgs/srv/take_sample__type_support.cpp.o[0m
[3.503s] [ 35%] [32mBuilding CXX object CMakeFiles/easy_handeye2_msgs__rosidl_typesupport_c.dir/rosidl_typesupport_c/easy_handeye2_msgs/srv/save_samples__type_support.cpp.o[0m
[3.524s] [ 35%] [32mBuilding CXX object CMakeFiles/easy_handeye2_msgs__rosidl_typesupport_c.dir/rosidl_typesupport_c/easy_handeye2_msgs/srv/load_samples__type_support.cpp.o[0m
[3.533s] [ 36%] [32mBuilding CXX object CMakeFiles/easy_handeye2_msgs__rosidl_typesupport_c.dir/rosidl_typesupport_c/easy_handeye2_msgs/srv/check_starting_pose__type_support.cpp.o[0m
[3.538s] [ 37%] [32mBuilding CXX object CMakeFiles/easy_handeye2_msgs__rosidl_typesupport_c.dir/rosidl_typesupport_c/easy_handeye2_msgs/srv/enumerate_target_poses__type_support.cpp.o[0m
[3.541s] [ 37%] [32mBuilding CXX object CMakeFiles/easy_handeye2_msgs__rosidl_typesupport_c.dir/rosidl_typesupport_c/easy_handeye2_msgs/srv/select_target_pose__type_support.cpp.o[0m
[3.547s] [ 38%] [32mBuilding CXX object CMakeFiles/easy_handeye2_msgs__rosidl_typesupport_c.dir/rosidl_typesupport_c/easy_handeye2_msgs/srv/plan_to_selected_target_pose__type_support.cpp.o[0m
[3.562s] [ 38%] [32mBuilding CXX object CMakeFiles/easy_handeye2_msgs__rosidl_typesupport_c.dir/rosidl_typesupport_c/easy_handeye2_msgs/srv/execute_plan__type_support.cpp.o[0m
[3.597s] [ 40%] [32mBuilding CXX object CMakeFiles/easy_handeye2_msgs__rosidl_typesupport_introspection_cpp.dir/rosidl_typesupport_introspection_cpp/easy_handeye2_msgs/msg/detail/handeye_calibration_parameters__type_support.cpp.o[0m
[3.597s] [ 41%] [32mBuilding CXX object CMakeFiles/easy_handeye2_msgs__rosidl_typesupport_introspection_cpp.dir/rosidl_typesupport_introspection_cpp/easy_handeye2_msgs/msg/detail/target_pose_list__type_support.cpp.o[0m
[3.597s] [ 41%] [32mBuilding CXX object CMakeFiles/easy_handeye2_msgs__rosidl_typesupport_introspection_cpp.dir/rosidl_typesupport_introspection_cpp/easy_handeye2_msgs/msg/detail/sample__type_support.cpp.o[0m
[3.597s] [ 40%] [32mBuilding CXX object CMakeFiles/easy_handeye2_msgs__rosidl_typesupport_introspection_cpp.dir/rosidl_typesupport_introspection_cpp/easy_handeye2_msgs/msg/detail/sample_list__type_support.cpp.o[0m
[3.598s] [ 41%] [32mBuilding CXX object CMakeFiles/easy_handeye2_msgs__rosidl_typesupport_introspection_cpp.dir/rosidl_typesupport_introspection_cpp/easy_handeye2_msgs/srv/detail/set_algorithm__type_support.cpp.o[0m
[3.599s] [ 41%] [32mBuilding CXX object CMakeFiles/easy_handeye2_msgs__rosidl_typesupport_introspection_cpp.dir/rosidl_typesupport_introspection_cpp/easy_handeye2_msgs/msg/detail/handeye_calibration__type_support.cpp.o[0m
[3.599s] [ 42%] [32mBuilding CXX object CMakeFiles/easy_handeye2_msgs__rosidl_typesupport_introspection_cpp.dir/rosidl_typesupport_introspection_cpp/easy_handeye2_msgs/srv/detail/list_algorithms__type_support.cpp.o[0m
[3.599s] [ 43%] [32m[1mLinking CXX shared library libeasy_handeye2_msgs__rosidl_typesupport_c.so[0m
[3.670s] [ 43%] Built target easy_handeye2_msgs__rosidl_typesupport_c
[3.671s] [ 44%] [32mBuilding CXX object CMakeFiles/easy_handeye2_msgs__rosidl_typesupport_introspection_cpp.dir/rosidl_typesupport_introspection_cpp/easy_handeye2_msgs/srv/detail/compute_calibration__type_support.cpp.o[0m
[3.682s] [ 45%] [32mBuilding CXX object CMakeFiles/easy_handeye2_msgs__rosidl_typesupport_introspection_cpp.dir/rosidl_typesupport_introspection_cpp/easy_handeye2_msgs/srv/detail/save_calibration__type_support.cpp.o[0m
[3.765s] [ 45%] [32mBuilding CXX object CMakeFiles/easy_handeye2_msgs__rosidl_typesupport_introspection_cpp.dir/rosidl_typesupport_introspection_cpp/easy_handeye2_msgs/srv/detail/remove_sample__type_support.cpp.o[0m
[3.794s] [ 46%] [32mBuilding CXX object CMakeFiles/easy_handeye2_msgs__rosidl_typesupport_introspection_cpp.dir/rosidl_typesupport_introspection_cpp/easy_handeye2_msgs/srv/detail/take_sample__type_support.cpp.o[0m
[3.797s] [ 47%] [32mBuilding CXX object CMakeFiles/easy_handeye2_msgs__rosidl_typesupport_introspection_cpp.dir/rosidl_typesupport_introspection_cpp/easy_handeye2_msgs/srv/detail/load_samples__type_support.cpp.o[0m
[3.797s] [ 47%] [32mBuilding CXX object CMakeFiles/easy_handeye2_msgs__rosidl_typesupport_introspection_cpp.dir/rosidl_typesupport_introspection_cpp/easy_handeye2_msgs/srv/detail/save_samples__type_support.cpp.o[0m
[3.852s] [ 48%] [32mBuilding CXX object CMakeFiles/easy_handeye2_msgs__rosidl_typesupport_introspection_cpp.dir/rosidl_typesupport_introspection_cpp/easy_handeye2_msgs/srv/detail/check_starting_pose__type_support.cpp.o[0m
[3.872s] [ 48%] [32mBuilding CXX object CMakeFiles/easy_handeye2_msgs__rosidl_typesupport_introspection_cpp.dir/rosidl_typesupport_introspection_cpp/easy_handeye2_msgs/srv/detail/enumerate_target_poses__type_support.cpp.o[0m
[3.880s] [ 49%] [32mBuilding CXX object CMakeFiles/easy_handeye2_msgs__rosidl_typesupport_introspection_cpp.dir/rosidl_typesupport_introspection_cpp/easy_handeye2_msgs/srv/detail/select_target_pose__type_support.cpp.o[0m
[3.906s] [ 49%] [32m[1mLinking CXX shared library libeasy_handeye2_msgs__rosidl_typesupport_cpp.so[0m
[3.981s] [ 49%] Built target easy_handeye2_msgs__rosidl_typesupport_cpp
[4.018s] [ 49%] [32mBuilding CXX object CMakeFiles/easy_handeye2_msgs__rosidl_typesupport_introspection_cpp.dir/rosidl_typesupport_introspection_cpp/easy_handeye2_msgs/srv/detail/plan_to_selected_target_pose__type_support.cpp.o[0m
[4.137s] [ 50%] [32mBuilding CXX object CMakeFiles/easy_handeye2_msgs__rosidl_typesupport_fastrtps_cpp.dir/rosidl_typesupport_fastrtps_cpp/easy_handeye2_msgs/msg/detail/dds_fastrtps/handeye_calibration__type_support.cpp.o[0m
[4.186s] [ 50%] [32mBuilding CXX object CMakeFiles/easy_handeye2_msgs__rosidl_typesupport_fastrtps_cpp.dir/rosidl_typesupport_fastrtps_cpp/easy_handeye2_msgs/msg/detail/dds_fastrtps/handeye_calibration_parameters__type_support.cpp.o[0m
[4.193s] [ 51%] [32mBuilding CXX object CMakeFiles/easy_handeye2_msgs__rosidl_typesupport_fastrtps_cpp.dir/rosidl_typesupport_fastrtps_cpp/easy_handeye2_msgs/msg/detail/dds_fastrtps/sample__type_support.cpp.o[0m
[4.215s] [ 51%] [32mBuilding CXX object CMakeFiles/easy_handeye2_msgs__rosidl_typesupport_fastrtps_cpp.dir/rosidl_typesupport_fastrtps_cpp/easy_handeye2_msgs/msg/detail/dds_fastrtps/sample_list__type_support.cpp.o[0m
[4.230s] [ 52%] [32mBuilding CXX object CMakeFiles/easy_handeye2_msgs__rosidl_typesupport_introspection_cpp.dir/rosidl_typesupport_introspection_cpp/easy_handeye2_msgs/srv/detail/execute_plan__type_support.cpp.o[0m
[4.268s] [ 53%] [32mBuilding CXX object CMakeFiles/easy_handeye2_msgs__rosidl_typesupport_fastrtps_cpp.dir/rosidl_typesupport_fastrtps_cpp/easy_handeye2_msgs/msg/detail/dds_fastrtps/target_pose_list__type_support.cpp.o[0m
[4.275s] [ 54%] [32mBuilding CXX object CMakeFiles/easy_handeye2_msgs__rosidl_typesupport_fastrtps_cpp.dir/rosidl_typesupport_fastrtps_cpp/easy_handeye2_msgs/srv/detail/dds_fastrtps/list_algorithms__type_support.cpp.o[0m
[4.365s] [ 54%] [32mBuilding CXX object CMakeFiles/easy_handeye2_msgs__rosidl_typesupport_fastrtps_cpp.dir/rosidl_typesupport_fastrtps_cpp/easy_handeye2_msgs/srv/detail/dds_fastrtps/set_algorithm__type_support.cpp.o[0m
[4.494s] [ 55%] [32mBuilding CXX object CMakeFiles/easy_handeye2_msgs__rosidl_typesupport_fastrtps_cpp.dir/rosidl_typesupport_fastrtps_cpp/easy_handeye2_msgs/srv/detail/dds_fastrtps/compute_calibration__type_support.cpp.o[0m
[4.499s] [ 55%] [32mBuilding CXX object CMakeFiles/easy_handeye2_msgs__rosidl_typesupport_fastrtps_cpp.dir/rosidl_typesupport_fastrtps_cpp/easy_handeye2_msgs/srv/detail/dds_fastrtps/save_calibration__type_support.cpp.o[0m
[4.502s] [ 56%] [32mBuilding CXX object CMakeFiles/easy_handeye2_msgs__rosidl_typesupport_fastrtps_cpp.dir/rosidl_typesupport_fastrtps_cpp/easy_handeye2_msgs/srv/detail/dds_fastrtps/remove_sample__type_support.cpp.o[0m
[4.717s] [ 57%] [32mBuilding C object CMakeFiles/easy_handeye2_msgs__rosidl_typesupport_introspection_c.dir/rosidl_typesupport_introspection_c/easy_handeye2_msgs/msg/detail/handeye_calibration__type_support.c.o[0m
[4.733s] [ 58%] [32mBuilding CXX object CMakeFiles/easy_handeye2_msgs__rosidl_typesupport_fastrtps_cpp.dir/rosidl_typesupport_fastrtps_cpp/easy_handeye2_msgs/srv/detail/dds_fastrtps/take_sample__type_support.cpp.o[0m
[4.763s] [ 58%] [32mBuilding CXX object CMakeFiles/easy_handeye2_msgs__rosidl_typesupport_fastrtps_cpp.dir/rosidl_typesupport_fastrtps_cpp/easy_handeye2_msgs/srv/detail/dds_fastrtps/save_samples__type_support.cpp.o[0m
[4.786s] [ 59%] [32mBuilding CXX object CMakeFiles/easy_handeye2_msgs__rosidl_typesupport_fastrtps_cpp.dir/rosidl_typesupport_fastrtps_cpp/easy_handeye2_msgs/srv/detail/dds_fastrtps/load_samples__type_support.cpp.o[0m
[4.795s] [ 59%] [32mBuilding C object CMakeFiles/easy_handeye2_msgs__rosidl_typesupport_introspection_c.dir/rosidl_typesupport_introspection_c/easy_handeye2_msgs/msg/detail/handeye_calibration_parameters__type_support.c.o[0m
[4.800s] [ 59%] [32mBuilding CXX object CMakeFiles/easy_handeye2_msgs__rosidl_typesupport_fastrtps_cpp.dir/rosidl_typesupport_fastrtps_cpp/easy_handeye2_msgs/srv/detail/dds_fastrtps/check_starting_pose__type_support.cpp.o[0m
[4.803s] [ 60%] [32mBuilding CXX object CMakeFiles/easy_handeye2_msgs__rosidl_typesupport_fastrtps_cpp.dir/rosidl_typesupport_fastrtps_cpp/easy_handeye2_msgs/srv/detail/dds_fastrtps/enumerate_target_poses__type_support.cpp.o[0m
[4.814s] [ 61%] [32mBuilding C object CMakeFiles/easy_handeye2_msgs__rosidl_typesupport_introspection_c.dir/rosidl_typesupport_introspection_c/easy_handeye2_msgs/msg/detail/sample__type_support.c.o[0m
[4.836s] [ 61%] [32mBuilding C object CMakeFiles/easy_handeye2_msgs__rosidl_typesupport_introspection_c.dir/rosidl_typesupport_introspection_c/easy_handeye2_msgs/msg/detail/sample_list__type_support.c.o[0m
[4.846s] [ 62%] [32mBuilding C object CMakeFiles/easy_handeye2_msgs__rosidl_typesupport_introspection_c.dir/rosidl_typesupport_introspection_c/easy_handeye2_msgs/msg/detail/target_pose_list__type_support.c.o[0m
[4.855s] [ 63%] [32mBuilding CXX object CMakeFiles/easy_handeye2_msgs__rosidl_typesupport_fastrtps_cpp.dir/rosidl_typesupport_fastrtps_cpp/easy_handeye2_msgs/srv/detail/dds_fastrtps/select_target_pose__type_support.cpp.o[0m
[4.887s] [ 64%] [32mBuilding C object CMakeFiles/easy_handeye2_msgs__rosidl_typesupport_introspection_c.dir/rosidl_typesupport_introspection_c/easy_handeye2_msgs/srv/detail/list_algorithms__type_support.c.o[0m
[4.921s] [ 65%] [32mBuilding CXX object CMakeFiles/easy_handeye2_msgs__rosidl_typesupport_fastrtps_cpp.dir/rosidl_typesupport_fastrtps_cpp/easy_handeye2_msgs/srv/detail/dds_fastrtps/execute_plan__type_support.cpp.o[0m
[4.925s] [ 65%] [32mBuilding C object CMakeFiles/easy_handeye2_msgs__rosidl_typesupport_introspection_c.dir/rosidl_typesupport_introspection_c/easy_handeye2_msgs/srv/detail/set_algorithm__type_support.c.o[0m
[4.928s] [ 65%] [32mBuilding CXX object CMakeFiles/easy_handeye2_msgs__rosidl_typesupport_fastrtps_cpp.dir/rosidl_typesupport_fastrtps_cpp/easy_handeye2_msgs/srv/detail/dds_fastrtps/plan_to_selected_target_pose__type_support.cpp.o[0m
[4.979s] [ 66%] [32mBuilding C object CMakeFiles/easy_handeye2_msgs__rosidl_typesupport_introspection_c.dir/rosidl_typesupport_introspection_c/easy_handeye2_msgs/srv/detail/compute_calibration__type_support.c.o[0m
[4.984s] [ 66%] [32mBuilding C object CMakeFiles/easy_handeye2_msgs__rosidl_typesupport_introspection_c.dir/rosidl_typesupport_introspection_c/easy_handeye2_msgs/srv/detail/save_calibration__type_support.c.o[0m
[4.995s] [ 67%] [32mBuilding C object CMakeFiles/easy_handeye2_msgs__rosidl_typesupport_introspection_c.dir/rosidl_typesupport_introspection_c/easy_handeye2_msgs/srv/detail/remove_sample__type_support.c.o[0m
[5.002s] [ 68%] [32mBuilding C object CMakeFiles/easy_handeye2_msgs__rosidl_typesupport_introspection_c.dir/rosidl_typesupport_introspection_c/easy_handeye2_msgs/srv/detail/take_sample__type_support.c.o[0m
[5.008s] [ 68%] [32mBuilding C object CMakeFiles/easy_handeye2_msgs__rosidl_typesupport_introspection_c.dir/rosidl_typesupport_introspection_c/easy_handeye2_msgs/srv/detail/save_samples__type_support.c.o[0m
[5.046s] [ 68%] [32mBuilding C object CMakeFiles/easy_handeye2_msgs__rosidl_typesupport_introspection_c.dir/rosidl_typesupport_introspection_c/easy_handeye2_msgs/srv/detail/check_starting_pose__type_support.c.o[0m
[5.053s] [ 69%] [32mBuilding C object CMakeFiles/easy_handeye2_msgs__rosidl_typesupport_introspection_c.dir/rosidl_typesupport_introspection_c/easy_handeye2_msgs/srv/detail/enumerate_target_poses__type_support.c.o[0m
[5.061s] [ 70%] [32mBuilding C object CMakeFiles/easy_handeye2_msgs__rosidl_typesupport_introspection_c.dir/rosidl_typesupport_introspection_c/easy_handeye2_msgs/srv/detail/load_samples__type_support.c.o[0m
[5.064s] [ 70%] [32mBuilding C object CMakeFiles/easy_handeye2_msgs__rosidl_typesupport_introspection_c.dir/rosidl_typesupport_introspection_c/easy_handeye2_msgs/srv/detail/plan_to_selected_target_pose__type_support.c.o[0m
[5.066s] [ 71%] [32mBuilding C object CMakeFiles/easy_handeye2_msgs__rosidl_typesupport_introspection_c.dir/rosidl_typesupport_introspection_c/easy_handeye2_msgs/srv/detail/select_target_pose__type_support.c.o[0m
[5.101s] [ 72%] [32mBuilding CXX object CMakeFiles/easy_handeye2_msgs__rosidl_typesupport_fastrtps_c.dir/rosidl_typesupport_fastrtps_c/easy_handeye2_msgs/msg/detail/handeye_calibration__type_support_c.cpp.o[0m
[5.102s] [ 72%] [32mBuilding CXX object CMakeFiles/easy_handeye2_msgs__rosidl_typesupport_fastrtps_c.dir/rosidl_typesupport_fastrtps_c/easy_handeye2_msgs/msg/detail/handeye_calibration_parameters__type_support_c.cpp.o[0m
[5.102s] [ 73%] [32mBuilding C object CMakeFiles/easy_handeye2_msgs__rosidl_typesupport_introspection_c.dir/rosidl_typesupport_introspection_c/easy_handeye2_msgs/srv/detail/execute_plan__type_support.c.o[0m
[5.102s] [ 74%] [32mBuilding CXX object CMakeFiles/easy_handeye2_msgs__rosidl_typesupport_fastrtps_c.dir/rosidl_typesupport_fastrtps_c/easy_handeye2_msgs/msg/detail/sample__type_support_c.cpp.o[0m
[5.112s] [ 74%] [32mBuilding CXX object CMakeFiles/easy_handeye2_msgs__rosidl_typesupport_fastrtps_c.dir/rosidl_typesupport_fastrtps_c/easy_handeye2_msgs/msg/detail/sample_list__type_support_c.cpp.o[0m
[5.114s] [ 75%] [32mBuilding CXX object CMakeFiles/easy_handeye2_msgs__rosidl_typesupport_fastrtps_c.dir/rosidl_typesupport_fastrtps_c/easy_handeye2_msgs/msg/detail/target_pose_list__type_support_c.cpp.o[0m
[5.121s] [ 75%] [32mBuilding CXX object CMakeFiles/easy_handeye2_msgs__rosidl_typesupport_fastrtps_c.dir/rosidl_typesupport_fastrtps_c/easy_handeye2_msgs/srv/detail/list_algorithms__type_support_c.cpp.o[0m
[5.127s] [ 76%] [32mBuilding CXX object CMakeFiles/easy_handeye2_msgs__rosidl_typesupport_fastrtps_c.dir/rosidl_typesupport_fastrtps_c/easy_handeye2_msgs/srv/detail/compute_calibration__type_support_c.cpp.o[0m
[5.137s] [ 77%] [32mBuilding CXX object CMakeFiles/easy_handeye2_msgs__rosidl_typesupport_fastrtps_c.dir/rosidl_typesupport_fastrtps_c/easy_handeye2_msgs/srv/detail/set_algorithm__type_support_c.cpp.o[0m
[5.191s] [ 78%] [32mBuilding CXX object CMakeFiles/easy_handeye2_msgs__rosidl_typesupport_fastrtps_c.dir/rosidl_typesupport_fastrtps_c/easy_handeye2_msgs/srv/detail/remove_sample__type_support_c.cpp.o[0m
[5.192s] [ 78%] [32mBuilding CXX object CMakeFiles/easy_handeye2_msgs__rosidl_typesupport_fastrtps_c.dir/rosidl_typesupport_fastrtps_c/easy_handeye2_msgs/srv/detail/save_calibration__type_support_c.cpp.o[0m
[5.194s] [ 78%] [32m[1mLinking C shared library libeasy_handeye2_msgs__rosidl_typesupport_introspection_c.so[0m
[5.250s] [ 78%] Built target easy_handeye2_msgs__rosidl_typesupport_introspection_c
[5.263s] [ 78%] [32mBuilding CXX object CMakeFiles/easy_handeye2_msgs__rosidl_typesupport_fastrtps_c.dir/rosidl_typesupport_fastrtps_c/easy_handeye2_msgs/srv/detail/take_sample__type_support_c.cpp.o[0m
[5.281s] [ 79%] [32m[1mLinking CXX shared library libeasy_handeye2_msgs__rosidl_typesupport_introspection_cpp.so[0m
[5.402s] [ 80%] [32mBuilding CXX object CMakeFiles/easy_handeye2_msgs__rosidl_typesupport_fastrtps_c.dir/rosidl_typesupport_fastrtps_c/easy_handeye2_msgs/srv/detail/save_samples__type_support_c.cpp.o[0m
[5.413s] [ 80%] Built target easy_handeye2_msgs__rosidl_typesupport_introspection_cpp
[5.424s] [ 81%] [32mBuilding CXX object CMakeFiles/easy_handeye2_msgs__rosidl_typesupport_fastrtps_c.dir/rosidl_typesupport_fastrtps_c/easy_handeye2_msgs/srv/detail/load_samples__type_support_c.cpp.o[0m
[5.426s] [ 81%] [32mBuilding CXX object CMakeFiles/easy_handeye2_msgs__rosidl_typesupport_fastrtps_c.dir/rosidl_typesupport_fastrtps_c/easy_handeye2_msgs/srv/detail/check_starting_pose__type_support_c.cpp.o[0m
[5.489s] [ 82%] [32mBuilding CXX object CMakeFiles/easy_handeye2_msgs__rosidl_typesupport_fastrtps_c.dir/rosidl_typesupport_fastrtps_c/easy_handeye2_msgs/srv/detail/enumerate_target_poses__type_support_c.cpp.o[0m
[5.532s] [ 82%] [32mBuilding CXX object CMakeFiles/easy_handeye2_msgs__rosidl_typesupport_fastrtps_c.dir/rosidl_typesupport_fastrtps_c/easy_handeye2_msgs/srv/detail/select_target_pose__type_support_c.cpp.o[0m
[5.613s] [ 83%] [32mBuilding CXX object CMakeFiles/easy_handeye2_msgs__rosidl_typesupport_fastrtps_c.dir/rosidl_typesupport_fastrtps_c/easy_handeye2_msgs/srv/detail/plan_to_selected_target_pose__type_support_c.cpp.o[0m
[5.636s] [ 84%] [32mBuilding CXX object CMakeFiles/easy_handeye2_msgs__rosidl_typesupport_fastrtps_c.dir/rosidl_typesupport_fastrtps_c/easy_handeye2_msgs/srv/detail/execute_plan__type_support_c.cpp.o[0m
[5.959s] [ 84%] [32m[1mLinking CXX shared library libeasy_handeye2_msgs__rosidl_typesupport_fastrtps_cpp.so[0m
[6.028s] [ 84%] Built target easy_handeye2_msgs__rosidl_typesupport_fastrtps_cpp
[6.043s] [ 84%] [32m[1mLinking CXX shared library libeasy_handeye2_msgs__rosidl_typesupport_fastrtps_c.so[0m
[6.106s] [ 84%] Built target easy_handeye2_msgs__rosidl_typesupport_fastrtps_c
[6.134s] [ 84%] Built target easy_handeye2_msgs
[6.175s] [ 85%] [34m[1mGenerating Python code for ROS interfaces[0m
[7.597s] [ 85%] Built target easy_handeye2_msgs__py
[7.623s] [ 86%] [32mBuilding C object CMakeFiles/easy_handeye2_msgs__rosidl_generator_py.dir/rosidl_generator_py/easy_handeye2_msgs/srv/_save_calibration_s.c.o[0m
[7.624s] [ 86%] [32mBuilding C object CMakeFiles/easy_handeye2_msgs__rosidl_generator_py.dir/rosidl_generator_py/easy_handeye2_msgs/srv/_compute_calibration_s.c.o[0m
[7.626s] [ 87%] [32mBuilding C object CMakeFiles/easy_handeye2_msgs__rosidl_generator_py.dir/rosidl_generator_py/easy_handeye2_msgs/msg/_handeye_calibration_s.c.o[0m
[7.626s] [ 87%] [32mBuilding C object CMakeFiles/easy_handeye2_msgs__rosidl_generator_py.dir/rosidl_generator_py/easy_handeye2_msgs/srv/_list_algorithms_s.c.o[0m
[7.626s] [ 87%] [32mBuilding C object CMakeFiles/easy_handeye2_msgs__rosidl_generator_py.dir/rosidl_generator_py/easy_handeye2_msgs/msg/_target_pose_list_s.c.o[0m
[7.626s] [ 88%] [32mBuilding C object CMakeFiles/easy_handeye2_msgs__rosidl_generator_py.dir/rosidl_generator_py/easy_handeye2_msgs/srv/_take_sample_s.c.o[0m
[7.626s] [ 88%] [32mBuilding C object CMakeFiles/easy_handeye2_msgs__rosidl_generator_py.dir/rosidl_generator_py/easy_handeye2_msgs/msg/_handeye_calibration_parameters_s.c.o[0m
[7.627s] [ 89%] [32mBuilding C object CMakeFiles/easy_handeye2_msgs__rosidl_generator_py.dir/rosidl_generator_py/easy_handeye2_msgs/srv/_set_algorithm_s.c.o[0m
[7.628s] [ 89%] [32mBuilding C object CMakeFiles/easy_handeye2_msgs__rosidl_generator_py.dir/rosidl_generator_py/easy_handeye2_msgs/msg/_sample_s.c.o[0m
[7.628s] [ 90%] [32mBuilding C object CMakeFiles/easy_handeye2_msgs__rosidl_generator_py.dir/rosidl_generator_py/easy_handeye2_msgs/srv/_check_starting_pose_s.c.o[0m
[7.628s] [ 91%] [32mBuilding C object CMakeFiles/easy_handeye2_msgs__rosidl_generator_py.dir/rosidl_generator_py/easy_handeye2_msgs/msg/_sample_list_s.c.o[0m
[7.630s] [ 91%] [32mBuilding C object CMakeFiles/easy_handeye2_msgs__rosidl_generator_py.dir/rosidl_generator_py/easy_handeye2_msgs/srv/_load_samples_s.c.o[0m
[7.631s] [ 92%] [32mBuilding C object CMakeFiles/easy_handeye2_msgs__rosidl_generator_py.dir/rosidl_generator_py/easy_handeye2_msgs/srv/_save_samples_s.c.o[0m
[7.631s] [ 92%] [32mBuilding C object CMakeFiles/easy_handeye2_msgs__rosidl_generator_py.dir/rosidl_generator_py/easy_handeye2_msgs/srv/_select_target_pose_s.c.o[0m
[7.631s] [ 93%] [32mBuilding C object CMakeFiles/easy_handeye2_msgs__rosidl_generator_py.dir/rosidl_generator_py/easy_handeye2_msgs/srv/_execute_plan_s.c.o[0m
[7.631s] [ 95%] [32mBuilding C object CMakeFiles/easy_handeye2_msgs__rosidl_generator_py.dir/rosidl_generator_py/easy_handeye2_msgs/srv/_remove_sample_s.c.o[0m
[7.632s] [ 93%] [32mBuilding C object CMakeFiles/easy_handeye2_msgs__rosidl_generator_py.dir/rosidl_generator_py/easy_handeye2_msgs/srv/_enumerate_target_poses_s.c.o[0m
[7.632s] [ 95%] [32mBuilding C object CMakeFiles/easy_handeye2_msgs__rosidl_generator_py.dir/rosidl_generator_py/easy_handeye2_msgs/srv/_plan_to_selected_target_pose_s.c.o[0m
[7.811s] [ 96%] [32m[1mLinking C shared library rosidl_generator_py/easy_handeye2_msgs/libeasy_handeye2_msgs__rosidl_generator_py.so[0m
[7.857s] [ 96%] Built target easy_handeye2_msgs__rosidl_generator_py
[7.894s] [ 98%] [32mBuilding C object CMakeFiles/easy_handeye2_msgs__rosidl_typesupport_c__pyext.dir/rosidl_generator_py/easy_handeye2_msgs/_easy_handeye2_msgs_s.ep.rosidl_typesupport_c.c.o[0m
[7.894s] [ 98%] [32mBuilding C object CMakeFiles/easy_handeye2_msgs__rosidl_typesupport_fastrtps_c__pyext.dir/rosidl_generator_py/easy_handeye2_msgs/_easy_handeye2_msgs_s.ep.rosidl_typesupport_fastrtps_c.c.o[0m
[7.894s] [ 99%] [32mBuilding C object CMakeFiles/easy_handeye2_msgs__rosidl_typesupport_introspection_c__pyext.dir/rosidl_generator_py/easy_handeye2_msgs/_easy_handeye2_msgs_s.ep.rosidl_typesupport_introspection_c.c.o[0m
[8.027s] [100%] [32m[1mLinking C shared library rosidl_generator_py/easy_handeye2_msgs/easy_handeye2_msgs_s__rosidl_typesupport_introspection_c.cpython-310-x86_64-linux-gnu.so[0m
[8.028s] [100%] [32m[1mLinking C shared library rosidl_generator_py/easy_handeye2_msgs/easy_handeye2_msgs_s__rosidl_typesupport_c.cpython-310-x86_64-linux-gnu.so[0m
[8.029s] [100%] [32m[1mLinking C shared library rosidl_generator_py/easy_handeye2_msgs/easy_handeye2_msgs_s__rosidl_typesupport_fastrtps_c.cpython-310-x86_64-linux-gnu.so[0m
[8.064s] [100%] Built target easy_handeye2_msgs__rosidl_typesupport_fastrtps_c__pyext
[8.064s] [100%] Built target easy_handeye2_msgs__rosidl_typesupport_c__pyext
[8.065s] [100%] Built target easy_handeye2_msgs__rosidl_typesupport_introspection_c__pyext
[8.081s] Invoked command in '/dev_ws/build/easy_handeye2_msgs' returned '0': CMAKE_PREFIX_PATH=${CMAKE_PREFIX_PATH}:/opt/ros/humble /usr/bin/cmake --build /dev_ws/build/easy_handeye2_msgs -- -j20 -l20
[8.095s] Invoking command in '/dev_ws/build/easy_handeye2_msgs': CMAKE_PREFIX_PATH=${CMAKE_PREFIX_PATH}:/opt/ros/humble /usr/bin/cmake --install /dev_ws/build/easy_handeye2_msgs
[8.106s] -- Install configuration: ""
[8.106s] -- Installing: /dev_ws/install/share/ament_index/resource_index/rosidl_interfaces/easy_handeye2_msgs
[8.106s] -- Installing: /dev_ws/install/include/easy_handeye2_msgs/easy_handeye2_msgs
[8.107s] -- Installing: /dev_ws/install/include/easy_handeye2_msgs/easy_handeye2_msgs/msg
[8.107s] -- Installing: /dev_ws/install/include/easy_handeye2_msgs/easy_handeye2_msgs/msg/sample.h
[8.107s] -- Installing: /dev_ws/install/include/easy_handeye2_msgs/easy_handeye2_msgs/msg/target_pose_list.h
[8.107s] -- Installing: /dev_ws/install/include/easy_handeye2_msgs/easy_handeye2_msgs/msg/rosidl_generator_c__visibility_control.h
[8.107s] -- Installing: /dev_ws/install/include/easy_handeye2_msgs/easy_handeye2_msgs/msg/sample_list.h
[8.107s] -- Installing: /dev_ws/install/include/easy_handeye2_msgs/easy_handeye2_msgs/msg/detail
[8.107s] -- Installing: /dev_ws/install/include/easy_handeye2_msgs/easy_handeye2_msgs/msg/detail/handeye_calibration__functions.h
[8.107s] -- Installing: /dev_ws/install/include/easy_handeye2_msgs/easy_handeye2_msgs/msg/detail/sample__type_support.h
[8.107s] -- Installing: /dev_ws/install/include/easy_handeye2_msgs/easy_handeye2_msgs/msg/detail/handeye_calibration__functions.c
[8.107s] -- Installing: /dev_ws/install/include/easy_handeye2_msgs/easy_handeye2_msgs/msg/detail/sample_list__type_support.h
[8.107s] -- Installing: /dev_ws/install/include/easy_handeye2_msgs/easy_handeye2_msgs/msg/detail/sample_list__struct.h
[8.107s] -- Installing: /dev_ws/install/include/easy_handeye2_msgs/easy_handeye2_msgs/msg/detail/sample__functions.h
[8.107s] -- Installing: /dev_ws/install/include/easy_handeye2_msgs/easy_handeye2_msgs/msg/detail/target_pose_list__functions.h
[8.107s] -- Installing: /dev_ws/install/include/easy_handeye2_msgs/easy_handeye2_msgs/msg/detail/handeye_calibration_parameters__type_support.h
[8.107s] -- Installing: /dev_ws/install/include/easy_handeye2_msgs/easy_handeye2_msgs/msg/detail/handeye_calibration_parameters__functions.c
[8.107s] -- Installing: /dev_ws/install/include/easy_handeye2_msgs/easy_handeye2_msgs/msg/detail/target_pose_list__type_support.h
[8.107s] -- Installing: /dev_ws/install/include/easy_handeye2_msgs/easy_handeye2_msgs/msg/detail/handeye_calibration_parameters__functions.h
[8.108s] -- Installing: /dev_ws/install/include/easy_handeye2_msgs/easy_handeye2_msgs/msg/detail/handeye_calibration__type_support.h
[8.108s] -- Installing: /dev_ws/install/include/easy_handeye2_msgs/easy_handeye2_msgs/msg/detail/target_pose_list__functions.c
[8.108s] -- Installing: /dev_ws/install/include/easy_handeye2_msgs/easy_handeye2_msgs/msg/detail/handeye_calibration_parameters__struct.h
[8.108s] -- Installing: /dev_ws/install/include/easy_handeye2_msgs/easy_handeye2_msgs/msg/detail/sample_list__functions.c
[8.108s] -- Installing: /dev_ws/install/include/easy_handeye2_msgs/easy_handeye2_msgs/msg/detail/handeye_calibration__struct.h
[8.108s] -- Installing: /dev_ws/install/include/easy_handeye2_msgs/easy_handeye2_msgs/msg/detail/sample_list__functions.h
[8.108s] -- Installing: /dev_ws/install/include/easy_handeye2_msgs/easy_handeye2_msgs/msg/detail/target_pose_list__struct.h
[8.108s] -- Installing: /dev_ws/install/include/easy_handeye2_msgs/easy_handeye2_msgs/msg/detail/sample__functions.c
[8.108s] -- Installing: /dev_ws/install/include/easy_handeye2_msgs/easy_handeye2_msgs/msg/detail/sample__struct.h
[8.108s] -- Installing: /dev_ws/install/include/easy_handeye2_msgs/easy_handeye2_msgs/msg/handeye_calibration_parameters.h
[8.108s] -- Installing: /dev_ws/install/include/easy_handeye2_msgs/easy_handeye2_msgs/msg/handeye_calibration.h
[8.108s] -- Installing: /dev_ws/install/include/easy_handeye2_msgs/easy_handeye2_msgs/srv
[8.108s] -- Installing: /dev_ws/install/include/easy_handeye2_msgs/easy_handeye2_msgs/srv/enumerate_target_poses.h
[8.109s] -- Installing: /dev_ws/install/include/easy_handeye2_msgs/easy_handeye2_msgs/srv/load_samples.h
[8.109s] -- Installing: /dev_ws/install/include/easy_handeye2_msgs/easy_handeye2_msgs/srv/plan_to_selected_target_pose.h
[8.109s] -- Installing: /dev_ws/install/include/easy_handeye2_msgs/easy_handeye2_msgs/srv/save_calibration.h
[8.109s] -- Installing: /dev_ws/install/include/easy_handeye2_msgs/easy_handeye2_msgs/srv/set_algorithm.h
[8.109s] -- Installing: /dev_ws/install/include/easy_handeye2_msgs/easy_handeye2_msgs/srv/detail
[8.109s] -- Installing: /dev_ws/install/include/easy_handeye2_msgs/easy_handeye2_msgs/srv/detail/load_samples__struct.h
[8.109s] -- Installing: /dev_ws/install/include/easy_handeye2_msgs/easy_handeye2_msgs/srv/detail/set_algorithm__type_support.h
[8.109s] -- Installing: /dev_ws/install/include/easy_handeye2_msgs/easy_handeye2_msgs/srv/detail/check_starting_pose__functions.h
[8.109s] -- Installing: /dev_ws/install/include/easy_handeye2_msgs/easy_handeye2_msgs/srv/detail/take_sample__functions.h
[8.109s] -- Installing: /dev_ws/install/include/easy_handeye2_msgs/easy_handeye2_msgs/srv/detail/take_sample__type_support.h
[8.109s] -- Installing: /dev_ws/install/include/easy_handeye2_msgs/easy_handeye2_msgs/srv/detail/select_target_pose__functions.h
[8.109s] -- Installing: /dev_ws/install/include/easy_handeye2_msgs/easy_handeye2_msgs/srv/detail/enumerate_target_poses__functions.c
[8.109s] -- Installing: /dev_ws/install/include/easy_handeye2_msgs/easy_handeye2_msgs/srv/detail/enumerate_target_poses__struct.h
[8.109s] -- Installing: /dev_ws/install/include/easy_handeye2_msgs/easy_handeye2_msgs/srv/detail/save_samples__type_support.h
[8.109s] -- Installing: /dev_ws/install/include/easy_handeye2_msgs/easy_handeye2_msgs/srv/detail/save_calibration__struct.h
[8.110s] -- Installing: /dev_ws/install/include/easy_handeye2_msgs/easy_handeye2_msgs/srv/detail/remove_sample__type_support.h
[8.110s] -- Installing: /dev_ws/install/include/easy_handeye2_msgs/easy_handeye2_msgs/srv/detail/set_algorithm__functions.h
[8.110s] -- Installing: /dev_ws/install/include/easy_handeye2_msgs/easy_handeye2_msgs/srv/detail/save_samples__functions.c
[8.110s] -- Installing: /dev_ws/install/include/easy_handeye2_msgs/easy_handeye2_msgs/srv/detail/list_algorithms__functions.h
[8.110s] -- Installing: /dev_ws/install/include/easy_handeye2_msgs/easy_handeye2_msgs/srv/detail/remove_sample__functions.h
[8.110s] -- Installing: /dev_ws/install/include/easy_handeye2_msgs/easy_handeye2_msgs/srv/detail/plan_to_selected_target_pose__struct.h
[8.110s] -- Installing: /dev_ws/install/include/easy_handeye2_msgs/easy_handeye2_msgs/srv/detail/execute_plan__type_support.h
[8.110s] -- Installing: /dev_ws/install/include/easy_handeye2_msgs/easy_handeye2_msgs/srv/detail/remove_sample__functions.c
[8.110s] -- Installing: /dev_ws/install/include/easy_handeye2_msgs/easy_handeye2_msgs/srv/detail/save_calibration__type_support.h
[8.110s] -- Installing: /dev_ws/install/include/easy_handeye2_msgs/easy_handeye2_msgs/srv/detail/plan_to_selected_target_pose__functions.c
[8.110s] -- Installing: /dev_ws/install/include/easy_handeye2_msgs/easy_handeye2_msgs/srv/detail/set_algorithm__functions.c
[8.110s] -- Installing: /dev_ws/install/include/easy_handeye2_msgs/easy_handeye2_msgs/srv/detail/compute_calibration__type_support.h
[8.110s] -- Installing: /dev_ws/install/include/easy_handeye2_msgs/easy_handeye2_msgs/srv/detail/save_calibration__functions.h
[8.110s] -- Installing: /dev_ws/install/include/easy_handeye2_msgs/easy_handeye2_msgs/srv/detail/take_sample__struct.h
[8.110s] -- Installing: /dev_ws/install/include/easy_handeye2_msgs/easy_handeye2_msgs/srv/detail/check_starting_pose__type_support.h
[8.110s] -- Installing: /dev_ws/install/include/easy_handeye2_msgs/easy_handeye2_msgs/srv/detail/plan_to_selected_target_pose__functions.h
[8.111s] -- Installing: /dev_ws/install/include/easy_handeye2_msgs/easy_handeye2_msgs/srv/detail/check_starting_pose__functions.c
[8.111s] -- Installing: /dev_ws/install/include/easy_handeye2_msgs/easy_handeye2_msgs/srv/detail/load_samples__functions.c
[8.111s] -- Installing: /dev_ws/install/include/easy_handeye2_msgs/easy_handeye2_msgs/srv/detail/save_samples__struct.h
[8.111s] -- Installing: /dev_ws/install/include/easy_handeye2_msgs/easy_handeye2_msgs/srv/detail/enumerate_target_poses__functions.h
[8.111s] -- Installing: /dev_ws/install/include/easy_handeye2_msgs/easy_handeye2_msgs/srv/detail/save_samples__functions.h
[8.111s] -- Installing: /dev_ws/install/include/easy_handeye2_msgs/easy_handeye2_msgs/srv/detail/plan_to_selected_target_pose__type_support.h
[8.111s] -- Installing: /dev_ws/install/include/easy_handeye2_msgs/easy_handeye2_msgs/srv/detail/list_algorithms__struct.h
[8.111s] -- Installing: /dev_ws/install/include/easy_handeye2_msgs/easy_handeye2_msgs/srv/detail/select_target_pose__type_support.h
[8.111s] -- Installing: /dev_ws/install/include/easy_handeye2_msgs/easy_handeye2_msgs/srv/detail/take_sample__functions.c
[8.111s] -- Installing: /dev_ws/install/include/easy_handeye2_msgs/easy_handeye2_msgs/srv/detail/save_calibration__functions.c
[8.111s] -- Installing: /dev_ws/install/include/easy_handeye2_msgs/easy_handeye2_msgs/srv/detail/compute_calibration__struct.h
[8.111s] -- Installing: /dev_ws/install/include/easy_handeye2_msgs/easy_handeye2_msgs/srv/detail/select_target_pose__functions.c
[8.111s] -- Installing: /dev_ws/install/include/easy_handeye2_msgs/easy_handeye2_msgs/srv/detail/load_samples__functions.h
[8.111s] -- Installing: /dev_ws/install/include/easy_handeye2_msgs/easy_handeye2_msgs/srv/detail/load_samples__type_support.h
[8.111s] -- Installing: /dev_ws/install/include/easy_handeye2_msgs/easy_handeye2_msgs/srv/detail/list_algorithms__functions.c
[8.111s] -- Installing: /dev_ws/install/include/easy_handeye2_msgs/easy_handeye2_msgs/srv/detail/compute_calibration__functions.c
[8.111s] -- Installing: /dev_ws/install/include/easy_handeye2_msgs/easy_handeye2_msgs/srv/detail/select_target_pose__struct.h
[8.112s] -- Installing: /dev_ws/install/include/easy_handeye2_msgs/easy_handeye2_msgs/srv/detail/enumerate_target_poses__type_support.h
[8.112s] -- Installing: /dev_ws/install/include/easy_handeye2_msgs/easy_handeye2_msgs/srv/detail/execute_plan__functions.c
[8.112s] -- Installing: /dev_ws/install/include/easy_handeye2_msgs/easy_handeye2_msgs/srv/detail/execute_plan__struct.h
[8.112s] -- Installing: /dev_ws/install/include/easy_handeye2_msgs/easy_handeye2_msgs/srv/detail/set_algorithm__struct.h
[8.112s] -- Installing: /dev_ws/install/include/easy_handeye2_msgs/easy_handeye2_msgs/srv/detail/list_algorithms__type_support.h
[8.112s] -- Installing: /dev_ws/install/include/easy_handeye2_msgs/easy_handeye2_msgs/srv/detail/remove_sample__struct.h
[8.112s] -- Installing: /dev_ws/install/include/easy_handeye2_msgs/easy_handeye2_msgs/srv/detail/compute_calibration__functions.h
[8.112s] -- Installing: /dev_ws/install/include/easy_handeye2_msgs/easy_handeye2_msgs/srv/detail/check_starting_pose__struct.h
[8.112s] -- Installing: /dev_ws/install/include/easy_handeye2_msgs/easy_handeye2_msgs/srv/detail/execute_plan__functions.h
[8.112s] -- Installing: /dev_ws/install/include/easy_handeye2_msgs/easy_handeye2_msgs/srv/check_starting_pose.h
[8.112s] -- Installing: /dev_ws/install/include/easy_handeye2_msgs/easy_handeye2_msgs/srv/compute_calibration.h
[8.112s] -- Installing: /dev_ws/install/include/easy_handeye2_msgs/easy_handeye2_msgs/srv/save_samples.h
[8.112s] -- Installing: /dev_ws/install/include/easy_handeye2_msgs/easy_handeye2_msgs/srv/list_algorithms.h
[8.112s] -- Installing: /dev_ws/install/include/easy_handeye2_msgs/easy_handeye2_msgs/srv/execute_plan.h
[8.112s] -- Installing: /dev_ws/install/include/easy_handeye2_msgs/easy_handeye2_msgs/srv/remove_sample.h
[8.112s] -- Installing: /dev_ws/install/include/easy_handeye2_msgs/easy_handeye2_msgs/srv/select_target_pose.h
[8.112s] -- Installing: /dev_ws/install/include/easy_handeye2_msgs/easy_handeye2_msgs/srv/take_sample.h
[8.113s] -- Installing: /dev_ws/install/share/easy_handeye2_msgs/environment/library_path.sh
[8.113s] -- Installing: /dev_ws/install/share/easy_handeye2_msgs/environment/library_path.dsv
[8.113s] -- Installing: /dev_ws/install/lib/libeasy_handeye2_msgs__rosidl_generator_c.so
[8.113s] -- Set runtime path of "/dev_ws/install/lib/libeasy_handeye2_msgs__rosidl_generator_c.so" to ""
[8.113s] -- Up-to-date: /dev_ws/install/include/easy_handeye2_msgs/easy_handeye2_msgs
[8.113s] -- Up-to-date: /dev_ws/install/include/easy_handeye2_msgs/easy_handeye2_msgs/msg
[8.113s] -- Up-to-date: /dev_ws/install/include/easy_handeye2_msgs/easy_handeye2_msgs/msg/detail
[8.113s] -- Installing: /dev_ws/install/include/easy_handeye2_msgs/easy_handeye2_msgs/msg/detail/sample_list__rosidl_typesupport_fastrtps_c.h
[8.113s] -- Installing: /dev_ws/install/include/easy_handeye2_msgs/easy_handeye2_msgs/msg/detail/handeye_calibration_parameters__rosidl_typesupport_fastrtps_c.h
[8.113s] -- Installing: /dev_ws/install/include/easy_handeye2_msgs/easy_handeye2_msgs/msg/detail/handeye_calibration__rosidl_typesupport_fastrtps_c.h
[8.113s] -- Installing: /dev_ws/install/include/easy_handeye2_msgs/easy_handeye2_msgs/msg/detail/sample__rosidl_typesupport_fastrtps_c.h
[8.113s] -- Installing: /dev_ws/install/include/easy_handeye2_msgs/easy_handeye2_msgs/msg/detail/target_pose_list__rosidl_typesupport_fastrtps_c.h
[8.113s] -- Installing: /dev_ws/install/include/easy_handeye2_msgs/easy_handeye2_msgs/msg/rosidl_typesupport_fastrtps_c__visibility_control.h
[8.113s] -- Up-to-date: /dev_ws/install/include/easy_handeye2_msgs/easy_handeye2_msgs/srv
[8.113s] -- Up-to-date: /dev_ws/install/include/easy_handeye2_msgs/easy_handeye2_msgs/srv/detail
[8.113s] -- Installing: /dev_ws/install/include/easy_handeye2_msgs/easy_handeye2_msgs/srv/detail/save_samples__rosidl_typesupport_fastrtps_c.h
[8.114s] -- Installing: /dev_ws/install/include/easy_handeye2_msgs/easy_handeye2_msgs/srv/detail/save_calibration__rosidl_typesupport_fastrtps_c.h
[8.114s] -- Installing: /dev_ws/install/include/easy_handeye2_msgs/easy_handeye2_msgs/srv/detail/list_algorithms__rosidl_typesupport_fastrtps_c.h
[8.114s] -- Installing: /dev_ws/install/include/easy_handeye2_msgs/easy_handeye2_msgs/srv/detail/select_target_pose__rosidl_typesupport_fastrtps_c.h
[8.114s] -- Installing: /dev_ws/install/include/easy_handeye2_msgs/easy_handeye2_msgs/srv/detail/enumerate_target_poses__rosidl_typesupport_fastrtps_c.h
[8.114s] -- Installing: /dev_ws/install/include/easy_handeye2_msgs/easy_handeye2_msgs/srv/detail/load_samples__rosidl_typesupport_fastrtps_c.h
[8.114s] -- Installing: /dev_ws/install/include/easy_handeye2_msgs/easy_handeye2_msgs/srv/detail/take_sample__rosidl_typesupport_fastrtps_c.h
[8.114s] -- Installing: /dev_ws/install/include/easy_handeye2_msgs/easy_handeye2_msgs/srv/detail/execute_plan__rosidl_typesupport_fastrtps_c.h
[8.114s] -- Installing: /dev_ws/install/include/easy_handeye2_msgs/easy_handeye2_msgs/srv/detail/remove_sample__rosidl_typesupport_fastrtps_c.h
[8.114s] -- Installing: /dev_ws/install/include/easy_handeye2_msgs/easy_handeye2_msgs/srv/detail/set_algorithm__rosidl_typesupport_fastrtps_c.h
[8.114s] -- Installing: /dev_ws/install/include/easy_handeye2_msgs/easy_handeye2_msgs/srv/detail/check_starting_pose__rosidl_typesupport_fastrtps_c.h
[8.114s] -- Installing: /dev_ws/install/include/easy_handeye2_msgs/easy_handeye2_msgs/srv/detail/plan_to_selected_target_pose__rosidl_typesupport_fastrtps_c.h
[8.114s] -- Installing: /dev_ws/install/include/easy_handeye2_msgs/easy_handeye2_msgs/srv/detail/compute_calibration__rosidl_typesupport_fastrtps_c.h
[8.114s] -- Installing: /dev_ws/install/lib/libeasy_handeye2_msgs__rosidl_typesupport_fastrtps_c.so
[8.114s] -- Set runtime path of "/dev_ws/install/lib/libeasy_handeye2_msgs__rosidl_typesupport_fastrtps_c.so" to ""
[8.115s] -- Up-to-date: /dev_ws/install/include/easy_handeye2_msgs/easy_handeye2_msgs
[8.115s] -- Up-to-date: /dev_ws/install/include/easy_handeye2_msgs/easy_handeye2_msgs/msg
[8.115s] -- Up-to-date: /dev_ws/install/include/easy_handeye2_msgs/easy_handeye2_msgs/msg/detail
[8.115s] -- Installing: /dev_ws/install/include/easy_handeye2_msgs/easy_handeye2_msgs/msg/detail/sample_list__type_support.c
[8.115s] -- Installing: /dev_ws/install/include/easy_handeye2_msgs/easy_handeye2_msgs/msg/detail/handeye_calibration__type_support.c
[8.115s] -- Installing: /dev_ws/install/include/easy_handeye2_msgs/easy_handeye2_msgs/msg/detail/target_pose_list__type_support.c
[8.115s] -- Installing: /dev_ws/install/include/easy_handeye2_msgs/easy_handeye2_msgs/msg/detail/sample_list__rosidl_typesupport_introspection_c.h
[8.115s] -- Installing: /dev_ws/install/include/easy_handeye2_msgs/easy_handeye2_msgs/msg/detail/handeye_calibration_parameters__rosidl_typesupport_introspection_c.h
[8.115s] -- Installing: /dev_ws/install/include/easy_handeye2_msgs/easy_handeye2_msgs/msg/detail/handeye_calibration_parameters__type_support.c
[8.115s] -- Installing: /dev_ws/install/include/easy_handeye2_msgs/easy_handeye2_msgs/msg/detail/sample__rosidl_typesupport_introspection_c.h
[8.115s] -- Installing: /dev_ws/install/include/easy_handeye2_msgs/easy_handeye2_msgs/msg/detail/target_pose_list__rosidl_typesupport_introspection_c.h
[8.115s] -- Installing: /dev_ws/install/include/easy_handeye2_msgs/easy_handeye2_msgs/msg/detail/sample__type_support.c
[8.115s] -- Installing: /dev_ws/install/include/easy_handeye2_msgs/easy_handeye2_msgs/msg/detail/handeye_calibration__rosidl_typesupport_introspection_c.h
[8.115s] -- Installing: /dev_ws/install/include/easy_handeye2_msgs/easy_handeye2_msgs/msg/rosidl_typesupport_introspection_c__visibility_control.h
[8.115s] -- Up-to-date: /dev_ws/install/include/easy_handeye2_msgs/easy_handeye2_msgs/srv
[8.115s] -- Up-to-date: /dev_ws/install/include/easy_handeye2_msgs/easy_handeye2_msgs/srv/detail
[8.115s] -- Installing: /dev_ws/install/include/easy_handeye2_msgs/easy_handeye2_msgs/srv/detail/check_starting_pose__rosidl_typesupport_introspection_c.h
[8.115s] -- Installing: /dev_ws/install/include/easy_handeye2_msgs/easy_handeye2_msgs/srv/detail/set_algorithm__rosidl_typesupport_introspection_c.h
[8.115s] -- Installing: /dev_ws/install/include/easy_handeye2_msgs/easy_handeye2_msgs/srv/detail/select_target_pose__rosidl_typesupport_introspection_c.h
[8.115s] -- Installing: /dev_ws/install/include/easy_handeye2_msgs/easy_handeye2_msgs/srv/detail/select_target_pose__type_support.c
[8.115s] -- Installing: /dev_ws/install/include/easy_handeye2_msgs/easy_handeye2_msgs/srv/detail/plan_to_selected_target_pose__type_support.c
[8.116s] -- Installing: /dev_ws/install/include/easy_handeye2_msgs/easy_handeye2_msgs/srv/detail/enumerate_target_poses__type_support.c
[8.116s] -- Installing: /dev_ws/install/include/easy_handeye2_msgs/easy_handeye2_msgs/srv/detail/remove_sample__type_support.c
[8.116s] -- Installing: /dev_ws/install/include/easy_handeye2_msgs/easy_handeye2_msgs/srv/detail/save_calibration__rosidl_typesupport_introspection_c.h
[8.116s] -- Installing: /dev_ws/install/include/easy_handeye2_msgs/easy_handeye2_msgs/srv/detail/enumerate_target_poses__rosidl_typesupport_introspection_c.h
[8.116s] -- Installing: /dev_ws/install/include/easy_handeye2_msgs/easy_handeye2_msgs/srv/detail/list_algorithms__type_support.c
[8.116s] -- Installing: /dev_ws/install/include/easy_handeye2_msgs/easy_handeye2_msgs/srv/detail/execute_plan__rosidl_typesupport_introspection_c.h
[8.116s] -- Installing: /dev_ws/install/include/easy_handeye2_msgs/easy_handeye2_msgs/srv/detail/check_starting_pose__type_support.c
[8.116s] -- Installing: /dev_ws/install/include/easy_handeye2_msgs/easy_handeye2_msgs/srv/detail/load_samples__type_support.c
[8.116s] -- Installing: /dev_ws/install/include/easy_handeye2_msgs/easy_handeye2_msgs/srv/detail/compute_calibration__rosidl_typesupport_introspection_c.h
[8.116s] -- Installing: /dev_ws/install/include/easy_handeye2_msgs/easy_handeye2_msgs/srv/detail/compute_calibration__type_support.c
[8.116s] -- Installing: /dev_ws/install/include/easy_handeye2_msgs/easy_handeye2_msgs/srv/detail/save_calibration__type_support.c
[8.116s] -- Installing: /dev_ws/install/include/easy_handeye2_msgs/easy_handeye2_msgs/srv/detail/save_samples__rosidl_typesupport_introspection_c.h
[8.116s] -- Installing: /dev_ws/install/include/easy_handeye2_msgs/easy_handeye2_msgs/srv/detail/set_algorithm__type_support.c
[8.116s] -- Installing: /dev_ws/install/include/easy_handeye2_msgs/easy_handeye2_msgs/srv/detail/remove_sample__rosidl_typesupport_introspection_c.h
[8.116s] -- Installing: /dev_ws/install/include/easy_handeye2_msgs/easy_handeye2_msgs/srv/detail/list_algorithms__rosidl_typesupport_introspection_c.h
[8.117s] -- Installing: /dev_ws/install/include/easy_handeye2_msgs/easy_handeye2_msgs/srv/detail/save_samples__type_support.c
[8.117s] -- Installing: /dev_ws/install/include/easy_handeye2_msgs/easy_handeye2_msgs/srv/detail/take_sample__rosidl_typesupport_introspection_c.h
[8.117s] -- Installing: /dev_ws/install/include/easy_handeye2_msgs/easy_handeye2_msgs/srv/detail/take_sample__type_support.c
[8.117s] -- Installing: /dev_ws/install/include/easy_handeye2_msgs/easy_handeye2_msgs/srv/detail/load_samples__rosidl_typesupport_introspection_c.h
[8.117s] -- Installing: /dev_ws/install/include/easy_handeye2_msgs/easy_handeye2_msgs/srv/detail/execute_plan__type_support.c
[8.117s] -- Installing: /dev_ws/install/include/easy_handeye2_msgs/easy_handeye2_msgs/srv/detail/plan_to_selected_target_pose__rosidl_typesupport_introspection_c.h
[8.117s] -- Installing: /dev_ws/install/lib/libeasy_handeye2_msgs__rosidl_typesupport_introspection_c.so
[8.117s] -- Set runtime path of "/dev_ws/install/lib/libeasy_handeye2_msgs__rosidl_typesupport_introspection_c.so" to ""
[8.117s] -- Installing: /dev_ws/install/lib/libeasy_handeye2_msgs__rosidl_typesupport_c.so
[8.117s] -- Set runtime path of "/dev_ws/install/lib/libeasy_handeye2_msgs__rosidl_typesupport_c.so" to ""
[8.118s] -- Up-to-date: /dev_ws/install/include/easy_handeye2_msgs/easy_handeye2_msgs
[8.118s] -- Up-to-date: /dev_ws/install/include/easy_handeye2_msgs/easy_handeye2_msgs/msg
[8.118s] -- Installing: /dev_ws/install/include/easy_handeye2_msgs/easy_handeye2_msgs/msg/sample.hpp
[8.118s] -- Installing: /dev_ws/install/include/easy_handeye2_msgs/easy_handeye2_msgs/msg/handeye_calibration_parameters.hpp
[8.118s] -- Up-to-date: /dev_ws/install/include/easy_handeye2_msgs/easy_handeye2_msgs/msg/detail
[8.118s] -- Installing: /dev_ws/install/include/easy_handeye2_msgs/easy_handeye2_msgs/msg/detail/handeye_calibration_parameters__builder.hpp
[8.118s] -- Installing: /dev_ws/install/include/easy_handeye2_msgs/easy_handeye2_msgs/msg/detail/sample_list__traits.hpp
[8.118s] -- Installing: /dev_ws/install/include/easy_handeye2_msgs/easy_handeye2_msgs/msg/detail/sample_list__builder.hpp
[8.118s] -- Installing: /dev_ws/install/include/easy_handeye2_msgs/easy_handeye2_msgs/msg/detail/target_pose_list__type_support.hpp
[8.118s] -- Installing: /dev_ws/install/include/easy_handeye2_msgs/easy_handeye2_msgs/msg/detail/handeye_calibration_parameters__type_support.hpp
[8.118s] -- Installing: /dev_ws/install/include/easy_handeye2_msgs/easy_handeye2_msgs/msg/detail/sample__type_support.hpp
[8.118s] -- Installing: /dev_ws/install/include/easy_handeye2_msgs/easy_handeye2_msgs/msg/detail/sample__builder.hpp
[8.118s] -- Installing: /dev_ws/install/include/easy_handeye2_msgs/easy_handeye2_msgs/msg/detail/target_pose_list__struct.hpp
[8.118s] -- Installing: /dev_ws/install/include/easy_handeye2_msgs/easy_handeye2_msgs/msg/detail/handeye_calibration__traits.hpp
[8.118s] -- Installing: /dev_ws/install/include/easy_handeye2_msgs/easy_handeye2_msgs/msg/detail/sample_list__struct.hpp
[8.118s] -- Installing: /dev_ws/install/include/easy_handeye2_msgs/easy_handeye2_msgs/msg/detail/handeye_calibration__type_support.hpp
[8.118s] -- Installing: /dev_ws/install/include/easy_handeye2_msgs/easy_handeye2_msgs/msg/detail/sample_list__type_support.hpp
[8.118s] -- Installing: /dev_ws/install/include/easy_handeye2_msgs/easy_handeye2_msgs/msg/detail/handeye_calibration__struct.hpp
[8.118s] -- Installing: /dev_ws/install/include/easy_handeye2_msgs/easy_handeye2_msgs/msg/detail/sample__struct.hpp
[8.118s] -- Installing: /dev_ws/install/include/easy_handeye2_msgs/easy_handeye2_msgs/msg/detail/handeye_calibration_parameters__traits.hpp
[8.119s] -- Installing: /dev_ws/install/include/easy_handeye2_msgs/easy_handeye2_msgs/msg/detail/target_pose_list__traits.hpp
[8.119s] -- Installing: /dev_ws/install/include/easy_handeye2_msgs/easy_handeye2_msgs/msg/detail/handeye_calibration_parameters__struct.hpp
[8.119s] -- Installing: /dev_ws/install/include/easy_handeye2_msgs/easy_handeye2_msgs/msg/detail/target_pose_list__builder.hpp
[8.119s] -- Installing: /dev_ws/install/include/easy_handeye2_msgs/easy_handeye2_msgs/msg/detail/sample__traits.hpp
[8.119s] -- Installing: /dev_ws/install/include/easy_handeye2_msgs/easy_handeye2_msgs/msg/detail/handeye_calibration__builder.hpp
[8.119s] -- Installing: /dev_ws/install/include/easy_handeye2_msgs/easy_handeye2_msgs/msg/rosidl_generator_cpp__visibility_control.hpp
[8.119s] -- Installing: /dev_ws/install/include/easy_handeye2_msgs/easy_handeye2_msgs/msg/sample_list.hpp
[8.119s] -- Installing: /dev_ws/install/include/easy_handeye2_msgs/easy_handeye2_msgs/msg/handeye_calibration.hpp
[8.119s] -- Installing: /dev_ws/install/include/easy_handeye2_msgs/easy_handeye2_msgs/msg/target_pose_list.hpp
[8.119s] -- Up-to-date: /dev_ws/install/include/easy_handeye2_msgs/easy_handeye2_msgs/srv
[8.119s] -- Installing: /dev_ws/install/include/easy_handeye2_msgs/easy_handeye2_msgs/srv/list_algorithms.hpp
[8.119s] -- Installing: /dev_ws/install/include/easy_handeye2_msgs/easy_handeye2_msgs/srv/set_algorithm.hpp
[8.119s] -- Installing: /dev_ws/install/include/easy_handeye2_msgs/easy_handeye2_msgs/srv/load_samples.hpp
[8.119s] -- Installing: /dev_ws/install/include/easy_handeye2_msgs/easy_handeye2_msgs/srv/check_starting_pose.hpp
[8.119s] -- Installing: /dev_ws/install/include/easy_handeye2_msgs/easy_handeye2_msgs/srv/enumerate_target_poses.hpp
[8.119s] -- Installing: /dev_ws/install/include/easy_handeye2_msgs/easy_handeye2_msgs/srv/execute_plan.hpp
[8.119s] -- Up-to-date: /dev_ws/install/include/easy_handeye2_msgs/easy_handeye2_msgs/srv/detail
[8.119s] -- Installing: /dev_ws/install/include/easy_handeye2_msgs/easy_handeye2_msgs/srv/detail/plan_to_selected_target_pose__traits.hpp
[8.119s] -- Installing: /dev_ws/install/include/easy_handeye2_msgs/easy_handeye2_msgs/srv/detail/save_calibration__traits.hpp
[8.120s] -- Installing: /dev_ws/install/include/easy_handeye2_msgs/easy_handeye2_msgs/srv/detail/take_sample__struct.hpp
[8.120s] -- Installing: /dev_ws/install/include/easy_handeye2_msgs/easy_handeye2_msgs/srv/detail/save_calibration__type_support.hpp
[8.120s] -- Installing: /dev_ws/install/include/easy_handeye2_msgs/easy_handeye2_msgs/srv/detail/check_starting_pose__builder.hpp
[8.120s] -- Installing: /dev_ws/install/include/easy_handeye2_msgs/easy_handeye2_msgs/srv/detail/save_calibration__builder.hpp
[8.120s] -- Installing: /dev_ws/install/include/easy_handeye2_msgs/easy_handeye2_msgs/srv/detail/list_algorithms__type_support.hpp
[8.120s] -- Installing: /dev_ws/install/include/easy_handeye2_msgs/easy_handeye2_msgs/srv/detail/take_sample__type_support.hpp
[8.120s] -- Installing: /dev_ws/install/include/easy_handeye2_msgs/easy_handeye2_msgs/srv/detail/remove_sample__traits.hpp
[8.120s] -- Installing: /dev_ws/install/include/easy_handeye2_msgs/easy_handeye2_msgs/srv/detail/compute_calibration__builder.hpp
[8.120s] -- Installing: /dev_ws/install/include/easy_handeye2_msgs/easy_handeye2_msgs/srv/detail/take_sample__builder.hpp
[8.120s] -- Installing: /dev_ws/install/include/easy_handeye2_msgs/easy_handeye2_msgs/srv/detail/enumerate_target_poses__builder.hpp
[8.120s] -- Installing: /dev_ws/install/include/easy_handeye2_msgs/easy_handeye2_msgs/srv/detail/plan_to_selected_target_pose__struct.hpp
[8.120s] -- Installing: /dev_ws/install/include/easy_handeye2_msgs/easy_handeye2_msgs/srv/detail/save_samples__type_support.hpp
[8.120s] -- Installing: /dev_ws/install/include/easy_handeye2_msgs/easy_handeye2_msgs/srv/detail/select_target_pose__struct.hpp
[8.120s] -- Installing: /dev_ws/install/include/easy_handeye2_msgs/easy_handeye2_msgs/srv/detail/execute_plan__struct.hpp
[8.120s] -- Installing: /dev_ws/install/include/easy_handeye2_msgs/easy_handeye2_msgs/srv/detail/load_samples__traits.hpp
[8.120s] -- Installing: /dev_ws/install/include/easy_handeye2_msgs/easy_handeye2_msgs/srv/detail/list_algorithms__struct.hpp
[8.120s] -- Installing: /dev_ws/install/include/easy_handeye2_msgs/easy_handeye2_msgs/srv/detail/load_samples__builder.hpp
[8.121s] -- Installing: /dev_ws/install/include/easy_handeye2_msgs/easy_handeye2_msgs/srv/detail/set_algorithm__struct.hpp
[8.121s] -- Installing: /dev_ws/install/include/easy_handeye2_msgs/easy_handeye2_msgs/srv/detail/set_algorithm__type_support.hpp
[8.121s] -- Installing: /dev_ws/install/include/easy_handeye2_msgs/easy_handeye2_msgs/srv/detail/check_starting_pose__traits.hpp
[8.121s] -- Installing: /dev_ws/install/include/easy_handeye2_msgs/easy_handeye2_msgs/srv/detail/take_sample__traits.hpp
[8.121s] -- Installing: /dev_ws/install/include/easy_handeye2_msgs/easy_handeye2_msgs/srv/detail/remove_sample__builder.hpp
[8.121s] -- Installing: /dev_ws/install/include/easy_handeye2_msgs/easy_handeye2_msgs/srv/detail/plan_to_selected_target_pose__builder.hpp
[8.121s] -- Installing: /dev_ws/install/include/easy_handeye2_msgs/easy_handeye2_msgs/srv/detail/list_algorithms__traits.hpp
[8.121s] -- Installing: /dev_ws/install/include/easy_handeye2_msgs/easy_handeye2_msgs/srv/detail/compute_calibration__type_support.hpp
[8.121s] -- Installing: /dev_ws/install/include/easy_handeye2_msgs/easy_handeye2_msgs/srv/detail/execute_plan__builder.hpp
[8.121s] -- Installing: /dev_ws/install/include/easy_handeye2_msgs/easy_handeye2_msgs/srv/detail/check_starting_pose__type_support.hpp
[8.121s] -- Installing: /dev_ws/install/include/easy_handeye2_msgs/easy_handeye2_msgs/srv/detail/set_algorithm__builder.hpp
[8.121s] -- Installing: /dev_ws/install/include/easy_handeye2_msgs/easy_handeye2_msgs/srv/detail/list_algorithms__builder.hpp
[8.121s] -- Installing: /dev_ws/install/include/easy_handeye2_msgs/easy_handeye2_msgs/srv/detail/enumerate_target_poses__struct.hpp
[8.121s] -- Installing: /dev_ws/install/include/easy_handeye2_msgs/easy_handeye2_msgs/srv/detail/compute_calibration__traits.hpp
[8.121s] -- Installing: /dev_ws/install/include/easy_handeye2_msgs/easy_handeye2_msgs/srv/detail/remove_sample__struct.hpp
[8.121s] -- Installing: /dev_ws/install/include/easy_handeye2_msgs/easy_handeye2_msgs/srv/detail/save_calibration__struct.hpp
[8.121s] -- Installing: /dev_ws/install/include/easy_handeye2_msgs/easy_handeye2_msgs/srv/detail/enumerate_target_poses__traits.hpp
[8.122s] -- Installing: /dev_ws/install/include/easy_handeye2_msgs/easy_handeye2_msgs/srv/detail/save_samples__traits.hpp
[8.122s] -- Installing: /dev_ws/install/include/easy_handeye2_msgs/easy_handeye2_msgs/srv/detail/enumerate_target_poses__type_support.hpp
[8.122s] -- Installing: /dev_ws/install/include/easy_handeye2_msgs/easy_handeye2_msgs/srv/detail/execute_plan__traits.hpp
[8.122s] -- Installing: /dev_ws/install/include/easy_handeye2_msgs/easy_handeye2_msgs/srv/detail/select_target_pose__type_support.hpp
[8.122s] -- Installing: /dev_ws/install/include/easy_handeye2_msgs/easy_handeye2_msgs/srv/detail/load_samples__struct.hpp
[8.122s] -- Installing: /dev_ws/install/include/easy_handeye2_msgs/easy_handeye2_msgs/srv/detail/check_starting_pose__struct.hpp
[8.122s] -- Installing: /dev_ws/install/include/easy_handeye2_msgs/easy_handeye2_msgs/srv/detail/plan_to_selected_target_pose__type_support.hpp
[8.122s] -- Installing: /dev_ws/install/include/easy_handeye2_msgs/easy_handeye2_msgs/srv/detail/set_algorithm__traits.hpp
[8.122s] -- Installing: /dev_ws/install/include/easy_handeye2_msgs/easy_handeye2_msgs/srv/detail/remove_sample__type_support.hpp
[8.122s] -- Installing: /dev_ws/install/include/easy_handeye2_msgs/easy_handeye2_msgs/srv/detail/load_samples__type_support.hpp
[8.122s] -- Installing: /dev_ws/install/include/easy_handeye2_msgs/easy_handeye2_msgs/srv/detail/save_samples__builder.hpp
[8.122s] -- Installing: /dev_ws/install/include/easy_handeye2_msgs/easy_handeye2_msgs/srv/detail/select_target_pose__traits.hpp
[8.122s] -- Installing: /dev_ws/install/include/easy_handeye2_msgs/easy_handeye2_msgs/srv/detail/select_target_pose__builder.hpp
[8.122s] -- Installing: /dev_ws/install/include/easy_handeye2_msgs/easy_handeye2_msgs/srv/detail/compute_calibration__struct.hpp
[8.122s] -- Installing: /dev_ws/install/include/easy_handeye2_msgs/easy_handeye2_msgs/srv/detail/save_samples__struct.hpp
[8.123s] -- Installing: /dev_ws/install/include/easy_handeye2_msgs/easy_handeye2_msgs/srv/detail/execute_plan__type_support.hpp
[8.123s] -- Installing: /dev_ws/install/include/easy_handeye2_msgs/easy_handeye2_msgs/srv/plan_to_selected_target_pose.hpp
[8.123s] -- Installing: /dev_ws/install/include/easy_handeye2_msgs/easy_handeye2_msgs/srv/take_sample.hpp
[8.123s] -- Installing: /dev_ws/install/include/easy_handeye2_msgs/easy_handeye2_msgs/srv/remove_sample.hpp
[8.123s] -- Installing: /dev_ws/install/include/easy_handeye2_msgs/easy_handeye2_msgs/srv/save_samples.hpp
[8.123s] -- Installing: /dev_ws/install/include/easy_handeye2_msgs/easy_handeye2_msgs/srv/save_calibration.hpp
[8.123s] -- Installing: /dev_ws/install/include/easy_handeye2_msgs/easy_handeye2_msgs/srv/compute_calibration.hpp
[8.123s] -- Installing: /dev_ws/install/include/easy_handeye2_msgs/easy_handeye2_msgs/srv/select_target_pose.hpp
[8.123s] -- Up-to-date: /dev_ws/install/include/easy_handeye2_msgs/easy_handeye2_msgs
[8.123s] -- Up-to-date: /dev_ws/install/include/easy_handeye2_msgs/easy_handeye2_msgs/msg
[8.123s] -- Up-to-date: /dev_ws/install/include/easy_handeye2_msgs/easy_handeye2_msgs/msg/detail
[8.123s] -- Installing: /dev_ws/install/include/easy_handeye2_msgs/easy_handeye2_msgs/msg/detail/target_pose_list__rosidl_typesupport_fastrtps_cpp.hpp
[8.123s] -- Installing: /dev_ws/install/include/easy_handeye2_msgs/easy_handeye2_msgs/msg/detail/sample__rosidl_typesupport_fastrtps_cpp.hpp
[8.123s] -- Installing: /dev_ws/install/include/easy_handeye2_msgs/easy_handeye2_msgs/msg/detail/handeye_calibration__rosidl_typesupport_fastrtps_cpp.hpp
[8.123s] -- Installing: /dev_ws/install/include/easy_handeye2_msgs/easy_handeye2_msgs/msg/detail/handeye_calibration_parameters__rosidl_typesupport_fastrtps_cpp.hpp
[8.123s] -- Installing: /dev_ws/install/include/easy_handeye2_msgs/easy_handeye2_msgs/msg/detail/dds_fastrtps
[8.123s] -- Installing: /dev_ws/install/include/easy_handeye2_msgs/easy_handeye2_msgs/msg/detail/sample_list__rosidl_typesupport_fastrtps_cpp.hpp
[8.123s] -- Installing: /dev_ws/install/include/easy_handeye2_msgs/easy_handeye2_msgs/msg/rosidl_typesupport_fastrtps_cpp__visibility_control.h
[8.123s] -- Up-to-date: /dev_ws/install/include/easy_handeye2_msgs/easy_handeye2_msgs/srv
[8.123s] -- Up-to-date: /dev_ws/install/include/easy_handeye2_msgs/easy_handeye2_msgs/srv/detail
[8.123s] -- Installing: /dev_ws/install/include/easy_handeye2_msgs/easy_handeye2_msgs/srv/detail/set_algorithm__rosidl_typesupport_fastrtps_cpp.hpp
[8.124s] -- Installing: /dev_ws/install/include/easy_handeye2_msgs/easy_handeye2_msgs/srv/detail/select_target_pose__rosidl_typesupport_fastrtps_cpp.hpp
[8.124s] -- Installing: /dev_ws/install/include/easy_handeye2_msgs/easy_handeye2_msgs/srv/detail/check_starting_pose__rosidl_typesupport_fastrtps_cpp.hpp
[8.124s] -- Installing: /dev_ws/install/include/easy_handeye2_msgs/easy_handeye2_msgs/srv/detail/remove_sample__rosidl_typesupport_fastrtps_cpp.hpp
[8.124s] -- Installing: /dev_ws/install/include/easy_handeye2_msgs/easy_handeye2_msgs/srv/detail/execute_plan__rosidl_typesupport_fastrtps_cpp.hpp
[8.124s] -- Installing: /dev_ws/install/include/easy_handeye2_msgs/easy_handeye2_msgs/srv/detail/compute_calibration__rosidl_typesupport_fastrtps_cpp.hpp
[8.124s] -- Installing: /dev_ws/install/include/easy_handeye2_msgs/easy_handeye2_msgs/srv/detail/list_algorithms__rosidl_typesupport_fastrtps_cpp.hpp
[8.124s] -- Installing: /dev_ws/install/include/easy_handeye2_msgs/easy_handeye2_msgs/srv/detail/dds_fastrtps
[8.124s] -- Installing: /dev_ws/install/include/easy_handeye2_msgs/easy_handeye2_msgs/srv/detail/enumerate_target_poses__rosidl_typesupport_fastrtps_cpp.hpp
[8.124s] -- Installing: /dev_ws/install/include/easy_handeye2_msgs/easy_handeye2_msgs/srv/detail/save_calibration__rosidl_typesupport_fastrtps_cpp.hpp
[8.124s] -- Installing: /dev_ws/install/include/easy_handeye2_msgs/easy_handeye2_msgs/srv/detail/load_samples__rosidl_typesupport_fastrtps_cpp.hpp
[8.124s] -- Installing: /dev_ws/install/include/easy_handeye2_msgs/easy_handeye2_msgs/srv/detail/plan_to_selected_target_pose__rosidl_typesupport_fastrtps_cpp.hpp
[8.124s] -- Installing: /dev_ws/install/include/easy_handeye2_msgs/easy_handeye2_msgs/srv/detail/take_sample__rosidl_typesupport_fastrtps_cpp.hpp
[8.124s] -- Installing: /dev_ws/install/include/easy_handeye2_msgs/easy_handeye2_msgs/srv/detail/save_samples__rosidl_typesupport_fastrtps_cpp.hpp
[8.124s] -- Installing: /dev_ws/install/lib/libeasy_handeye2_msgs__rosidl_typesupport_fastrtps_cpp.so
[8.125s] -- Set runtime path of "/dev_ws/install/lib/libeasy_handeye2_msgs__rosidl_typesupport_fastrtps_cpp.so" to ""
[8.125s] -- Up-to-date: /dev_ws/install/include/easy_handeye2_msgs/easy_handeye2_msgs
[8.125s] -- Up-to-date: /dev_ws/install/include/easy_handeye2_msgs/easy_handeye2_msgs/msg
[8.125s] -- Up-to-date: /dev_ws/install/include/easy_handeye2_msgs/easy_handeye2_msgs/msg/detail
[8.125s] -- Installing: /dev_ws/install/include/easy_handeye2_msgs/easy_handeye2_msgs/msg/detail/handeye_calibration__type_support.cpp
[8.125s] -- Installing: /dev_ws/install/include/easy_handeye2_msgs/easy_handeye2_msgs/msg/detail/sample__rosidl_typesupport_introspection_cpp.hpp
[8.125s] -- Installing: /dev_ws/install/include/easy_handeye2_msgs/easy_handeye2_msgs/msg/detail/handeye_calibration__rosidl_typesupport_introspection_cpp.hpp
[8.125s] -- Installing: /dev_ws/install/include/easy_handeye2_msgs/easy_handeye2_msgs/msg/detail/target_pose_list__type_support.cpp
[8.125s] -- Installing: /dev_ws/install/include/easy_handeye2_msgs/easy_handeye2_msgs/msg/detail/sample__type_support.cpp
[8.125s] -- Installing: /dev_ws/install/include/easy_handeye2_msgs/easy_handeye2_msgs/msg/detail/target_pose_list__rosidl_typesupport_introspection_cpp.hpp
[8.125s] -- Installing: /dev_ws/install/include/easy_handeye2_msgs/easy_handeye2_msgs/msg/detail/handeye_calibration_parameters__type_support.cpp
[8.125s] -- Installing: /dev_ws/install/include/easy_handeye2_msgs/easy_handeye2_msgs/msg/detail/sample_list__type_support.cpp
[8.126s] -- Installing: /dev_ws/install/include/easy_handeye2_msgs/easy_handeye2_msgs/msg/detail/sample_list__rosidl_typesupport_introspection_cpp.hpp
[8.126s] -- Installing: /dev_ws/install/include/easy_handeye2_msgs/easy_handeye2_msgs/msg/detail/handeye_calibration_parameters__rosidl_typesupport_introspection_cpp.hpp
[8.126s] -- Up-to-date: /dev_ws/install/include/easy_handeye2_msgs/easy_handeye2_msgs/srv
[8.126s] -- Up-to-date: /dev_ws/install/include/easy_handeye2_msgs/easy_handeye2_msgs/srv/detail
[8.126s] -- Installing: /dev_ws/install/include/easy_handeye2_msgs/easy_handeye2_msgs/srv/detail/plan_to_selected_target_pose__rosidl_typesupport_introspection_cpp.hpp
[8.126s] -- Installing: /dev_ws/install/include/easy_handeye2_msgs/easy_handeye2_msgs/srv/detail/save_samples__type_support.cpp
[8.126s] -- Installing: /dev_ws/install/include/easy_handeye2_msgs/easy_handeye2_msgs/srv/detail/set_algorithm__rosidl_typesupport_introspection_cpp.hpp
[8.126s] -- Installing: /dev_ws/install/include/easy_handeye2_msgs/easy_handeye2_msgs/srv/detail/set_algorithm__type_support.cpp
[8.126s] -- Installing: /dev_ws/install/include/easy_handeye2_msgs/easy_handeye2_msgs/srv/detail/compute_calibration__rosidl_typesupport_introspection_cpp.hpp
[8.126s] -- Installing: /dev_ws/install/include/easy_handeye2_msgs/easy_handeye2_msgs/srv/detail/take_sample__rosidl_typesupport_introspection_cpp.hpp
[8.126s] -- Installing: /dev_ws/install/include/easy_handeye2_msgs/easy_handeye2_msgs/srv/detail/save_samples__rosidl_typesupport_introspection_cpp.hpp
[8.126s] -- Installing: /dev_ws/install/include/easy_handeye2_msgs/easy_handeye2_msgs/srv/detail/enumerate_target_poses__type_support.cpp
[8.126s] -- Installing: /dev_ws/install/include/easy_handeye2_msgs/easy_handeye2_msgs/srv/detail/select_target_pose__rosidl_typesupport_introspection_cpp.hpp
[8.126s] -- Installing: /dev_ws/install/include/easy_handeye2_msgs/easy_handeye2_msgs/srv/detail/execute_plan__rosidl_typesupport_introspection_cpp.hpp
[8.126s] -- Installing: /dev_ws/install/include/easy_handeye2_msgs/easy_handeye2_msgs/srv/detail/select_target_pose__type_support.cpp
[8.126s] -- Installing: /dev_ws/install/include/easy_handeye2_msgs/easy_handeye2_msgs/srv/detail/save_calibration__rosidl_typesupport_introspection_cpp.hpp
[8.126s] -- Installing: /dev_ws/install/include/easy_handeye2_msgs/easy_handeye2_msgs/srv/detail/load_samples__rosidl_typesupport_introspection_cpp.hpp
[8.126s] -- Installing: /dev_ws/install/include/easy_handeye2_msgs/easy_handeye2_msgs/srv/detail/enumerate_target_poses__rosidl_typesupport_introspection_cpp.hpp
[8.127s] -- Installing: /dev_ws/install/include/easy_handeye2_msgs/easy_handeye2_msgs/srv/detail/remove_sample__type_support.cpp
[8.127s] -- Installing: /dev_ws/install/include/easy_handeye2_msgs/easy_handeye2_msgs/srv/detail/plan_to_selected_target_pose__type_support.cpp
[8.127s] -- Installing: /dev_ws/install/include/easy_handeye2_msgs/easy_handeye2_msgs/srv/detail/check_starting_pose__rosidl_typesupport_introspection_cpp.hpp
[8.127s] -- Installing: /dev_ws/install/include/easy_handeye2_msgs/easy_handeye2_msgs/srv/detail/list_algorithms__type_support.cpp
[8.127s] -- Installing: /dev_ws/install/include/easy_handeye2_msgs/easy_handeye2_msgs/srv/detail/list_algorithms__rosidl_typesupport_introspection_cpp.hpp
[8.127s] -- Installing: /dev_ws/install/include/easy_handeye2_msgs/easy_handeye2_msgs/srv/detail/execute_plan__type_support.cpp
[8.127s] -- Installing: /dev_ws/install/include/easy_handeye2_msgs/easy_handeye2_msgs/srv/detail/take_sample__type_support.cpp
[8.127s] -- Installing: /dev_ws/install/include/easy_handeye2_msgs/easy_handeye2_msgs/srv/detail/check_starting_pose__type_support.cpp
[8.127s] -- Installing: /dev_ws/install/include/easy_handeye2_msgs/easy_handeye2_msgs/srv/detail/load_samples__type_support.cpp
[8.127s] -- Installing: /dev_ws/install/include/easy_handeye2_msgs/easy_handeye2_msgs/srv/detail/remove_sample__rosidl_typesupport_introspection_cpp.hpp
[8.127s] -- Installing: /dev_ws/install/include/easy_handeye2_msgs/easy_handeye2_msgs/srv/detail/save_calibration__type_support.cpp
[8.127s] -- Installing: /dev_ws/install/include/easy_handeye2_msgs/easy_handeye2_msgs/srv/detail/compute_calibration__type_support.cpp
[8.128s] -- Installing: /dev_ws/install/lib/libeasy_handeye2_msgs__rosidl_typesupport_introspection_cpp.so
[8.128s] -- Set runtime path of "/dev_ws/install/lib/libeasy_handeye2_msgs__rosidl_typesupport_introspection_cpp.so" to ""
[8.128s] -- Installing: /dev_ws/install/lib/libeasy_handeye2_msgs__rosidl_typesupport_cpp.so
[8.128s] -- Set runtime path of "/dev_ws/install/lib/libeasy_handeye2_msgs__rosidl_typesupport_cpp.so" to ""
[8.128s] -- Installing: /dev_ws/install/share/easy_handeye2_msgs/environment/pythonpath.sh
[8.129s] -- Installing: /dev_ws/install/share/easy_handeye2_msgs/environment/pythonpath.dsv
[8.129s] -- Installing: /dev_ws/install/local/lib/python3.10/dist-packages/easy_handeye2_msgs-0.5.0-py3.10.egg-info
[8.129s] -- Installing: /dev_ws/install/local/lib/python3.10/dist-packages/easy_handeye2_msgs-0.5.0-py3.10.egg-info/SOURCES.txt
[8.129s] -- Installing: /dev_ws/install/local/lib/python3.10/dist-packages/easy_handeye2_msgs-0.5.0-py3.10.egg-info/dependency_links.txt
[8.129s] -- Installing: /dev_ws/install/local/lib/python3.10/dist-packages/easy_handeye2_msgs-0.5.0-py3.10.egg-info/top_level.txt
[8.129s] -- Installing: /dev_ws/install/local/lib/python3.10/dist-packages/easy_handeye2_msgs-0.5.0-py3.10.egg-info/PKG-INFO
[8.129s] -- Installing: /dev_ws/install/local/lib/python3.10/dist-packages/easy_handeye2_msgs
[8.129s] -- Installing: /dev_ws/install/local/lib/python3.10/dist-packages/easy_handeye2_msgs/_easy_handeye2_msgs_s.ep.rosidl_typesupport_c.c
[8.129s] -- Installing: /dev_ws/install/local/lib/python3.10/dist-packages/easy_handeye2_msgs/msg
[8.129s] -- Installing: /dev_ws/install/local/lib/python3.10/dist-packages/easy_handeye2_msgs/msg/_handeye_calibration_parameters.py
[8.129s] -- Installing: /dev_ws/install/local/lib/python3.10/dist-packages/easy_handeye2_msgs/msg/_handeye_calibration_s.c
[8.129s] -- Installing: /dev_ws/install/local/lib/python3.10/dist-packages/easy_handeye2_msgs/msg/_target_pose_list.py
[8.129s] -- Installing: /dev_ws/install/local/lib/python3.10/dist-packages/easy_handeye2_msgs/msg/_handeye_calibration.py
[8.129s] -- Installing: /dev_ws/install/local/lib/python3.10/dist-packages/easy_handeye2_msgs/msg/_sample_list_s.c
[8.129s] -- Installing: /dev_ws/install/local/lib/python3.10/dist-packages/easy_handeye2_msgs/msg/_sample.py
[8.129s] -- Installing: /dev_ws/install/local/lib/python3.10/dist-packages/easy_handeye2_msgs/msg/_sample_list.py
[8.129s] -- Installing: /dev_ws/install/local/lib/python3.10/dist-packages/easy_handeye2_msgs/msg/_handeye_calibration_parameters_s.c
[8.130s] -- Installing: /dev_ws/install/local/lib/python3.10/dist-packages/easy_handeye2_msgs/msg/_sample_s.c
[8.130s] -- Installing: /dev_ws/install/local/lib/python3.10/dist-packages/easy_handeye2_msgs/msg/__init__.py
[8.130s] -- Installing: /dev_ws/install/local/lib/python3.10/dist-packages/easy_handeye2_msgs/msg/_target_pose_list_s.c
[8.130s] -- Installing: /dev_ws/install/local/lib/python3.10/dist-packages/easy_handeye2_msgs/libeasy_handeye2_msgs__rosidl_generator_py.so
[8.130s] -- Installing: /dev_ws/install/local/lib/python3.10/dist-packages/easy_handeye2_msgs/easy_handeye2_msgs_s__rosidl_typesupport_introspection_c.cpython-310-x86_64-linux-gnu.so
[8.130s] -- Installing: /dev_ws/install/local/lib/python3.10/dist-packages/easy_handeye2_msgs/_easy_handeye2_msgs_s.ep.rosidl_typesupport_introspection_c.c
[8.130s] -- Installing: /dev_ws/install/local/lib/python3.10/dist-packages/easy_handeye2_msgs/srv
[8.130s] -- Installing: /dev_ws/install/local/lib/python3.10/dist-packages/easy_handeye2_msgs/srv/_enumerate_target_poses_s.c
[8.130s] -- Installing: /dev_ws/install/local/lib/python3.10/dist-packages/easy_handeye2_msgs/srv/_compute_calibration_s.c
[8.130s] -- Installing: /dev_ws/install/local/lib/python3.10/dist-packages/easy_handeye2_msgs/srv/_set_algorithm_s.c
[8.130s] -- Installing: /dev_ws/install/local/lib/python3.10/dist-packages/easy_handeye2_msgs/srv/_list_algorithms_s.c
[8.130s] -- Installing: /dev_ws/install/local/lib/python3.10/dist-packages/easy_handeye2_msgs/srv/_remove_sample.py
[8.130s] -- Installing: /dev_ws/install/local/lib/python3.10/dist-packages/easy_handeye2_msgs/srv/_save_calibration.py
[8.130s] -- Installing: /dev_ws/install/local/lib/python3.10/dist-packages/easy_handeye2_msgs/srv/_save_samples.py
[8.130s] -- Installing: /dev_ws/install/local/lib/python3.10/dist-packages/easy_handeye2_msgs/srv/_take_sample_s.c
[8.131s] -- Installing: /dev_ws/install/local/lib/python3.10/dist-packages/easy_handeye2_msgs/srv/_execute_plan.py
[8.131s] -- Installing: /dev_ws/install/local/lib/python3.10/dist-packages/easy_handeye2_msgs/srv/_take_sample.py
[8.131s] -- Installing: /dev_ws/install/local/lib/python3.10/dist-packages/easy_handeye2_msgs/srv/_set_algorithm.py
[8.131s] -- Installing: /dev_ws/install/local/lib/python3.10/dist-packages/easy_handeye2_msgs/srv/_load_samples_s.c
[8.131s] -- Installing: /dev_ws/install/local/lib/python3.10/dist-packages/easy_handeye2_msgs/srv/_load_samples.py
[8.131s] -- Installing: /dev_ws/install/local/lib/python3.10/dist-packages/easy_handeye2_msgs/srv/_enumerate_target_poses.py
[8.131s] -- Installing: /dev_ws/install/local/lib/python3.10/dist-packages/easy_handeye2_msgs/srv/_compute_calibration.py
[8.131s] -- Installing: /dev_ws/install/local/lib/python3.10/dist-packages/easy_handeye2_msgs/srv/_execute_plan_s.c
[8.131s] -- Installing: /dev_ws/install/local/lib/python3.10/dist-packages/easy_handeye2_msgs/srv/_save_calibration_s.c
[8.131s] -- Installing: /dev_ws/install/local/lib/python3.10/dist-packages/easy_handeye2_msgs/srv/_plan_to_selected_target_pose.py
[8.131s] -- Installing: /dev_ws/install/local/lib/python3.10/dist-packages/easy_handeye2_msgs/srv/_check_starting_pose.py
[8.131s] -- Installing: /dev_ws/install/local/lib/python3.10/dist-packages/easy_handeye2_msgs/srv/_select_target_pose.py
[8.131s] -- Installing: /dev_ws/install/local/lib/python3.10/dist-packages/easy_handeye2_msgs/srv/_remove_sample_s.c
[8.131s] -- Installing: /dev_ws/install/local/lib/python3.10/dist-packages/easy_handeye2_msgs/srv/_plan_to_selected_target_pose_s.c
[8.131s] -- Installing: /dev_ws/install/local/lib/python3.10/dist-packages/easy_handeye2_msgs/srv/_list_algorithms.py
[8.132s] -- Installing: /dev_ws/install/local/lib/python3.10/dist-packages/easy_handeye2_msgs/srv/_check_starting_pose_s.c
[8.132s] -- Installing: /dev_ws/install/local/lib/python3.10/dist-packages/easy_handeye2_msgs/srv/_select_target_pose_s.c
[8.132s] -- Installing: /dev_ws/install/local/lib/python3.10/dist-packages/easy_handeye2_msgs/srv/_save_samples_s.c
[8.132s] -- Installing: /dev_ws/install/local/lib/python3.10/dist-packages/easy_handeye2_msgs/srv/__init__.py
[8.132s] -- Installing: /dev_ws/install/local/lib/python3.10/dist-packages/easy_handeye2_msgs/easy_handeye2_msgs_s__rosidl_typesupport_fastrtps_c.cpython-310-x86_64-linux-gnu.so
[8.132s] -- Installing: /dev_ws/install/local/lib/python3.10/dist-packages/easy_handeye2_msgs/__init__.py
[8.132s] -- Installing: /dev_ws/install/local/lib/python3.10/dist-packages/easy_handeye2_msgs/easy_handeye2_msgs_s__rosidl_typesupport_c.cpython-310-x86_64-linux-gnu.so
[8.132s] -- Installing: /dev_ws/install/local/lib/python3.10/dist-packages/easy_handeye2_msgs/_easy_handeye2_msgs_s.ep.rosidl_typesupport_fastrtps_c.c
[8.171s] Listing '/dev_ws/install/local/lib/python3.10/dist-packages/easy_handeye2_msgs'...
[8.171s] Compiling '/dev_ws/install/local/lib/python3.10/dist-packages/easy_handeye2_msgs/__init__.py'...
[8.172s] Listing '/dev_ws/install/local/lib/python3.10/dist-packages/easy_handeye2_msgs/msg'...
[8.172s] Compiling '/dev_ws/install/local/lib/python3.10/dist-packages/easy_handeye2_msgs/msg/__init__.py'...
[8.172s] Compiling '/dev_ws/install/local/lib/python3.10/dist-packages/easy_handeye2_msgs/msg/_handeye_calibration.py'...
[8.172s] Compiling '/dev_ws/install/local/lib/python3.10/dist-packages/easy_handeye2_msgs/msg/_handeye_calibration_parameters.py'...
[8.172s] Compiling '/dev_ws/install/local/lib/python3.10/dist-packages/easy_handeye2_msgs/msg/_sample.py'...
[8.172s] Compiling '/dev_ws/install/local/lib/python3.10/dist-packages/easy_handeye2_msgs/msg/_sample_list.py'...
[8.172s] Compiling '/dev_ws/install/local/lib/python3.10/dist-packages/easy_handeye2_msgs/msg/_target_pose_list.py'...
[8.172s] Listing '/dev_ws/install/local/lib/python3.10/dist-packages/easy_handeye2_msgs/srv'...
[8.172s] Compiling '/dev_ws/install/local/lib/python3.10/dist-packages/easy_handeye2_msgs/srv/__init__.py'...
[8.172s] Compiling '/dev_ws/install/local/lib/python3.10/dist-packages/easy_handeye2_msgs/srv/_check_starting_pose.py'...
[8.172s] Compiling '/dev_ws/install/local/lib/python3.10/dist-packages/easy_handeye2_msgs/srv/_compute_calibration.py'...
[8.172s] Compiling '/dev_ws/install/local/lib/python3.10/dist-packages/easy_handeye2_msgs/srv/_enumerate_target_poses.py'...
[8.172s] Compiling '/dev_ws/install/local/lib/python3.10/dist-packages/easy_handeye2_msgs/srv/_execute_plan.py'...
[8.172s] Compiling '/dev_ws/install/local/lib/python3.10/dist-packages/easy_handeye2_msgs/srv/_list_algorithms.py'...
[8.172s] Compiling '/dev_ws/install/local/lib/python3.10/dist-packages/easy_handeye2_msgs/srv/_load_samples.py'...
[8.172s] Compiling '/dev_ws/install/local/lib/python3.10/dist-packages/easy_handeye2_msgs/srv/_plan_to_selected_target_pose.py'...
[8.172s] Compiling '/dev_ws/install/local/lib/python3.10/dist-packages/easy_handeye2_msgs/srv/_remove_sample.py'...
[8.172s] Compiling '/dev_ws/install/local/lib/python3.10/dist-packages/easy_handeye2_msgs/srv/_save_calibration.py'...
[8.172s] Compiling '/dev_ws/install/local/lib/python3.10/dist-packages/easy_handeye2_msgs/srv/_save_samples.py'...
[8.172s] Compiling '/dev_ws/install/local/lib/python3.10/dist-packages/easy_handeye2_msgs/srv/_select_target_pose.py'...
[8.172s] Compiling '/dev_ws/install/local/lib/python3.10/dist-packages/easy_handeye2_msgs/srv/_set_algorithm.py'...
[8.172s] Compiling '/dev_ws/install/local/lib/python3.10/dist-packages/easy_handeye2_msgs/srv/_take_sample.py'...
[8.175s] -- Installing: /dev_ws/install/local/lib/python3.10/dist-packages/easy_handeye2_msgs/easy_handeye2_msgs_s__rosidl_typesupport_fastrtps_c.cpython-310-x86_64-linux-gnu.so
[8.176s] -- Set runtime path of "/dev_ws/install/local/lib/python3.10/dist-packages/easy_handeye2_msgs/easy_handeye2_msgs_s__rosidl_typesupport_fastrtps_c.cpython-310-x86_64-linux-gnu.so" to ""
[8.176s] -- Installing: /dev_ws/install/local/lib/python3.10/dist-packages/easy_handeye2_msgs/easy_handeye2_msgs_s__rosidl_typesupport_introspection_c.cpython-310-x86_64-linux-gnu.so
[8.176s] -- Set runtime path of "/dev_ws/install/local/lib/python3.10/dist-packages/easy_handeye2_msgs/easy_handeye2_msgs_s__rosidl_typesupport_introspection_c.cpython-310-x86_64-linux-gnu.so" to ""
[8.176s] -- Installing: /dev_ws/install/local/lib/python3.10/dist-packages/easy_handeye2_msgs/easy_handeye2_msgs_s__rosidl_typesupport_c.cpython-310-x86_64-linux-gnu.so
[8.176s] -- Set runtime path of "/dev_ws/install/local/lib/python3.10/dist-packages/easy_handeye2_msgs/easy_handeye2_msgs_s__rosidl_typesupport_c.cpython-310-x86_64-linux-gnu.so" to ""
[8.176s] -- Installing: /dev_ws/install/lib/libeasy_handeye2_msgs__rosidl_generator_py.so
[8.177s] -- Set runtime path of "/dev_ws/install/lib/libeasy_handeye2_msgs__rosidl_generator_py.so" to ""
[8.177s] -- Installing: /dev_ws/install/share/easy_handeye2_msgs/msg/HandeyeCalibration.idl
[8.177s] -- Installing: /dev_ws/install/share/easy_handeye2_msgs/msg/HandeyeCalibrationParameters.idl
[8.177s] -- Installing: /dev_ws/install/share/easy_handeye2_msgs/msg/Sample.idl
[8.177s] -- Installing: /dev_ws/install/share/easy_handeye2_msgs/msg/SampleList.idl
[8.177s] -- Installing: /dev_ws/install/share/easy_handeye2_msgs/msg/TargetPoseList.idl
[8.178s] -- Installing: /dev_ws/install/share/easy_handeye2_msgs/srv/ListAlgorithms.idl
[8.178s] -- Installing: /dev_ws/install/share/easy_handeye2_msgs/srv/SetAlgorithm.idl
[8.178s] -- Installing: /dev_ws/install/share/easy_handeye2_msgs/srv/ComputeCalibration.idl
[8.178s] -- Installing: /dev_ws/install/share/easy_handeye2_msgs/srv/SaveCalibration.idl
[8.178s] -- Installing: /dev_ws/install/share/easy_handeye2_msgs/srv/RemoveSample.idl
[8.178s] -- Installing: /dev_ws/install/share/easy_handeye2_msgs/srv/TakeSample.idl
[8.178s] -- Installing: /dev_ws/install/share/easy_handeye2_msgs/srv/SaveSamples.idl
[8.178s] -- Installing: /dev_ws/install/share/easy_handeye2_msgs/srv/LoadSamples.idl
[8.178s] -- Installing: /dev_ws/install/share/easy_handeye2_msgs/srv/CheckStartingPose.idl
[8.178s] -- Installing: /dev_ws/install/share/easy_handeye2_msgs/srv/EnumerateTargetPoses.idl
[8.178s] -- Installing: /dev_ws/install/share/easy_handeye2_msgs/srv/SelectTargetPose.idl
[8.178s] -- Installing: /dev_ws/install/share/easy_handeye2_msgs/srv/PlanToSelectedTargetPose.idl
[8.178s] -- Installing: /dev_ws/install/share/easy_handeye2_msgs/srv/ExecutePlan.idl
[8.179s] -- Installing: /dev_ws/install/share/easy_handeye2_msgs/msg/HandeyeCalibration.msg
[8.179s] -- Installing: /dev_ws/install/share/easy_handeye2_msgs/msg/HandeyeCalibrationParameters.msg
[8.179s] -- Installing: /dev_ws/install/share/easy_handeye2_msgs/msg/Sample.msg
[8.179s] -- Installing: /dev_ws/install/share/easy_handeye2_msgs/msg/SampleList.msg
[8.179s] -- Installing: /dev_ws/install/share/easy_handeye2_msgs/msg/TargetPoseList.msg
[8.179s] -- Installing: /dev_ws/install/share/easy_handeye2_msgs/calibration/ListAlgorithms.srv
[8.179s] -- Installing: /dev_ws/install/share/easy_handeye2_msgs/calibration/ListAlgorithms_Request.msg
[8.179s] -- Installing: /dev_ws/install/share/easy_handeye2_msgs/calibration/ListAlgorithms_Response.msg
[8.179s] -- Installing: /dev_ws/install/share/easy_handeye2_msgs/calibration/SetAlgorithm.srv
[8.179s] -- Installing: /dev_ws/install/share/easy_handeye2_msgs/calibration/SetAlgorithm_Request.msg
[8.180s] -- Installing: /dev_ws/install/share/easy_handeye2_msgs/calibration/SetAlgorithm_Response.msg
[8.180s] -- Installing: /dev_ws/install/share/easy_handeye2_msgs/calibration/ComputeCalibration.srv
[8.180s] -- Installing: /dev_ws/install/share/easy_handeye2_msgs/calibration/ComputeCalibration_Request.msg
[8.180s] -- Installing: /dev_ws/install/share/easy_handeye2_msgs/calibration/ComputeCalibration_Response.msg
[8.180s] -- Installing: /dev_ws/install/share/easy_handeye2_msgs/calibration/SaveCalibration.srv
[8.180s] -- Installing: /dev_ws/install/share/easy_handeye2_msgs/calibration/SaveCalibration_Request.msg
[8.180s] -- Installing: /dev_ws/install/share/easy_handeye2_msgs/calibration/SaveCalibration_Response.msg
[8.180s] -- Installing: /dev_ws/install/share/easy_handeye2_msgs/calibration/RemoveSample.srv
[8.180s] -- Installing: /dev_ws/install/share/easy_handeye2_msgs/calibration/RemoveSample_Request.msg
[8.180s] -- Installing: /dev_ws/install/share/easy_handeye2_msgs/calibration/RemoveSample_Response.msg
[8.181s] -- Installing: /dev_ws/install/share/easy_handeye2_msgs/calibration/TakeSample.srv
[8.181s] -- Installing: /dev_ws/install/share/easy_handeye2_msgs/calibration/TakeSample_Request.msg
[8.181s] -- Installing: /dev_ws/install/share/easy_handeye2_msgs/calibration/TakeSample_Response.msg
[8.181s] -- Installing: /dev_ws/install/share/easy_handeye2_msgs/calibration/SaveSamples.srv
[8.181s] -- Installing: /dev_ws/install/share/easy_handeye2_msgs/calibration/SaveSamples_Request.msg
[8.181s] -- Installing: /dev_ws/install/share/easy_handeye2_msgs/calibration/SaveSamples_Response.msg
[8.181s] -- Installing: /dev_ws/install/share/easy_handeye2_msgs/calibration/LoadSamples.srv
[8.181s] -- Installing: /dev_ws/install/share/easy_handeye2_msgs/calibration/LoadSamples_Request.msg
[8.181s] -- Installing: /dev_ws/install/share/easy_handeye2_msgs/calibration/LoadSamples_Response.msg
[8.181s] -- Installing: /dev_ws/install/share/easy_handeye2_msgs/robot_movements/CheckStartingPose.srv
[8.181s] -- Installing: /dev_ws/install/share/easy_handeye2_msgs/robot_movements/CheckStartingPose_Request.msg
[8.181s] -- Installing: /dev_ws/install/share/easy_handeye2_msgs/robot_movements/CheckStartingPose_Response.msg
[8.181s] -- Installing: /dev_ws/install/share/easy_handeye2_msgs/robot_movements/EnumerateTargetPoses.srv
[8.181s] -- Installing: /dev_ws/install/share/easy_handeye2_msgs/robot_movements/EnumerateTargetPoses_Request.msg
[8.181s] -- Installing: /dev_ws/install/share/easy_handeye2_msgs/robot_movements/EnumerateTargetPoses_Response.msg
[8.181s] -- Installing: /dev_ws/install/share/easy_handeye2_msgs/robot_movements/SelectTargetPose.srv
[8.181s] -- Installing: /dev_ws/install/share/easy_handeye2_msgs/robot_movements/SelectTargetPose_Request.msg
[8.181s] -- Installing: /dev_ws/install/share/easy_handeye2_msgs/robot_movements/SelectTargetPose_Response.msg
[8.181s] -- Installing: /dev_ws/install/share/easy_handeye2_msgs/robot_movements/PlanToSelectedTargetPose.srv
[8.181s] -- Installing: /dev_ws/install/share/easy_handeye2_msgs/robot_movements/PlanToSelectedTargetPose_Request.msg
[8.182s] -- Installing: /dev_ws/install/share/easy_handeye2_msgs/robot_movements/PlanToSelectedTargetPose_Response.msg
[8.182s] -- Installing: /dev_ws/install/share/easy_handeye2_msgs/robot_movements/ExecutePlan.srv
[8.182s] -- Installing: /dev_ws/install/share/easy_handeye2_msgs/robot_movements/ExecutePlan_Request.msg
[8.182s] -- Installing: /dev_ws/install/share/easy_handeye2_msgs/robot_movements/ExecutePlan_Response.msg
[8.182s] -- Installing: /dev_ws/install/share/ament_index/resource_index/package_run_dependencies/easy_handeye2_msgs
[8.182s] -- Installing: /dev_ws/install/share/ament_index/resource_index/parent_prefix_path/easy_handeye2_msgs
[8.182s] -- Installing: /dev_ws/install/share/easy_handeye2_msgs/environment/ament_prefix_path.sh
[8.182s] -- Installing: /dev_ws/install/share/easy_handeye2_msgs/environment/ament_prefix_path.dsv
[8.182s] -- Installing: /dev_ws/install/share/easy_handeye2_msgs/environment/path.sh
[8.182s] -- Installing: /dev_ws/install/share/easy_handeye2_msgs/environment/path.dsv
[8.182s] -- Installing: /dev_ws/install/share/easy_handeye2_msgs/local_setup.bash
[8.182s] -- Installing: /dev_ws/install/share/easy_handeye2_msgs/local_setup.sh
[8.183s] -- Installing: /dev_ws/install/share/easy_handeye2_msgs/local_setup.zsh
[8.183s] -- Installing: /dev_ws/install/share/easy_handeye2_msgs/local_setup.dsv
[8.183s] -- Installing: /dev_ws/install/share/easy_handeye2_msgs/package.dsv
[8.183s] -- Installing: /dev_ws/install/share/ament_index/resource_index/packages/easy_handeye2_msgs
[8.183s] -- Installing: /dev_ws/install/share/easy_handeye2_msgs/cmake/export_easy_handeye2_msgs__rosidl_generator_cExport.cmake
[8.183s] -- Installing: /dev_ws/install/share/easy_handeye2_msgs/cmake/export_easy_handeye2_msgs__rosidl_generator_cExport-noconfig.cmake
[8.183s] -- Installing: /dev_ws/install/share/easy_handeye2_msgs/cmake/export_easy_handeye2_msgs__rosidl_typesupport_fastrtps_cExport.cmake
[8.183s] -- Installing: /dev_ws/install/share/easy_handeye2_msgs/cmake/export_easy_handeye2_msgs__rosidl_typesupport_fastrtps_cExport-noconfig.cmake
[8.183s] -- Installing: /dev_ws/install/share/easy_handeye2_msgs/cmake/easy_handeye2_msgs__rosidl_typesupport_introspection_cExport.cmake
[8.183s] -- Installing: /dev_ws/install/share/easy_handeye2_msgs/cmake/easy_handeye2_msgs__rosidl_typesupport_introspection_cExport-noconfig.cmake
[8.183s] -- Installing: /dev_ws/install/share/easy_handeye2_msgs/cmake/easy_handeye2_msgs__rosidl_typesupport_cExport.cmake
[8.183s] -- Installing: /dev_ws/install/share/easy_handeye2_msgs/cmake/easy_handeye2_msgs__rosidl_typesupport_cExport-noconfig.cmake
[8.184s] -- Installing: /dev_ws/install/share/easy_handeye2_msgs/cmake/export_easy_handeye2_msgs__rosidl_generator_cppExport.cmake
[8.184s] -- Installing: /dev_ws/install/share/easy_handeye2_msgs/cmake/export_easy_handeye2_msgs__rosidl_typesupport_fastrtps_cppExport.cmake
[8.184s] -- Installing: /dev_ws/install/share/easy_handeye2_msgs/cmake/export_easy_handeye2_msgs__rosidl_typesupport_fastrtps_cppExport-noconfig.cmake
[8.184s] -- Installing: /dev_ws/install/share/easy_handeye2_msgs/cmake/easy_handeye2_msgs__rosidl_typesupport_introspection_cppExport.cmake
[8.184s] -- Installing: /dev_ws/install/share/easy_handeye2_msgs/cmake/easy_handeye2_msgs__rosidl_typesupport_introspection_cppExport-noconfig.cmake
[8.184s] -- Installing: /dev_ws/install/share/easy_handeye2_msgs/cmake/easy_handeye2_msgs__rosidl_typesupport_cppExport.cmake
[8.184s] -- Installing: /dev_ws/install/share/easy_handeye2_msgs/cmake/easy_handeye2_msgs__rosidl_typesupport_cppExport-noconfig.cmake
[8.184s] -- Installing: /dev_ws/install/share/easy_handeye2_msgs/cmake/export_easy_handeye2_msgs__rosidl_generator_pyExport.cmake
[8.184s] -- Installing: /dev_ws/install/share/easy_handeye2_msgs/cmake/export_easy_handeye2_msgs__rosidl_generator_pyExport-noconfig.cmake
[8.184s] -- Installing: /dev_ws/install/share/easy_handeye2_msgs/cmake/rosidl_cmake-extras.cmake
[8.184s] -- Installing: /dev_ws/install/share/easy_handeye2_msgs/cmake/ament_cmake_export_dependencies-extras.cmake
[8.184s] -- Installing: /dev_ws/install/share/easy_handeye2_msgs/cmake/ament_cmake_export_include_directories-extras.cmake
[8.185s] -- Installing: /dev_ws/install/share/easy_handeye2_msgs/cmake/ament_cmake_export_libraries-extras.cmake
[8.185s] -- Installing: /dev_ws/install/share/easy_handeye2_msgs/cmake/ament_cmake_export_targets-extras.cmake
[8.185s] -- Installing: /dev_ws/install/share/easy_handeye2_msgs/cmake/rosidl_cmake_export_typesupport_targets-extras.cmake
[8.185s] -- Installing: /dev_ws/install/share/easy_handeye2_msgs/cmake/rosidl_cmake_export_typesupport_libraries-extras.cmake
[8.185s] -- Installing: /dev_ws/install/share/easy_handeye2_msgs/cmake/easy_handeye2_msgsConfig.cmake
[8.185s] -- Installing: /dev_ws/install/share/easy_handeye2_msgs/cmake/easy_handeye2_msgsConfig-version.cmake
[8.185s] -- Installing: /dev_ws/install/share/easy_handeye2_msgs/package.xml
[8.187s] Invoked command in '/dev_ws/build/easy_handeye2_msgs' returned '0': CMAKE_PREFIX_PATH=${CMAKE_PREFIX_PATH}:/opt/ros/humble /usr/bin/cmake --install /dev_ws/build/easy_handeye2_msgs
