[0.000000] (-) TimerEvent: {}
[0.000473] (easy_handeye2_msgs) JobQueued: {'identifier': 'easy_handeye2_msgs', 'dependencies': OrderedDict()}
[0.000610] (pymoveit2) JobQueued: {'identifier': 'pymoveit2', 'dependencies': OrderedDict()}
[0.000750] (ur_commander) JobQueued: {'identifier': 'ur_commander', 'dependencies': OrderedDict()}
[0.000813] (ur_dashboard_msgs) JobQueued: {'identifier': 'ur_dashboard_msgs', 'dependencies': OrderedDict()}
[0.000866] (ur_moveit_config) JobQueued: {'identifier': 'ur_moveit_config', 'dependencies': OrderedDict()}
[0.000910] (easy_handeye2) JobQueued: {'identifier': 'easy_handeye2', 'dependencies': OrderedDict([('easy_handeye2_msgs', '/dev_ws/install')])}
[0.000988] (ur_controllers) JobQueued: {'identifier': 'ur_controllers', 'dependencies': OrderedDict([('ur_dashboard_msgs', '/dev_ws/install')])}
[0.001036] (ur_bringup) JobQueued: {'identifier': 'ur_bringup', 'dependencies': OrderedDict([('ur_dashboard_msgs', '/dev_ws/install'), ('ur_controllers', '/dev_ws/install')])}
[0.001101] (ur_robot_driver) JobQueued: {'identifier': 'ur_robot_driver', 'dependencies': OrderedDict([('ur_dashboard_msgs', '/dev_ws/install'), ('ur_controllers', '/dev_ws/install')])}
[0.001166] (ur_calibration) JobQueued: {'identifier': 'ur_calibration', 'dependencies': OrderedDict([('ur_dashboard_msgs', '/dev_ws/install'), ('ur_controllers', '/dev_ws/install'), ('ur_robot_driver', '/dev_ws/install')])}
[0.001206] (ur) JobQueued: {'identifier': 'ur', 'dependencies': OrderedDict([('ur_dashboard_msgs', '/dev_ws/install'), ('ur_moveit_config', '/dev_ws/install'), ('ur_controllers', '/dev_ws/install'), ('ur_robot_driver', '/dev_ws/install'), ('ur_calibration', '/dev_ws/install')])}
[0.001251] (ur_dashboard_msgs) JobStarted: {'identifier': 'ur_dashboard_msgs'}
[0.005312] (easy_handeye2_msgs) JobStarted: {'identifier': 'easy_handeye2_msgs'}
[0.007496] (ur_moveit_config) JobStarted: {'identifier': 'ur_moveit_config'}
[0.009634] (pymoveit2) JobStarted: {'identifier': 'pymoveit2'}
[0.011717] (ur_commander) JobStarted: {'identifier': 'ur_commander'}
[0.015367] (ur_dashboard_msgs) JobProgress: {'identifier': 'ur_dashboard_msgs', 'progress': 'cmake'}
[0.015710] (ur_dashboard_msgs) Command: {'cmd': ['/usr/bin/cmake', '/dev_ws/src/moveit2-introduction/Universal_Robots_ROS2_Driver/ur_dashboard_msgs', '-DCMAKE_INSTALL_PREFIX=/dev_ws/install'], 'cwd': '/dev_ws/build/ur_dashboard_msgs', 'env': OrderedDict([('HOSTNAME', 'prottay-Pulse-15-B13VFK'), ('SHLVL', '2'), ('LD_LIBRARY_PATH', '/dev_ws/install/lib:/opt/ros/humble/opt/rviz_ogre_vendor/lib:/opt/ros/humble/lib/x86_64-linux-gnu:/opt/ros/humble/lib'), ('HOME', '/home/prottay'), ('OLDPWD', '/dev_ws/src'), ('ROS_PYTHON_VERSION', '3'), ('COLORTERM', 'truecolor'), ('COLCON_PREFIX_PATH', '/dev_ws/install'), ('ROS_DISTRO', 'humble'), ('_', '/usr/bin/colcon'), ('ROS_VERSION', '2'), ('NVIDIA_DRIVER_CAPABILITIES', 'compute,display,graphics,utility,video'), ('TERM', 'xterm-256color'), ('ROS_LOCALHOST_ONLY', '1'), ('QT_X11_NO_MITSHM', '1'), ('PATH', '/opt/ros/humble/bin:/usr/local/sbin:/usr/local/bin:/usr/sbin:/usr/bin:/sbin:/bin'), ('DISPLAY', ':1'), ('LANG', 'C.UTF-8'), ('RMW_IMPLEMENTATION', 'rmw_fastrtps_cpp'), ('LS_COLORS', 'rs=0:di=01;34:ln=01;36:mh=00:pi=40;33:so=01;35:do=01;35:bd=40;33;01:cd=40;33;01:or=40;31;01:mi=00:su=37;41:sg=30;43:ca=30;41:tw=30;42:ow=34;42:st=37;44:ex=01;32:*.tar=01;31:*.tgz=01;31:*.arc=01;31:*.arj=01;31:*.taz=01;31:*.lha=01;31:*.lz4=01;31:*.lzh=01;31:*.lzma=01;31:*.tlz=01;31:*.txz=01;31:*.tzo=01;31:*.t7z=01;31:*.zip=01;31:*.z=01;31:*.dz=01;31:*.gz=01;31:*.lrz=01;31:*.lz=01;31:*.lzo=01;31:*.xz=01;31:*.zst=01;31:*.tzst=01;31:*.bz2=01;31:*.bz=01;31:*.tbz=01;31:*.tbz2=01;31:*.tz=01;31:*.deb=01;31:*.rpm=01;31:*.jar=01;31:*.war=01;31:*.ear=01;31:*.sar=01;31:*.rar=01;31:*.alz=01;31:*.ace=01;31:*.zoo=01;31:*.cpio=01;31:*.7z=01;31:*.rz=01;31:*.cab=01;31:*.wim=01;31:*.swm=01;31:*.dwm=01;31:*.esd=01;31:*.jpg=01;35:*.jpeg=01;35:*.mjpg=01;35:*.mjpeg=01;35:*.gif=01;35:*.bmp=01;35:*.pbm=01;35:*.pgm=01;35:*.ppm=01;35:*.tga=01;35:*.xbm=01;35:*.xpm=01;35:*.tif=01;35:*.tiff=01;35:*.png=01;35:*.svg=01;35:*.svgz=01;35:*.mng=01;35:*.pcx=01;35:*.mov=01;35:*.mpg=01;35:*.mpeg=01;35:*.m2v=01;35:*.mkv=01;35:*.webm=01;35:*.webp=01;35:*.ogm=01;35:*.mp4=01;35:*.m4v=01;35:*.mp4v=01;35:*.vob=01;35:*.qt=01;35:*.nuv=01;35:*.wmv=01;35:*.asf=01;35:*.rm=01;35:*.rmvb=01;35:*.flc=01;35:*.avi=01;35:*.fli=01;35:*.flv=01;35:*.gl=01;35:*.dl=01;35:*.xcf=01;35:*.xwd=01;35:*.yuv=01;35:*.cgm=01;35:*.emf=01;35:*.ogv=01;35:*.ogx=01;35:*.aac=00;36:*.au=00;36:*.flac=00;36:*.m4a=00;36:*.mid=00;36:*.midi=00;36:*.mka=00;36:*.mp3=00;36:*.mpc=00;36:*.ogg=00;36:*.ra=00;36:*.wav=00;36:*.oga=00;36:*.opus=00;36:*.spx=00;36:*.xspf=00;36:'), ('ROS_DOMAIN_ID', '0'), ('AMENT_PREFIX_PATH', '/dev_ws/install:/opt/ros/humble'), ('DEBIAN_FRONTEND', 'noninteractive'), ('TERMINATOR_UUID', 'urn:uuid:f94316ff-644a-45a6-8ebc-68eacf2d4390'), ('PWD', '/dev_ws/build/ur_dashboard_msgs'), ('LC_ALL', 'C.UTF-8'), ('PYTHONPATH', '/dev_ws/build/easy_handeye2:/dev_ws/install/lib/python3.10/site-packages:/dev_ws/install/local/lib/python3.10/dist-packages:/opt/ros/humble/lib/python3.10/site-packages:/opt/ros/humble/local/lib/python3.10/dist-packages'), ('NVIDIA_VISIBLE_DEVICES', 'all'), ('COLCON', '1'), ('VTE_VERSION', '6800'), ('CMAKE_PREFIX_PATH', '/dev_ws/install:/opt/ros/humble')]), 'shell': False}
[0.017563] (easy_handeye2_msgs) JobProgress: {'identifier': 'easy_handeye2_msgs', 'progress': 'cmake'}
[0.017767] (easy_handeye2_msgs) JobProgress: {'identifier': 'easy_handeye2_msgs', 'progress': 'build'}
[0.018476] (easy_handeye2_msgs) Command: {'cmd': ['/usr/bin/cmake', '--build', '/dev_ws/build/easy_handeye2_msgs', '--', '-j20', '-l20'], 'cwd': '/dev_ws/build/easy_handeye2_msgs', 'env': OrderedDict([('HOSTNAME', 'prottay-Pulse-15-B13VFK'), ('SHLVL', '2'), ('LD_LIBRARY_PATH', '/dev_ws/install/lib:/opt/ros/humble/opt/rviz_ogre_vendor/lib:/opt/ros/humble/lib/x86_64-linux-gnu:/opt/ros/humble/lib'), ('HOME', '/home/prottay'), ('OLDPWD', '/dev_ws/src'), ('ROS_PYTHON_VERSION', '3'), ('COLORTERM', 'truecolor'), ('COLCON_PREFIX_PATH', '/dev_ws/install'), ('ROS_DISTRO', 'humble'), ('_', '/usr/bin/colcon'), ('ROS_VERSION', '2'), ('NVIDIA_DRIVER_CAPABILITIES', 'compute,display,graphics,utility,video'), ('TERM', 'xterm-256color'), ('ROS_LOCALHOST_ONLY', '1'), ('QT_X11_NO_MITSHM', '1'), ('PATH', '/opt/ros/humble/bin:/usr/local/sbin:/usr/local/bin:/usr/sbin:/usr/bin:/sbin:/bin'), ('DISPLAY', ':1'), ('LANG', 'C.UTF-8'), ('RMW_IMPLEMENTATION', 'rmw_fastrtps_cpp'), ('LS_COLORS', 'rs=0:di=01;34:ln=01;36:mh=00:pi=40;33:so=01;35:do=01;35:bd=40;33;01:cd=40;33;01:or=40;31;01:mi=00:su=37;41:sg=30;43:ca=30;41:tw=30;42:ow=34;42:st=37;44:ex=01;32:*.tar=01;31:*.tgz=01;31:*.arc=01;31:*.arj=01;31:*.taz=01;31:*.lha=01;31:*.lz4=01;31:*.lzh=01;31:*.lzma=01;31:*.tlz=01;31:*.txz=01;31:*.tzo=01;31:*.t7z=01;31:*.zip=01;31:*.z=01;31:*.dz=01;31:*.gz=01;31:*.lrz=01;31:*.lz=01;31:*.lzo=01;31:*.xz=01;31:*.zst=01;31:*.tzst=01;31:*.bz2=01;31:*.bz=01;31:*.tbz=01;31:*.tbz2=01;31:*.tz=01;31:*.deb=01;31:*.rpm=01;31:*.jar=01;31:*.war=01;31:*.ear=01;31:*.sar=01;31:*.rar=01;31:*.alz=01;31:*.ace=01;31:*.zoo=01;31:*.cpio=01;31:*.7z=01;31:*.rz=01;31:*.cab=01;31:*.wim=01;31:*.swm=01;31:*.dwm=01;31:*.esd=01;31:*.jpg=01;35:*.jpeg=01;35:*.mjpg=01;35:*.mjpeg=01;35:*.gif=01;35:*.bmp=01;35:*.pbm=01;35:*.pgm=01;35:*.ppm=01;35:*.tga=01;35:*.xbm=01;35:*.xpm=01;35:*.tif=01;35:*.tiff=01;35:*.png=01;35:*.svg=01;35:*.svgz=01;35:*.mng=01;35:*.pcx=01;35:*.mov=01;35:*.mpg=01;35:*.mpeg=01;35:*.m2v=01;35:*.mkv=01;35:*.webm=01;35:*.webp=01;35:*.ogm=01;35:*.mp4=01;35:*.m4v=01;35:*.mp4v=01;35:*.vob=01;35:*.qt=01;35:*.nuv=01;35:*.wmv=01;35:*.asf=01;35:*.rm=01;35:*.rmvb=01;35:*.flc=01;35:*.avi=01;35:*.fli=01;35:*.flv=01;35:*.gl=01;35:*.dl=01;35:*.xcf=01;35:*.xwd=01;35:*.yuv=01;35:*.cgm=01;35:*.emf=01;35:*.ogv=01;35:*.ogx=01;35:*.aac=00;36:*.au=00;36:*.flac=00;36:*.m4a=00;36:*.mid=00;36:*.midi=00;36:*.mka=00;36:*.mp3=00;36:*.mpc=00;36:*.ogg=00;36:*.ra=00;36:*.wav=00;36:*.oga=00;36:*.opus=00;36:*.spx=00;36:*.xspf=00;36:'), ('ROS_DOMAIN_ID', '0'), ('AMENT_PREFIX_PATH', '/dev_ws/install:/opt/ros/humble'), ('DEBIAN_FRONTEND', 'noninteractive'), ('TERMINATOR_UUID', 'urn:uuid:f94316ff-644a-45a6-8ebc-68eacf2d4390'), ('PWD', '/dev_ws/build/easy_handeye2_msgs'), ('LC_ALL', 'C.UTF-8'), ('PYTHONPATH', '/dev_ws/build/easy_handeye2:/dev_ws/install/lib/python3.10/site-packages:/dev_ws/install/local/lib/python3.10/dist-packages:/opt/ros/humble/lib/python3.10/site-packages:/opt/ros/humble/local/lib/python3.10/dist-packages'), ('NVIDIA_VISIBLE_DEVICES', 'all'), ('COLCON', '1'), ('VTE_VERSION', '6800'), ('CMAKE_PREFIX_PATH', '/dev_ws/install:/opt/ros/humble')]), 'shell': False}
[0.019771] (ur_moveit_config) JobProgress: {'identifier': 'ur_moveit_config', 'progress': 'cmake'}
[0.019886] (ur_moveit_config) Command: {'cmd': ['/usr/bin/cmake', '/dev_ws/src/moveit2-introduction/Universal_Robots_ROS2_Driver/ur_moveit_config', '-DCMAKE_INSTALL_PREFIX=/dev_ws/install'], 'cwd': '/dev_ws/build/ur_moveit_config', 'env': OrderedDict([('HOSTNAME', 'prottay-Pulse-15-B13VFK'), ('SHLVL', '2'), ('LD_LIBRARY_PATH', '/dev_ws/install/lib:/opt/ros/humble/opt/rviz_ogre_vendor/lib:/opt/ros/humble/lib/x86_64-linux-gnu:/opt/ros/humble/lib'), ('HOME', '/home/prottay'), ('OLDPWD', '/dev_ws/src'), ('ROS_PYTHON_VERSION', '3'), ('COLORTERM', 'truecolor'), ('COLCON_PREFIX_PATH', '/dev_ws/install'), ('ROS_DISTRO', 'humble'), ('_', '/usr/bin/colcon'), ('ROS_VERSION', '2'), ('NVIDIA_DRIVER_CAPABILITIES', 'compute,display,graphics,utility,video'), ('TERM', 'xterm-256color'), ('ROS_LOCALHOST_ONLY', '1'), ('QT_X11_NO_MITSHM', '1'), ('PATH', '/opt/ros/humble/bin:/usr/local/sbin:/usr/local/bin:/usr/sbin:/usr/bin:/sbin:/bin'), ('DISPLAY', ':1'), ('LANG', 'C.UTF-8'), ('RMW_IMPLEMENTATION', 'rmw_fastrtps_cpp'), ('LS_COLORS', 'rs=0:di=01;34:ln=01;36:mh=00:pi=40;33:so=01;35:do=01;35:bd=40;33;01:cd=40;33;01:or=40;31;01:mi=00:su=37;41:sg=30;43:ca=30;41:tw=30;42:ow=34;42:st=37;44:ex=01;32:*.tar=01;31:*.tgz=01;31:*.arc=01;31:*.arj=01;31:*.taz=01;31:*.lha=01;31:*.lz4=01;31:*.lzh=01;31:*.lzma=01;31:*.tlz=01;31:*.txz=01;31:*.tzo=01;31:*.t7z=01;31:*.zip=01;31:*.z=01;31:*.dz=01;31:*.gz=01;31:*.lrz=01;31:*.lz=01;31:*.lzo=01;31:*.xz=01;31:*.zst=01;31:*.tzst=01;31:*.bz2=01;31:*.bz=01;31:*.tbz=01;31:*.tbz2=01;31:*.tz=01;31:*.deb=01;31:*.rpm=01;31:*.jar=01;31:*.war=01;31:*.ear=01;31:*.sar=01;31:*.rar=01;31:*.alz=01;31:*.ace=01;31:*.zoo=01;31:*.cpio=01;31:*.7z=01;31:*.rz=01;31:*.cab=01;31:*.wim=01;31:*.swm=01;31:*.dwm=01;31:*.esd=01;31:*.jpg=01;35:*.jpeg=01;35:*.mjpg=01;35:*.mjpeg=01;35:*.gif=01;35:*.bmp=01;35:*.pbm=01;35:*.pgm=01;35:*.ppm=01;35:*.tga=01;35:*.xbm=01;35:*.xpm=01;35:*.tif=01;35:*.tiff=01;35:*.png=01;35:*.svg=01;35:*.svgz=01;35:*.mng=01;35:*.pcx=01;35:*.mov=01;35:*.mpg=01;35:*.mpeg=01;35:*.m2v=01;35:*.mkv=01;35:*.webm=01;35:*.webp=01;35:*.ogm=01;35:*.mp4=01;35:*.m4v=01;35:*.mp4v=01;35:*.vob=01;35:*.qt=01;35:*.nuv=01;35:*.wmv=01;35:*.asf=01;35:*.rm=01;35:*.rmvb=01;35:*.flc=01;35:*.avi=01;35:*.fli=01;35:*.flv=01;35:*.gl=01;35:*.dl=01;35:*.xcf=01;35:*.xwd=01;35:*.yuv=01;35:*.cgm=01;35:*.emf=01;35:*.ogv=01;35:*.ogx=01;35:*.aac=00;36:*.au=00;36:*.flac=00;36:*.m4a=00;36:*.mid=00;36:*.midi=00;36:*.mka=00;36:*.mp3=00;36:*.mpc=00;36:*.ogg=00;36:*.ra=00;36:*.wav=00;36:*.oga=00;36:*.opus=00;36:*.spx=00;36:*.xspf=00;36:'), ('ROS_DOMAIN_ID', '0'), ('AMENT_PREFIX_PATH', '/dev_ws/install:/opt/ros/humble'), ('DEBIAN_FRONTEND', 'noninteractive'), ('TERMINATOR_UUID', 'urn:uuid:f94316ff-644a-45a6-8ebc-68eacf2d4390'), ('PWD', '/dev_ws/build/ur_moveit_config'), ('LC_ALL', 'C.UTF-8'), ('PYTHONPATH', '/dev_ws/build/easy_handeye2:/dev_ws/install/lib/python3.10/site-packages:/dev_ws/install/local/lib/python3.10/dist-packages:/opt/ros/humble/lib/python3.10/site-packages:/opt/ros/humble/local/lib/python3.10/dist-packages'), ('NVIDIA_VISIBLE_DEVICES', 'all'), ('COLCON', '1'), ('VTE_VERSION', '6800'), ('CMAKE_PREFIX_PATH', '/dev_ws/install:/opt/ros/humble')]), 'shell': False}
[0.020667] (pymoveit2) JobProgress: {'identifier': 'pymoveit2', 'progress': 'cmake'}
[0.020890] (pymoveit2) Command: {'cmd': ['/usr/bin/cmake', '/dev_ws/src/moveit2-introduction/pymoveit2', '-DCMAKE_INSTALL_PREFIX=/dev_ws/install'], 'cwd': '/dev_ws/build/pymoveit2', 'env': OrderedDict([('HOSTNAME', 'prottay-Pulse-15-B13VFK'), ('SHLVL', '2'), ('LD_LIBRARY_PATH', '/dev_ws/install/lib:/opt/ros/humble/opt/rviz_ogre_vendor/lib:/opt/ros/humble/lib/x86_64-linux-gnu:/opt/ros/humble/lib'), ('HOME', '/home/prottay'), ('OLDPWD', '/dev_ws/src'), ('ROS_PYTHON_VERSION', '3'), ('COLORTERM', 'truecolor'), ('COLCON_PREFIX_PATH', '/dev_ws/install'), ('ROS_DISTRO', 'humble'), ('_', '/usr/bin/colcon'), ('ROS_VERSION', '2'), ('NVIDIA_DRIVER_CAPABILITIES', 'compute,display,graphics,utility,video'), ('TERM', 'xterm-256color'), ('ROS_LOCALHOST_ONLY', '1'), ('QT_X11_NO_MITSHM', '1'), ('PATH', '/opt/ros/humble/bin:/usr/local/sbin:/usr/local/bin:/usr/sbin:/usr/bin:/sbin:/bin'), ('DISPLAY', ':1'), ('LANG', 'C.UTF-8'), ('RMW_IMPLEMENTATION', 'rmw_fastrtps_cpp'), ('LS_COLORS', 'rs=0:di=01;34:ln=01;36:mh=00:pi=40;33:so=01;35:do=01;35:bd=40;33;01:cd=40;33;01:or=40;31;01:mi=00:su=37;41:sg=30;43:ca=30;41:tw=30;42:ow=34;42:st=37;44:ex=01;32:*.tar=01;31:*.tgz=01;31:*.arc=01;31:*.arj=01;31:*.taz=01;31:*.lha=01;31:*.lz4=01;31:*.lzh=01;31:*.lzma=01;31:*.tlz=01;31:*.txz=01;31:*.tzo=01;31:*.t7z=01;31:*.zip=01;31:*.z=01;31:*.dz=01;31:*.gz=01;31:*.lrz=01;31:*.lz=01;31:*.lzo=01;31:*.xz=01;31:*.zst=01;31:*.tzst=01;31:*.bz2=01;31:*.bz=01;31:*.tbz=01;31:*.tbz2=01;31:*.tz=01;31:*.deb=01;31:*.rpm=01;31:*.jar=01;31:*.war=01;31:*.ear=01;31:*.sar=01;31:*.rar=01;31:*.alz=01;31:*.ace=01;31:*.zoo=01;31:*.cpio=01;31:*.7z=01;31:*.rz=01;31:*.cab=01;31:*.wim=01;31:*.swm=01;31:*.dwm=01;31:*.esd=01;31:*.jpg=01;35:*.jpeg=01;35:*.mjpg=01;35:*.mjpeg=01;35:*.gif=01;35:*.bmp=01;35:*.pbm=01;35:*.pgm=01;35:*.ppm=01;35:*.tga=01;35:*.xbm=01;35:*.xpm=01;35:*.tif=01;35:*.tiff=01;35:*.png=01;35:*.svg=01;35:*.svgz=01;35:*.mng=01;35:*.pcx=01;35:*.mov=01;35:*.mpg=01;35:*.mpeg=01;35:*.m2v=01;35:*.mkv=01;35:*.webm=01;35:*.webp=01;35:*.ogm=01;35:*.mp4=01;35:*.m4v=01;35:*.mp4v=01;35:*.vob=01;35:*.qt=01;35:*.nuv=01;35:*.wmv=01;35:*.asf=01;35:*.rm=01;35:*.rmvb=01;35:*.flc=01;35:*.avi=01;35:*.fli=01;35:*.flv=01;35:*.gl=01;35:*.dl=01;35:*.xcf=01;35:*.xwd=01;35:*.yuv=01;35:*.cgm=01;35:*.emf=01;35:*.ogv=01;35:*.ogx=01;35:*.aac=00;36:*.au=00;36:*.flac=00;36:*.m4a=00;36:*.mid=00;36:*.midi=00;36:*.mka=00;36:*.mp3=00;36:*.mpc=00;36:*.ogg=00;36:*.ra=00;36:*.wav=00;36:*.oga=00;36:*.opus=00;36:*.spx=00;36:*.xspf=00;36:'), ('ROS_DOMAIN_ID', '0'), ('AMENT_PREFIX_PATH', '/dev_ws/install:/opt/ros/humble'), ('DEBIAN_FRONTEND', 'noninteractive'), ('TERMINATOR_UUID', 'urn:uuid:f94316ff-644a-45a6-8ebc-68eacf2d4390'), ('PWD', '/dev_ws/build/pymoveit2'), ('LC_ALL', 'C.UTF-8'), ('PYTHONPATH', '/dev_ws/build/easy_handeye2:/dev_ws/install/lib/python3.10/site-packages:/dev_ws/install/local/lib/python3.10/dist-packages:/opt/ros/humble/lib/python3.10/site-packages:/opt/ros/humble/local/lib/python3.10/dist-packages'), ('NVIDIA_VISIBLE_DEVICES', 'all'), ('COLCON', '1'), ('VTE_VERSION', '6800'), ('CMAKE_PREFIX_PATH', '/dev_ws/install:/opt/ros/humble')]), 'shell': False}
[0.023235] (ur_commander) JobProgress: {'identifier': 'ur_commander', 'progress': 'cmake'}
[0.023623] (ur_commander) JobProgress: {'identifier': 'ur_commander', 'progress': 'build'}
[0.023844] (ur_commander) Command: {'cmd': ['/usr/bin/cmake', '--build', '/dev_ws/build/ur_commander', '--', '-j20', '-l20'], 'cwd': '/dev_ws/build/ur_commander', 'env': OrderedDict([('HOSTNAME', 'prottay-Pulse-15-B13VFK'), ('SHLVL', '2'), ('LD_LIBRARY_PATH', '/dev_ws/install/lib:/opt/ros/humble/opt/rviz_ogre_vendor/lib:/opt/ros/humble/lib/x86_64-linux-gnu:/opt/ros/humble/lib'), ('HOME', '/home/prottay'), ('OLDPWD', '/dev_ws/src'), ('ROS_PYTHON_VERSION', '3'), ('COLORTERM', 'truecolor'), ('COLCON_PREFIX_PATH', '/dev_ws/install'), ('ROS_DISTRO', 'humble'), ('_', '/usr/bin/colcon'), ('ROS_VERSION', '2'), ('NVIDIA_DRIVER_CAPABILITIES', 'compute,display,graphics,utility,video'), ('TERM', 'xterm-256color'), ('ROS_LOCALHOST_ONLY', '1'), ('QT_X11_NO_MITSHM', '1'), ('PATH', '/opt/ros/humble/bin:/usr/local/sbin:/usr/local/bin:/usr/sbin:/usr/bin:/sbin:/bin'), ('DISPLAY', ':1'), ('LANG', 'C.UTF-8'), ('RMW_IMPLEMENTATION', 'rmw_fastrtps_cpp'), ('LS_COLORS', 'rs=0:di=01;34:ln=01;36:mh=00:pi=40;33:so=01;35:do=01;35:bd=40;33;01:cd=40;33;01:or=40;31;01:mi=00:su=37;41:sg=30;43:ca=30;41:tw=30;42:ow=34;42:st=37;44:ex=01;32:*.tar=01;31:*.tgz=01;31:*.arc=01;31:*.arj=01;31:*.taz=01;31:*.lha=01;31:*.lz4=01;31:*.lzh=01;31:*.lzma=01;31:*.tlz=01;31:*.txz=01;31:*.tzo=01;31:*.t7z=01;31:*.zip=01;31:*.z=01;31:*.dz=01;31:*.gz=01;31:*.lrz=01;31:*.lz=01;31:*.lzo=01;31:*.xz=01;31:*.zst=01;31:*.tzst=01;31:*.bz2=01;31:*.bz=01;31:*.tbz=01;31:*.tbz2=01;31:*.tz=01;31:*.deb=01;31:*.rpm=01;31:*.jar=01;31:*.war=01;31:*.ear=01;31:*.sar=01;31:*.rar=01;31:*.alz=01;31:*.ace=01;31:*.zoo=01;31:*.cpio=01;31:*.7z=01;31:*.rz=01;31:*.cab=01;31:*.wim=01;31:*.swm=01;31:*.dwm=01;31:*.esd=01;31:*.jpg=01;35:*.jpeg=01;35:*.mjpg=01;35:*.mjpeg=01;35:*.gif=01;35:*.bmp=01;35:*.pbm=01;35:*.pgm=01;35:*.ppm=01;35:*.tga=01;35:*.xbm=01;35:*.xpm=01;35:*.tif=01;35:*.tiff=01;35:*.png=01;35:*.svg=01;35:*.svgz=01;35:*.mng=01;35:*.pcx=01;35:*.mov=01;35:*.mpg=01;35:*.mpeg=01;35:*.m2v=01;35:*.mkv=01;35:*.webm=01;35:*.webp=01;35:*.ogm=01;35:*.mp4=01;35:*.m4v=01;35:*.mp4v=01;35:*.vob=01;35:*.qt=01;35:*.nuv=01;35:*.wmv=01;35:*.asf=01;35:*.rm=01;35:*.rmvb=01;35:*.flc=01;35:*.avi=01;35:*.fli=01;35:*.flv=01;35:*.gl=01;35:*.dl=01;35:*.xcf=01;35:*.xwd=01;35:*.yuv=01;35:*.cgm=01;35:*.emf=01;35:*.ogv=01;35:*.ogx=01;35:*.aac=00;36:*.au=00;36:*.flac=00;36:*.m4a=00;36:*.mid=00;36:*.midi=00;36:*.mka=00;36:*.mp3=00;36:*.mpc=00;36:*.ogg=00;36:*.ra=00;36:*.wav=00;36:*.oga=00;36:*.opus=00;36:*.spx=00;36:*.xspf=00;36:'), ('ROS_DOMAIN_ID', '0'), ('AMENT_PREFIX_PATH', '/dev_ws/install:/opt/ros/humble'), ('DEBIAN_FRONTEND', 'noninteractive'), ('TERMINATOR_UUID', 'urn:uuid:f94316ff-644a-45a6-8ebc-68eacf2d4390'), ('PWD', '/dev_ws/build/ur_commander'), ('LC_ALL', 'C.UTF-8'), ('PYTHONPATH', '/dev_ws/build/easy_handeye2:/dev_ws/install/lib/python3.10/site-packages:/dev_ws/install/local/lib/python3.10/dist-packages:/opt/ros/humble/lib/python3.10/site-packages:/opt/ros/humble/local/lib/python3.10/dist-packages'), ('NVIDIA_VISIBLE_DEVICES', 'all'), ('COLCON', '1'), ('VTE_VERSION', '6800'), ('CMAKE_PREFIX_PATH', '/dev_ws/install:/opt/ros/humble')]), 'shell': False}
[0.063768] (ur_commander) StdoutLine: {'line': b'\x1b[35m\x1b[1mConsolidate compiler generated dependencies of target ur_commander__rosidl_generator_c\x1b[0m\n'}
[0.066535] (ur_dashboard_msgs) StdoutLine: {'line': b'-- The C compiler identification is GNU 11.4.0\n'}
[0.071440] (easy_handeye2_msgs) StdoutLine: {'line': b'[  0%] Built target easy_handeye2_msgs__cpp\n'}
[0.072946] (pymoveit2) StdoutLine: {'line': b'-- The C compiler identification is GNU 11.4.0\n'}
[0.077297] (ur_commander) StdoutLine: {'line': b'[  9%] Built target ur_commander__rosidl_generator_c\n'}
[0.081408] (ur_commander) StdoutLine: {'line': b'[ 12%] Built target ur_commander__cpp\n'}
[0.081878] (ur_commander) StdoutLine: {'line': b'[ 12%] Built target ament_cmake_python_copy_ur_commander\n'}
[0.085997] (easy_handeye2_msgs) StdoutLine: {'line': b'[ 12%] Built target easy_handeye2_msgs__rosidl_generator_c\n'}
[0.091118] (ur_commander) StdoutLine: {'line': b'\x1b[35m\x1b[1mConsolidate compiler generated dependencies of target ur_commander__rosidl_typesupport_c\x1b[0m\n'}
[0.093075] (ur_commander) StdoutLine: {'line': b'\x1b[35m\x1b[1mConsolidate compiler generated dependencies of target ur_commander__rosidl_typesupport_fastrtps_c\x1b[0m\n'}
[0.094412] (ur_commander) StdoutLine: {'line': b'\x1b[35m\x1b[1mConsolidate compiler generated dependencies of target ur_commander__rosidl_typesupport_cpp\x1b[0m\n'}
[0.095954] (ur_commander) StdoutLine: {'line': b'\x1b[35m\x1b[1mConsolidate compiler generated dependencies of target ur_commander__rosidl_typesupport_introspection_c\x1b[0m\n'}
[0.097181] (ur_moveit_config) StdoutLine: {'line': b'-- The C compiler identification is GNU 11.4.0\n'}
[0.098584] (easy_handeye2_msgs) StdoutLine: {'line': b'[ 12%] Built target ament_cmake_python_copy_easy_handeye2_msgs\n'}
[0.099742] (-) TimerEvent: {}
[0.100224] (ur_commander) StdoutLine: {'line': b'\x1b[35m\x1b[1mConsolidate compiler generated dependencies of target ur_commander__rosidl_typesupport_introspection_cpp\x1b[0m\n'}
[0.100368] (ur_commander) StdoutLine: {'line': b'\x1b[35m\x1b[1mConsolidate compiler generated dependencies of target ur_commander__rosidl_typesupport_fastrtps_cpp\x1b[0m\n'}
[0.103495] (ur_commander) StdoutLine: {'line': b'[ 22%] Built target ur_commander__rosidl_typesupport_c\n'}
[0.107398] (ur_commander) StdoutLine: {'line': b'[ 32%] Built target ur_commander__rosidl_typesupport_cpp\n'}
[0.107632] (ur_commander) StdoutLine: {'line': b'[ 41%] Built target ur_commander__rosidl_typesupport_fastrtps_c\n'}
[0.108725] (ur_commander) StdoutLine: {'line': b'[ 51%] Built target ur_commander__rosidl_typesupport_introspection_c\n'}
[0.108899] (ur_commander) StdoutLine: {'line': b'[ 61%] Built target ur_commander__rosidl_typesupport_introspection_cpp\n'}
[0.109560] (ur_commander) StdoutLine: {'line': b'[ 70%] Built target ur_commander__rosidl_typesupport_fastrtps_cpp\n'}
[0.109929] (easy_handeye2_msgs) StdoutLine: {'line': b'[ 24%] Built target easy_handeye2_msgs__rosidl_typesupport_cpp\n'}
[0.111968] (easy_handeye2_msgs) StdoutLine: {'line': b'[ 36%] Built target easy_handeye2_msgs__rosidl_typesupport_c\n'}
[0.112475] (easy_handeye2_msgs) StdoutLine: {'line': b'[ 48%] Built target easy_handeye2_msgs__rosidl_typesupport_fastrtps_cpp\n'}
[0.113160] (easy_handeye2_msgs) StdoutLine: {'line': b'[ 60%] Built target easy_handeye2_msgs__rosidl_typesupport_introspection_cpp\n'}
[0.115975] (easy_handeye2_msgs) StdoutLine: {'line': b'[ 72%] Built target easy_handeye2_msgs__rosidl_typesupport_introspection_c\n'}
[0.121978] (ur_commander) StdoutLine: {'line': b'[ 70%] Built target ur_commander\n'}
[0.122210] (easy_handeye2_msgs) StdoutLine: {'line': b'[ 84%] Built target easy_handeye2_msgs__rosidl_typesupport_fastrtps_c\n'}
[0.128786] (ur_dashboard_msgs) StdoutLine: {'line': b'-- The CXX compiler identification is GNU 11.4.0\n'}
[0.133880] (pymoveit2) StdoutLine: {'line': b'-- The CXX compiler identification is GNU 11.4.0\n'}
[0.134378] (ur_dashboard_msgs) StdoutLine: {'line': b'-- Detecting C compiler ABI info\n'}
[0.140290] (ur_commander) StdoutLine: {'line': b'[ 74%] Built target ur_commander__py\n'}
[0.141345] (pymoveit2) StdoutLine: {'line': b'-- Detecting C compiler ABI info\n'}
[0.142030] (easy_handeye2_msgs) StdoutLine: {'line': b'[ 84%] Built target easy_handeye2_msgs\n'}
[0.144227] (ur_moveit_config) StdoutLine: {'line': b'-- The CXX compiler identification is GNU 11.4.0\n'}
[0.149679] (ur_moveit_config) StdoutLine: {'line': b'-- Detecting C compiler ABI info\n'}
[0.150443] (ur_commander) StdoutLine: {'line': b'\x1b[35m\x1b[1mConsolidate compiler generated dependencies of target ur_commander__rosidl_generator_py\x1b[0m\n'}
[0.157227] (easy_handeye2_msgs) StdoutLine: {'line': b'[ 85%] Built target easy_handeye2_msgs__py\n'}
[0.159773] (ur_commander) StdoutLine: {'line': b'[ 80%] Built target ur_commander__rosidl_generator_py\n'}
[0.166622] (ur_commander) StdoutLine: {'line': b'\x1b[35m\x1b[1mConsolidate compiler generated dependencies of target ur_commander__rosidl_typesupport_fastrtps_c__pyext\x1b[0m\n'}
[0.168374] (ur_commander) StdoutLine: {'line': b'\x1b[35m\x1b[1mConsolidate compiler generated dependencies of target ur_commander__rosidl_typesupport_introspection_c__pyext\x1b[0m\n'}
[0.169200] (ur_commander) StdoutLine: {'line': b'\x1b[35m\x1b[1mConsolidate compiler generated dependencies of target ur_commander__rosidl_typesupport_c__pyext\x1b[0m\n'}
[0.177199] (ur_commander) StdoutLine: {'line': b'[ 87%] Built target ur_commander__rosidl_typesupport_introspection_c__pyext\n'}
[0.179169] (ur_commander) StdoutLine: {'line': b'[ 93%] Built target ur_commander__rosidl_typesupport_fastrtps_c__pyext\n'}
[0.181963] (easy_handeye2_msgs) StdoutLine: {'line': b'[ 96%] Built target easy_handeye2_msgs__rosidl_generator_py\n'}
[0.183973] (ur_commander) StdoutLine: {'line': b'[100%] Built target ur_commander__rosidl_typesupport_c__pyext\n'}
[0.185200] (ur_dashboard_msgs) StdoutLine: {'line': b'-- Detecting C compiler ABI info - done\n'}
[0.194494] (ur_dashboard_msgs) StdoutLine: {'line': b'-- Check for working C compiler: /usr/bin/cc - skipped\n'}
[0.194753] (ur_dashboard_msgs) StdoutLine: {'line': b'-- Detecting C compile features\n'}
[0.195048] (ur_dashboard_msgs) StdoutLine: {'line': b'-- Detecting C compile features - done\n'}
[0.198180] (ur_dashboard_msgs) StdoutLine: {'line': b'-- Detecting CXX compiler ABI info\n'}
[0.199830] (-) TimerEvent: {}
[0.200477] (ur_moveit_config) StdoutLine: {'line': b'-- Detecting C compiler ABI info - done\n'}
[0.201153] (pymoveit2) StdoutLine: {'line': b'-- Detecting C compiler ABI info - done\n'}
[0.201533] (easy_handeye2_msgs) StdoutLine: {'line': b'[ 97%] Built target easy_handeye2_msgs__rosidl_typesupport_c__pyext\n'}
[0.202969] (easy_handeye2_msgs) StdoutLine: {'line': b'[ 98%] Built target easy_handeye2_msgs__rosidl_typesupport_fastrtps_c__pyext\n'}
[0.203118] (easy_handeye2_msgs) StdoutLine: {'line': b'[100%] Built target easy_handeye2_msgs__rosidl_typesupport_introspection_c__pyext\n'}
[0.207551] (pymoveit2) StdoutLine: {'line': b'-- Check for working C compiler: /usr/bin/cc - skipped\n'}
[0.207788] (pymoveit2) StdoutLine: {'line': b'-- Detecting C compile features\n'}
[0.208103] (pymoveit2) StdoutLine: {'line': b'-- Detecting C compile features - done\n'}
[0.210882] (pymoveit2) StdoutLine: {'line': b'-- Detecting CXX compiler ABI info\n'}
[0.211384] (ur_moveit_config) StdoutLine: {'line': b'-- Check for working C compiler: /usr/bin/cc - skipped\n'}
[0.211803] (ur_moveit_config) StdoutLine: {'line': b'-- Detecting C compile features\n'}
[0.212286] (ur_moveit_config) StdoutLine: {'line': b'-- Detecting C compile features - done\n'}
[0.216233] (ur_moveit_config) StdoutLine: {'line': b'-- Detecting CXX compiler ABI info\n'}
[0.270312] (ur_dashboard_msgs) StdoutLine: {'line': b'-- Detecting CXX compiler ABI info - done\n'}
[0.274381] (ur_commander) StdoutLine: {'line': b'running egg_info\n'}
[0.274935] (ur_commander) StdoutLine: {'line': b'writing ur_commander.egg-info/PKG-INFO\n'}
[0.275099] (ur_commander) StdoutLine: {'line': b'writing dependency_links to ur_commander.egg-info/dependency_links.txt\n'}
[0.275260] (ur_commander) StdoutLine: {'line': b'writing top-level names to ur_commander.egg-info/top_level.txt\n'}
[0.276889] (ur_commander) StdoutLine: {'line': b"reading manifest file 'ur_commander.egg-info/SOURCES.txt'\n"}
[0.277266] (ur_commander) StdoutLine: {'line': b"writing manifest file 'ur_commander.egg-info/SOURCES.txt'\n"}
[0.278995] (ur_dashboard_msgs) StdoutLine: {'line': b'-- Check for working CXX compiler: /usr/bin/c++ - skipped\n'}
[0.279285] (ur_dashboard_msgs) StdoutLine: {'line': b'-- Detecting CXX compile features\n'}
[0.279867] (ur_dashboard_msgs) StdoutLine: {'line': b'-- Detecting CXX compile features - done\n'}
[0.280104] (pymoveit2) StdoutLine: {'line': b'-- Detecting CXX compiler ABI info - done\n'}
[0.282513] (ur_moveit_config) StdoutLine: {'line': b'-- Detecting CXX compiler ABI info - done\n'}
[0.283305] (ur_dashboard_msgs) StdoutLine: {'line': b'-- Found ament_cmake: 1.3.11 (/opt/ros/humble/share/ament_cmake/cmake)\n'}
[0.287913] (pymoveit2) StdoutLine: {'line': b'-- Check for working CXX compiler: /usr/bin/c++ - skipped\n'}
[0.288094] (pymoveit2) StdoutLine: {'line': b'-- Detecting CXX compile features\n'}
[0.288413] (pymoveit2) StdoutLine: {'line': b'-- Detecting CXX compile features - done\n'}
[0.288532] (ur_moveit_config) StdoutLine: {'line': b'-- Check for working CXX compiler: /usr/bin/c++ - skipped\n'}
[0.288753] (ur_moveit_config) StdoutLine: {'line': b'-- Detecting CXX compile features\n'}
[0.289188] (ur_moveit_config) StdoutLine: {'line': b'-- Detecting CXX compile features - done\n'}
[0.290745] (pymoveit2) StdoutLine: {'line': b'-- Found ament_cmake: 1.3.11 (/opt/ros/humble/share/ament_cmake/cmake)\n'}
[0.291431] (ur_moveit_config) StdoutLine: {'line': b'-- Found ament_cmake: 1.3.11 (/opt/ros/humble/share/ament_cmake/cmake)\n'}
[0.298298] (ur_commander) StdoutLine: {'line': b'[100%] Built target ament_cmake_python_build_ur_commander_egg\n'}
[0.299895] (-) TimerEvent: {}
[0.306435] (ur_commander) CommandEnded: {'returncode': 0}
[0.307071] (ur_commander) JobProgress: {'identifier': 'ur_commander', 'progress': 'install'}
[0.311529] (easy_handeye2_msgs) StdoutLine: {'line': b'running egg_info\n'}
[0.312127] (easy_handeye2_msgs) StdoutLine: {'line': b'writing easy_handeye2_msgs.egg-info/PKG-INFO\n'}
[0.312493] (easy_handeye2_msgs) StdoutLine: {'line': b'writing dependency_links to easy_handeye2_msgs.egg-info/dependency_links.txt\n'}
[0.312638] (easy_handeye2_msgs) StdoutLine: {'line': b'writing top-level names to easy_handeye2_msgs.egg-info/top_level.txt\n'}
[0.314301] (easy_handeye2_msgs) StdoutLine: {'line': b"reading manifest file 'easy_handeye2_msgs.egg-info/SOURCES.txt'\n"}
[0.314859] (easy_handeye2_msgs) StdoutLine: {'line': b"writing manifest file 'easy_handeye2_msgs.egg-info/SOURCES.txt'\n"}
[0.315706] (ur_commander) Command: {'cmd': ['/usr/bin/cmake', '--install', '/dev_ws/build/ur_commander'], 'cwd': '/dev_ws/build/ur_commander', 'env': OrderedDict([('HOSTNAME', 'prottay-Pulse-15-B13VFK'), ('SHLVL', '2'), ('LD_LIBRARY_PATH', '/dev_ws/install/lib:/opt/ros/humble/opt/rviz_ogre_vendor/lib:/opt/ros/humble/lib/x86_64-linux-gnu:/opt/ros/humble/lib'), ('HOME', '/home/prottay'), ('OLDPWD', '/dev_ws/src'), ('ROS_PYTHON_VERSION', '3'), ('COLORTERM', 'truecolor'), ('COLCON_PREFIX_PATH', '/dev_ws/install'), ('ROS_DISTRO', 'humble'), ('_', '/usr/bin/colcon'), ('ROS_VERSION', '2'), ('NVIDIA_DRIVER_CAPABILITIES', 'compute,display,graphics,utility,video'), ('TERM', 'xterm-256color'), ('ROS_LOCALHOST_ONLY', '1'), ('QT_X11_NO_MITSHM', '1'), ('PATH', '/opt/ros/humble/bin:/usr/local/sbin:/usr/local/bin:/usr/sbin:/usr/bin:/sbin:/bin'), ('DISPLAY', ':1'), ('LANG', 'C.UTF-8'), ('RMW_IMPLEMENTATION', 'rmw_fastrtps_cpp'), ('LS_COLORS', 'rs=0:di=01;34:ln=01;36:mh=00:pi=40;33:so=01;35:do=01;35:bd=40;33;01:cd=40;33;01:or=40;31;01:mi=00:su=37;41:sg=30;43:ca=30;41:tw=30;42:ow=34;42:st=37;44:ex=01;32:*.tar=01;31:*.tgz=01;31:*.arc=01;31:*.arj=01;31:*.taz=01;31:*.lha=01;31:*.lz4=01;31:*.lzh=01;31:*.lzma=01;31:*.tlz=01;31:*.txz=01;31:*.tzo=01;31:*.t7z=01;31:*.zip=01;31:*.z=01;31:*.dz=01;31:*.gz=01;31:*.lrz=01;31:*.lz=01;31:*.lzo=01;31:*.xz=01;31:*.zst=01;31:*.tzst=01;31:*.bz2=01;31:*.bz=01;31:*.tbz=01;31:*.tbz2=01;31:*.tz=01;31:*.deb=01;31:*.rpm=01;31:*.jar=01;31:*.war=01;31:*.ear=01;31:*.sar=01;31:*.rar=01;31:*.alz=01;31:*.ace=01;31:*.zoo=01;31:*.cpio=01;31:*.7z=01;31:*.rz=01;31:*.cab=01;31:*.wim=01;31:*.swm=01;31:*.dwm=01;31:*.esd=01;31:*.jpg=01;35:*.jpeg=01;35:*.mjpg=01;35:*.mjpeg=01;35:*.gif=01;35:*.bmp=01;35:*.pbm=01;35:*.pgm=01;35:*.ppm=01;35:*.tga=01;35:*.xbm=01;35:*.xpm=01;35:*.tif=01;35:*.tiff=01;35:*.png=01;35:*.svg=01;35:*.svgz=01;35:*.mng=01;35:*.pcx=01;35:*.mov=01;35:*.mpg=01;35:*.mpeg=01;35:*.m2v=01;35:*.mkv=01;35:*.webm=01;35:*.webp=01;35:*.ogm=01;35:*.mp4=01;35:*.m4v=01;35:*.mp4v=01;35:*.vob=01;35:*.qt=01;35:*.nuv=01;35:*.wmv=01;35:*.asf=01;35:*.rm=01;35:*.rmvb=01;35:*.flc=01;35:*.avi=01;35:*.fli=01;35:*.flv=01;35:*.gl=01;35:*.dl=01;35:*.xcf=01;35:*.xwd=01;35:*.yuv=01;35:*.cgm=01;35:*.emf=01;35:*.ogv=01;35:*.ogx=01;35:*.aac=00;36:*.au=00;36:*.flac=00;36:*.m4a=00;36:*.mid=00;36:*.midi=00;36:*.mka=00;36:*.mp3=00;36:*.mpc=00;36:*.ogg=00;36:*.ra=00;36:*.wav=00;36:*.oga=00;36:*.opus=00;36:*.spx=00;36:*.xspf=00;36:'), ('ROS_DOMAIN_ID', '0'), ('AMENT_PREFIX_PATH', '/dev_ws/install:/opt/ros/humble'), ('DEBIAN_FRONTEND', 'noninteractive'), ('TERMINATOR_UUID', 'urn:uuid:f94316ff-644a-45a6-8ebc-68eacf2d4390'), ('PWD', '/dev_ws/build/ur_commander'), ('LC_ALL', 'C.UTF-8'), ('PYTHONPATH', '/dev_ws/build/easy_handeye2:/dev_ws/install/lib/python3.10/site-packages:/dev_ws/install/local/lib/python3.10/dist-packages:/opt/ros/humble/lib/python3.10/site-packages:/opt/ros/humble/local/lib/python3.10/dist-packages'), ('NVIDIA_VISIBLE_DEVICES', 'all'), ('COLCON', '1'), ('VTE_VERSION', '6800'), ('CMAKE_PREFIX_PATH', '/dev_ws/install:/opt/ros/humble')]), 'shell': False}
[0.322890] (ur_commander) StdoutLine: {'line': b'-- Install configuration: ""\n'}
[0.323161] (ur_commander) StdoutLine: {'line': b'-- Up-to-date: /dev_ws/install/share/ament_index/resource_index/rosidl_interfaces/ur_commander\n'}
[0.323290] (ur_commander) StdoutLine: {'line': b'-- Up-to-date: /dev_ws/install/include/ur_commander/ur_commander\n'}
[0.323380] (ur_commander) StdoutLine: {'line': b'-- Up-to-date: /dev_ws/install/include/ur_commander/ur_commander/msg\n'}
[0.323512] (ur_commander) StdoutLine: {'line': b'-- Up-to-date: /dev_ws/install/include/ur_commander/ur_commander/msg/rosidl_generator_c__visibility_control.h\n'}
[0.323601] (ur_commander) StdoutLine: {'line': b'-- Up-to-date: /dev_ws/install/include/ur_commander/ur_commander/srv\n'}
[0.323753] (ur_commander) StdoutLine: {'line': b'-- Up-to-date: /dev_ws/install/include/ur_commander/ur_commander/srv/visualize_poses.h\n'}
[0.323855] (ur_commander) StdoutLine: {'line': b'-- Up-to-date: /dev_ws/install/include/ur_commander/ur_commander/srv/detail\n'}
[0.323936] (ur_commander) StdoutLine: {'line': b'-- Up-to-date: /dev_ws/install/include/ur_commander/ur_commander/srv/detail/visualize_poses__type_support.h\n'}
[0.324020] (ur_commander) StdoutLine: {'line': b'-- Up-to-date: /dev_ws/install/include/ur_commander/ur_commander/srv/detail/visualize_poses__functions.c\n'}
[0.324158] (ur_commander) StdoutLine: {'line': b'-- Up-to-date: /dev_ws/install/include/ur_commander/ur_commander/srv/detail/visualize_poses__functions.h\n'}
[0.324259] (ur_commander) StdoutLine: {'line': b'-- Up-to-date: /dev_ws/install/include/ur_commander/ur_commander/srv/detail/visualize_poses__struct.h\n'}
[0.324458] (ur_commander) StdoutLine: {'line': b'-- Up-to-date: /dev_ws/install/share/ur_commander/environment/library_path.sh\n'}
[0.324550] (ur_commander) StdoutLine: {'line': b'-- Up-to-date: /dev_ws/install/share/ur_commander/environment/library_path.dsv\n'}
[0.324714] (ur_commander) StdoutLine: {'line': b'-- Up-to-date: /dev_ws/install/lib/libur_commander__rosidl_generator_c.so\n'}
[0.324825] (ur_commander) StdoutLine: {'line': b'-- Up-to-date: /dev_ws/install/include/ur_commander/ur_commander\n'}
[0.324938] (ur_commander) StdoutLine: {'line': b'-- Up-to-date: /dev_ws/install/include/ur_commander/ur_commander/msg\n'}
[0.325052] (ur_commander) StdoutLine: {'line': b'-- Up-to-date: /dev_ws/install/include/ur_commander/ur_commander/msg/rosidl_typesupport_fastrtps_c__visibility_control.h\n'}
[0.325224] (ur_commander) StdoutLine: {'line': b'-- Up-to-date: /dev_ws/install/include/ur_commander/ur_commander/srv\n'}
[0.325457] (ur_commander) StdoutLine: {'line': b'-- Up-to-date: /dev_ws/install/include/ur_commander/ur_commander/srv/detail\n'}
[0.325636] (ur_commander) StdoutLine: {'line': b'-- Up-to-date: /dev_ws/install/include/ur_commander/ur_commander/srv/detail/visualize_poses__rosidl_typesupport_fastrtps_c.h\n'}
[0.325777] (ur_commander) StdoutLine: {'line': b'-- Up-to-date: /dev_ws/install/lib/libur_commander__rosidl_typesupport_fastrtps_c.so\n'}
[0.325865] (ur_commander) StdoutLine: {'line': b'-- Up-to-date: /dev_ws/install/include/ur_commander/ur_commander\n'}
[0.325948] (ur_commander) StdoutLine: {'line': b'-- Up-to-date: /dev_ws/install/include/ur_commander/ur_commander/msg\n'}
[0.326031] (ur_commander) StdoutLine: {'line': b'-- Up-to-date: /dev_ws/install/include/ur_commander/ur_commander/msg/rosidl_typesupport_introspection_c__visibility_control.h\n'}
[0.326116] (ur_commander) StdoutLine: {'line': b'-- Up-to-date: /dev_ws/install/include/ur_commander/ur_commander/srv\n'}
[0.326219] (ur_commander) StdoutLine: {'line': b'-- Up-to-date: /dev_ws/install/include/ur_commander/ur_commander/srv/detail\n'}
[0.326304] (ur_commander) StdoutLine: {'line': b'-- Up-to-date: /dev_ws/install/include/ur_commander/ur_commander/srv/detail/visualize_poses__type_support.c\n'}
[0.326389] (ur_commander) StdoutLine: {'line': b'-- Up-to-date: /dev_ws/install/include/ur_commander/ur_commander/srv/detail/visualize_poses__rosidl_typesupport_introspection_c.h\n'}
[0.326476] (ur_commander) StdoutLine: {'line': b'-- Up-to-date: /dev_ws/install/lib/libur_commander__rosidl_typesupport_introspection_c.so\n'}
[0.326559] (ur_commander) StdoutLine: {'line': b'-- Up-to-date: /dev_ws/install/lib/libur_commander__rosidl_typesupport_c.so\n'}
[0.326652] (ur_commander) StdoutLine: {'line': b'-- Up-to-date: /dev_ws/install/include/ur_commander/ur_commander\n'}
[0.326738] (ur_commander) StdoutLine: {'line': b'-- Up-to-date: /dev_ws/install/include/ur_commander/ur_commander/msg\n'}
[0.326824] (ur_commander) StdoutLine: {'line': b'-- Up-to-date: /dev_ws/install/include/ur_commander/ur_commander/msg/rosidl_generator_cpp__visibility_control.hpp\n'}
[0.326910] (ur_commander) StdoutLine: {'line': b'-- Up-to-date: /dev_ws/install/include/ur_commander/ur_commander/srv\n'}
[0.326995] (ur_commander) StdoutLine: {'line': b'-- Up-to-date: /dev_ws/install/include/ur_commander/ur_commander/srv/detail\n'}
[0.327079] (ur_commander) StdoutLine: {'line': b'-- Up-to-date: /dev_ws/install/include/ur_commander/ur_commander/srv/detail/visualize_poses__struct.hpp\n'}
[0.327178] (ur_commander) StdoutLine: {'line': b'-- Up-to-date: /dev_ws/install/include/ur_commander/ur_commander/srv/detail/visualize_poses__builder.hpp\n'}
[0.327273] (ur_commander) StdoutLine: {'line': b'-- Up-to-date: /dev_ws/install/include/ur_commander/ur_commander/srv/detail/visualize_poses__traits.hpp\n'}
[0.327363] (ur_commander) StdoutLine: {'line': b'-- Up-to-date: /dev_ws/install/include/ur_commander/ur_commander/srv/detail/visualize_poses__type_support.hpp\n'}
[0.327446] (ur_commander) StdoutLine: {'line': b'-- Up-to-date: /dev_ws/install/include/ur_commander/ur_commander/srv/visualize_poses.hpp\n'}
[0.327528] (ur_commander) StdoutLine: {'line': b'-- Up-to-date: /dev_ws/install/include/ur_commander/ur_commander\n'}
[0.327610] (ur_commander) StdoutLine: {'line': b'-- Up-to-date: /dev_ws/install/include/ur_commander/ur_commander/msg\n'}
[0.327690] (ur_commander) StdoutLine: {'line': b'-- Up-to-date: /dev_ws/install/include/ur_commander/ur_commander/msg/rosidl_typesupport_fastrtps_cpp__visibility_control.h\n'}
[0.327769] (ur_commander) StdoutLine: {'line': b'-- Up-to-date: /dev_ws/install/include/ur_commander/ur_commander/srv\n'}
[0.327847] (ur_commander) StdoutLine: {'line': b'-- Up-to-date: /dev_ws/install/include/ur_commander/ur_commander/srv/detail\n'}
[0.327927] (ur_commander) StdoutLine: {'line': b'-- Up-to-date: /dev_ws/install/include/ur_commander/ur_commander/srv/detail/visualize_poses__rosidl_typesupport_fastrtps_cpp.hpp\n'}
[0.328009] (ur_commander) StdoutLine: {'line': b'-- Up-to-date: /dev_ws/install/include/ur_commander/ur_commander/srv/detail/dds_fastrtps\n'}
[0.328089] (ur_commander) StdoutLine: {'line': b'-- Up-to-date: /dev_ws/install/lib/libur_commander__rosidl_typesupport_fastrtps_cpp.so\n'}
[0.328184] (ur_commander) StdoutLine: {'line': b'-- Up-to-date: /dev_ws/install/include/ur_commander/ur_commander\n'}
[0.328268] (ur_commander) StdoutLine: {'line': b'-- Up-to-date: /dev_ws/install/include/ur_commander/ur_commander/srv\n'}
[0.328346] (ur_commander) StdoutLine: {'line': b'-- Up-to-date: /dev_ws/install/include/ur_commander/ur_commander/srv/detail\n'}
[0.328431] (ur_commander) StdoutLine: {'line': b'-- Up-to-date: /dev_ws/install/include/ur_commander/ur_commander/srv/detail/visualize_poses__type_support.cpp\n'}
[0.328510] (ur_commander) StdoutLine: {'line': b'-- Up-to-date: /dev_ws/install/include/ur_commander/ur_commander/srv/detail/visualize_poses__rosidl_typesupport_introspection_cpp.hpp\n'}
[0.328589] (ur_commander) StdoutLine: {'line': b'-- Up-to-date: /dev_ws/install/lib/libur_commander__rosidl_typesupport_introspection_cpp.so\n'}
[0.328666] (ur_commander) StdoutLine: {'line': b'-- Up-to-date: /dev_ws/install/lib/libur_commander__rosidl_typesupport_cpp.so\n'}
[0.328743] (ur_commander) StdoutLine: {'line': b'-- Up-to-date: /dev_ws/install/share/ur_commander/environment/pythonpath.sh\n'}
[0.328820] (ur_commander) StdoutLine: {'line': b'-- Up-to-date: /dev_ws/install/share/ur_commander/environment/pythonpath.dsv\n'}
[0.328897] (ur_commander) StdoutLine: {'line': b'-- Up-to-date: /dev_ws/install/local/lib/python3.10/dist-packages/ur_commander-0.0.0-py3.10.egg-info\n'}
[0.328974] (ur_commander) StdoutLine: {'line': b'-- Installing: /dev_ws/install/local/lib/python3.10/dist-packages/ur_commander-0.0.0-py3.10.egg-info/SOURCES.txt\n'}
[0.329056] (ur_commander) StdoutLine: {'line': b'-- Installing: /dev_ws/install/local/lib/python3.10/dist-packages/ur_commander-0.0.0-py3.10.egg-info/dependency_links.txt\n'}
[0.329138] (ur_commander) StdoutLine: {'line': b'-- Installing: /dev_ws/install/local/lib/python3.10/dist-packages/ur_commander-0.0.0-py3.10.egg-info/top_level.txt\n'}
[0.329227] (ur_commander) StdoutLine: {'line': b'-- Installing: /dev_ws/install/local/lib/python3.10/dist-packages/ur_commander-0.0.0-py3.10.egg-info/PKG-INFO\n'}
[0.329306] (ur_commander) StdoutLine: {'line': b'-- Up-to-date: /dev_ws/install/local/lib/python3.10/dist-packages/ur_commander\n'}
[0.329387] (ur_commander) StdoutLine: {'line': b'-- Up-to-date: /dev_ws/install/local/lib/python3.10/dist-packages/ur_commander/_ur_commander_s.ep.rosidl_typesupport_fastrtps_c.c\n'}
[0.329480] (ur_commander) StdoutLine: {'line': b'-- Up-to-date: /dev_ws/install/local/lib/python3.10/dist-packages/ur_commander/ur_commander_s__rosidl_typesupport_fastrtps_c.cpython-310-x86_64-linux-gnu.so\n'}
[0.329560] (ur_commander) StdoutLine: {'line': b'-- Up-to-date: /dev_ws/install/local/lib/python3.10/dist-packages/ur_commander/_ur_commander_s.ep.rosidl_typesupport_c.c\n'}
[0.329641] (ur_commander) StdoutLine: {'line': b'-- Up-to-date: /dev_ws/install/local/lib/python3.10/dist-packages/ur_commander/ur_commander_s__rosidl_typesupport_c.cpython-310-x86_64-linux-gnu.so\n'}
[0.329722] (ur_commander) StdoutLine: {'line': b'-- Up-to-date: /dev_ws/install/local/lib/python3.10/dist-packages/ur_commander/ur_commander_s__rosidl_typesupport_introspection_c.cpython-310-x86_64-linux-gnu.so\n'}
[0.329803] (ur_commander) StdoutLine: {'line': b'-- Up-to-date: /dev_ws/install/local/lib/python3.10/dist-packages/ur_commander/_ur_commander_s.ep.rosidl_typesupport_introspection_c.c\n'}
[0.329886] (ur_commander) StdoutLine: {'line': b'-- Up-to-date: /dev_ws/install/local/lib/python3.10/dist-packages/ur_commander/srv\n'}
[0.329966] (ur_commander) StdoutLine: {'line': b'-- Up-to-date: /dev_ws/install/local/lib/python3.10/dist-packages/ur_commander/srv/_visualize_poses_s.c\n'}
[0.330047] (ur_commander) StdoutLine: {'line': b'-- Up-to-date: /dev_ws/install/local/lib/python3.10/dist-packages/ur_commander/srv/_visualize_poses.py\n'}
[0.330125] (ur_commander) StdoutLine: {'line': b'-- Up-to-date: /dev_ws/install/local/lib/python3.10/dist-packages/ur_commander/srv/__init__.py\n'}
[0.330221] (ur_commander) StdoutLine: {'line': b'-- Up-to-date: /dev_ws/install/local/lib/python3.10/dist-packages/ur_commander/libur_commander__rosidl_generator_py.so\n'}
[0.330304] (ur_commander) StdoutLine: {'line': b'-- Up-to-date: /dev_ws/install/local/lib/python3.10/dist-packages/ur_commander/__init__.py\n'}
[0.335107] (easy_handeye2_msgs) StdoutLine: {'line': b'[100%] Built target ament_cmake_python_build_easy_handeye2_msgs_egg\n'}
[0.344821] (easy_handeye2_msgs) CommandEnded: {'returncode': 0}
[0.345360] (easy_handeye2_msgs) JobProgress: {'identifier': 'easy_handeye2_msgs', 'progress': 'install'}
[0.345643] (easy_handeye2_msgs) Command: {'cmd': ['/usr/bin/cmake', '--install', '/dev_ws/build/easy_handeye2_msgs'], 'cwd': '/dev_ws/build/easy_handeye2_msgs', 'env': OrderedDict([('HOSTNAME', 'prottay-Pulse-15-B13VFK'), ('SHLVL', '2'), ('LD_LIBRARY_PATH', '/dev_ws/install/lib:/opt/ros/humble/opt/rviz_ogre_vendor/lib:/opt/ros/humble/lib/x86_64-linux-gnu:/opt/ros/humble/lib'), ('HOME', '/home/prottay'), ('OLDPWD', '/dev_ws/src'), ('ROS_PYTHON_VERSION', '3'), ('COLORTERM', 'truecolor'), ('COLCON_PREFIX_PATH', '/dev_ws/install'), ('ROS_DISTRO', 'humble'), ('_', '/usr/bin/colcon'), ('ROS_VERSION', '2'), ('NVIDIA_DRIVER_CAPABILITIES', 'compute,display,graphics,utility,video'), ('TERM', 'xterm-256color'), ('ROS_LOCALHOST_ONLY', '1'), ('QT_X11_NO_MITSHM', '1'), ('PATH', '/opt/ros/humble/bin:/usr/local/sbin:/usr/local/bin:/usr/sbin:/usr/bin:/sbin:/bin'), ('DISPLAY', ':1'), ('LANG', 'C.UTF-8'), ('RMW_IMPLEMENTATION', 'rmw_fastrtps_cpp'), ('LS_COLORS', 'rs=0:di=01;34:ln=01;36:mh=00:pi=40;33:so=01;35:do=01;35:bd=40;33;01:cd=40;33;01:or=40;31;01:mi=00:su=37;41:sg=30;43:ca=30;41:tw=30;42:ow=34;42:st=37;44:ex=01;32:*.tar=01;31:*.tgz=01;31:*.arc=01;31:*.arj=01;31:*.taz=01;31:*.lha=01;31:*.lz4=01;31:*.lzh=01;31:*.lzma=01;31:*.tlz=01;31:*.txz=01;31:*.tzo=01;31:*.t7z=01;31:*.zip=01;31:*.z=01;31:*.dz=01;31:*.gz=01;31:*.lrz=01;31:*.lz=01;31:*.lzo=01;31:*.xz=01;31:*.zst=01;31:*.tzst=01;31:*.bz2=01;31:*.bz=01;31:*.tbz=01;31:*.tbz2=01;31:*.tz=01;31:*.deb=01;31:*.rpm=01;31:*.jar=01;31:*.war=01;31:*.ear=01;31:*.sar=01;31:*.rar=01;31:*.alz=01;31:*.ace=01;31:*.zoo=01;31:*.cpio=01;31:*.7z=01;31:*.rz=01;31:*.cab=01;31:*.wim=01;31:*.swm=01;31:*.dwm=01;31:*.esd=01;31:*.jpg=01;35:*.jpeg=01;35:*.mjpg=01;35:*.mjpeg=01;35:*.gif=01;35:*.bmp=01;35:*.pbm=01;35:*.pgm=01;35:*.ppm=01;35:*.tga=01;35:*.xbm=01;35:*.xpm=01;35:*.tif=01;35:*.tiff=01;35:*.png=01;35:*.svg=01;35:*.svgz=01;35:*.mng=01;35:*.pcx=01;35:*.mov=01;35:*.mpg=01;35:*.mpeg=01;35:*.m2v=01;35:*.mkv=01;35:*.webm=01;35:*.webp=01;35:*.ogm=01;35:*.mp4=01;35:*.m4v=01;35:*.mp4v=01;35:*.vob=01;35:*.qt=01;35:*.nuv=01;35:*.wmv=01;35:*.asf=01;35:*.rm=01;35:*.rmvb=01;35:*.flc=01;35:*.avi=01;35:*.fli=01;35:*.flv=01;35:*.gl=01;35:*.dl=01;35:*.xcf=01;35:*.xwd=01;35:*.yuv=01;35:*.cgm=01;35:*.emf=01;35:*.ogv=01;35:*.ogx=01;35:*.aac=00;36:*.au=00;36:*.flac=00;36:*.m4a=00;36:*.mid=00;36:*.midi=00;36:*.mka=00;36:*.mp3=00;36:*.mpc=00;36:*.ogg=00;36:*.ra=00;36:*.wav=00;36:*.oga=00;36:*.opus=00;36:*.spx=00;36:*.xspf=00;36:'), ('ROS_DOMAIN_ID', '0'), ('AMENT_PREFIX_PATH', '/dev_ws/install:/opt/ros/humble'), ('DEBIAN_FRONTEND', 'noninteractive'), ('TERMINATOR_UUID', 'urn:uuid:f94316ff-644a-45a6-8ebc-68eacf2d4390'), ('PWD', '/dev_ws/build/easy_handeye2_msgs'), ('LC_ALL', 'C.UTF-8'), ('PYTHONPATH', '/dev_ws/build/easy_handeye2:/dev_ws/install/lib/python3.10/site-packages:/dev_ws/install/local/lib/python3.10/dist-packages:/opt/ros/humble/lib/python3.10/site-packages:/opt/ros/humble/local/lib/python3.10/dist-packages'), ('NVIDIA_VISIBLE_DEVICES', 'all'), ('COLCON', '1'), ('VTE_VERSION', '6800'), ('CMAKE_PREFIX_PATH', '/dev_ws/install:/opt/ros/humble')]), 'shell': False}
[0.351350] (ur_commander) StdoutLine: {'line': b"Listing '/dev_ws/install/local/lib/python3.10/dist-packages/ur_commander'...\n"}
[0.351471] (ur_commander) StdoutLine: {'line': b"Listing '/dev_ws/install/local/lib/python3.10/dist-packages/ur_commander/srv'...\n"}
[0.354238] (easy_handeye2_msgs) StdoutLine: {'line': b'-- Install configuration: ""\n'}
[0.354406] (easy_handeye2_msgs) StdoutLine: {'line': b'-- Up-to-date: /dev_ws/install/share/ament_index/resource_index/rosidl_interfaces/easy_handeye2_msgs\n'}
[0.354449] (easy_handeye2_msgs) StdoutLine: {'line': b'-- Up-to-date: /dev_ws/install/include/easy_handeye2_msgs/easy_handeye2_msgs\n'}
[0.354492] (easy_handeye2_msgs) StdoutLine: {'line': b'-- Up-to-date: /dev_ws/install/include/easy_handeye2_msgs/easy_handeye2_msgs/msg\n'}
[0.354530] (easy_handeye2_msgs) StdoutLine: {'line': b'-- Up-to-date: /dev_ws/install/include/easy_handeye2_msgs/easy_handeye2_msgs/msg/sample.h\n'}
[0.354567] (easy_handeye2_msgs) StdoutLine: {'line': b'-- Up-to-date: /dev_ws/install/include/easy_handeye2_msgs/easy_handeye2_msgs/msg/target_pose_list.h\n'}
[0.354643] (easy_handeye2_msgs) StdoutLine: {'line': b'-- Up-to-date: /dev_ws/install/include/easy_handeye2_msgs/easy_handeye2_msgs/msg/rosidl_generator_c__visibility_control.h\n'}
[0.354683] (easy_handeye2_msgs) StdoutLine: {'line': b'-- Up-to-date: /dev_ws/install/include/easy_handeye2_msgs/easy_handeye2_msgs/msg/sample_list.h\n'}
[0.354721] (easy_handeye2_msgs) StdoutLine: {'line': b'-- Up-to-date: /dev_ws/install/include/easy_handeye2_msgs/easy_handeye2_msgs/msg/detail\n'}
[0.354758] (easy_handeye2_msgs) StdoutLine: {'line': b'-- Up-to-date: /dev_ws/install/include/easy_handeye2_msgs/easy_handeye2_msgs/msg/detail/handeye_calibration__functions.h\n'}
[0.354793] (easy_handeye2_msgs) StdoutLine: {'line': b'-- Up-to-date: /dev_ws/install/include/easy_handeye2_msgs/easy_handeye2_msgs/msg/detail/sample__type_support.h\n'}
[0.354854] (easy_handeye2_msgs) StdoutLine: {'line': b'-- Up-to-date: /dev_ws/install/include/easy_handeye2_msgs/easy_handeye2_msgs/msg/detail/handeye_calibration__functions.c\n'}
[0.354903] (easy_handeye2_msgs) StdoutLine: {'line': b'-- Up-to-date: /dev_ws/install/include/easy_handeye2_msgs/easy_handeye2_msgs/msg/detail/sample_list__type_support.h\n'}
[0.354935] (easy_handeye2_msgs) StdoutLine: {'line': b'-- Up-to-date: /dev_ws/install/include/easy_handeye2_msgs/easy_handeye2_msgs/msg/detail/sample_list__struct.h\n'}
[0.354968] (easy_handeye2_msgs) StdoutLine: {'line': b'-- Up-to-date: /dev_ws/install/include/easy_handeye2_msgs/easy_handeye2_msgs/msg/detail/sample__functions.h\n'}
[0.355003] (ur_commander) StdoutLine: {'line': b'-- Up-to-date: /dev_ws/install/local/lib/python3.10/dist-packages/ur_commander/ur_commander_s__rosidl_typesupport_fastrtps_c.cpython-310-x86_64-linux-gnu.so\n'}
[0.355039] (easy_handeye2_msgs) StdoutLine: {'line': b'-- Up-to-date: /dev_ws/install/include/easy_handeye2_msgs/easy_handeye2_msgs/msg/detail/target_pose_list__functions.h\n'}
[0.355073] (easy_handeye2_msgs) StdoutLine: {'line': b'-- Up-to-date: /dev_ws/install/include/easy_handeye2_msgs/easy_handeye2_msgs/msg/detail/handeye_calibration_parameters__type_support.h\n'}
[0.355106] (easy_handeye2_msgs) StdoutLine: {'line': b'-- Up-to-date: /dev_ws/install/include/easy_handeye2_msgs/easy_handeye2_msgs/msg/detail/handeye_calibration_parameters__functions.c\n'}
[0.355201] (easy_handeye2_msgs) StdoutLine: {'line': b'-- Up-to-date: /dev_ws/install/include/easy_handeye2_msgs/easy_handeye2_msgs/msg/detail/target_pose_list__type_support.h\n'}
[0.355240] (easy_handeye2_msgs) StdoutLine: {'line': b'-- Up-to-date: /dev_ws/install/include/easy_handeye2_msgs/easy_handeye2_msgs/msg/detail/handeye_calibration_parameters__functions.h\n'}
[0.355275] (easy_handeye2_msgs) StdoutLine: {'line': b'-- Up-to-date: /dev_ws/install/include/easy_handeye2_msgs/easy_handeye2_msgs/msg/detail/handeye_calibration__type_support.h\n'}
[0.355309] (easy_handeye2_msgs) StdoutLine: {'line': b'-- Up-to-date: /dev_ws/install/include/easy_handeye2_msgs/easy_handeye2_msgs/msg/detail/target_pose_list__functions.c\n'}
[0.355342] (easy_handeye2_msgs) StdoutLine: {'line': b'-- Up-to-date: /dev_ws/install/include/easy_handeye2_msgs/easy_handeye2_msgs/msg/detail/handeye_calibration_parameters__struct.h\n'}
[0.355376] (easy_handeye2_msgs) StdoutLine: {'line': b'-- Up-to-date: /dev_ws/install/include/easy_handeye2_msgs/easy_handeye2_msgs/msg/detail/sample_list__functions.c\n'}
[0.355409] (easy_handeye2_msgs) StdoutLine: {'line': b'-- Up-to-date: /dev_ws/install/include/easy_handeye2_msgs/easy_handeye2_msgs/msg/detail/handeye_calibration__struct.h\n'}
[0.355442] (easy_handeye2_msgs) StdoutLine: {'line': b'-- Up-to-date: /dev_ws/install/include/easy_handeye2_msgs/easy_handeye2_msgs/msg/detail/sample_list__functions.h\n'}
[0.355520] (easy_handeye2_msgs) StdoutLine: {'line': b'-- Up-to-date: /dev_ws/install/include/easy_handeye2_msgs/easy_handeye2_msgs/msg/detail/target_pose_list__struct.h\n'}
[0.355554] (easy_handeye2_msgs) StdoutLine: {'line': b'-- Up-to-date: /dev_ws/install/include/easy_handeye2_msgs/easy_handeye2_msgs/msg/detail/sample__functions.c\n'}
[0.355589] (easy_handeye2_msgs) StdoutLine: {'line': b'-- Up-to-date: /dev_ws/install/include/easy_handeye2_msgs/easy_handeye2_msgs/msg/detail/sample__struct.h\n'}
[0.355623] (easy_handeye2_msgs) StdoutLine: {'line': b'-- Up-to-date: /dev_ws/install/include/easy_handeye2_msgs/easy_handeye2_msgs/msg/handeye_calibration_parameters.h\n'}
[0.355657] (easy_handeye2_msgs) StdoutLine: {'line': b'-- Up-to-date: /dev_ws/install/include/easy_handeye2_msgs/easy_handeye2_msgs/msg/handeye_calibration.h\n'}
[0.355691] (easy_handeye2_msgs) StdoutLine: {'line': b'-- Up-to-date: /dev_ws/install/include/easy_handeye2_msgs/easy_handeye2_msgs/srv\n'}
[0.355725] (easy_handeye2_msgs) StdoutLine: {'line': b'-- Up-to-date: /dev_ws/install/include/easy_handeye2_msgs/easy_handeye2_msgs/srv/enumerate_target_poses.h\n'}
[0.355759] (easy_handeye2_msgs) StdoutLine: {'line': b'-- Up-to-date: /dev_ws/install/include/easy_handeye2_msgs/easy_handeye2_msgs/srv/load_samples.h\n'}
[0.355843] (easy_handeye2_msgs) StdoutLine: {'line': b'-- Up-to-date: /dev_ws/install/include/easy_handeye2_msgs/easy_handeye2_msgs/srv/plan_to_selected_target_pose.h\n'}
[0.355877] (easy_handeye2_msgs) StdoutLine: {'line': b'-- Up-to-date: /dev_ws/install/include/easy_handeye2_msgs/easy_handeye2_msgs/srv/save_calibration.h\n'}
[0.355912] (easy_handeye2_msgs) StdoutLine: {'line': b'-- Up-to-date: /dev_ws/install/include/easy_handeye2_msgs/easy_handeye2_msgs/srv/set_algorithm.h\n'}
[0.355946] (easy_handeye2_msgs) StdoutLine: {'line': b'-- Up-to-date: /dev_ws/install/include/easy_handeye2_msgs/easy_handeye2_msgs/srv/detail\n'}
[0.355981] (ur_commander) StdoutLine: {'line': b'-- Up-to-date: /dev_ws/install/local/lib/python3.10/dist-packages/ur_commander/ur_commander_s__rosidl_typesupport_introspection_c.cpython-310-x86_64-linux-gnu.so\n'}
[0.356074] (ur_commander) StdoutLine: {'line': b'-- Up-to-date: /dev_ws/install/local/lib/python3.10/dist-packages/ur_commander/ur_commander_s__rosidl_typesupport_c.cpython-310-x86_64-linux-gnu.so\n'}
[0.356109] (easy_handeye2_msgs) StdoutLine: {'line': b'-- Up-to-date: /dev_ws/install/include/easy_handeye2_msgs/easy_handeye2_msgs/srv/detail/load_samples__struct.h\n'}
[0.356150] (easy_handeye2_msgs) StdoutLine: {'line': b'-- Up-to-date: /dev_ws/install/include/easy_handeye2_msgs/easy_handeye2_msgs/srv/detail/set_algorithm__type_support.h\n'}
[0.356186] (easy_handeye2_msgs) StdoutLine: {'line': b'-- Up-to-date: /dev_ws/install/include/easy_handeye2_msgs/easy_handeye2_msgs/srv/detail/check_starting_pose__functions.h\n'}
[0.356220] (easy_handeye2_msgs) StdoutLine: {'line': b'-- Up-to-date: /dev_ws/install/include/easy_handeye2_msgs/easy_handeye2_msgs/srv/detail/take_sample__functions.h\n'}
[0.356255] (easy_handeye2_msgs) StdoutLine: {'line': b'-- Up-to-date: /dev_ws/install/include/easy_handeye2_msgs/easy_handeye2_msgs/srv/detail/take_sample__type_support.h\n'}
[0.356287] (easy_handeye2_msgs) StdoutLine: {'line': b'-- Up-to-date: /dev_ws/install/include/easy_handeye2_msgs/easy_handeye2_msgs/srv/detail/select_target_pose__functions.h\n'}
[0.356321] (easy_handeye2_msgs) StdoutLine: {'line': b'-- Up-to-date: /dev_ws/install/include/easy_handeye2_msgs/easy_handeye2_msgs/srv/detail/enumerate_target_poses__functions.c\n'}
[0.356354] (easy_handeye2_msgs) StdoutLine: {'line': b'-- Up-to-date: /dev_ws/install/include/easy_handeye2_msgs/easy_handeye2_msgs/srv/detail/enumerate_target_poses__struct.h\n'}
[0.356387] (easy_handeye2_msgs) StdoutLine: {'line': b'-- Up-to-date: /dev_ws/install/include/easy_handeye2_msgs/easy_handeye2_msgs/srv/detail/save_samples__type_support.h\n'}
[0.356420] (easy_handeye2_msgs) StdoutLine: {'line': b'-- Up-to-date: /dev_ws/install/include/easy_handeye2_msgs/easy_handeye2_msgs/srv/detail/save_calibration__struct.h\n'}
[0.356454] (easy_handeye2_msgs) StdoutLine: {'line': b'-- Up-to-date: /dev_ws/install/include/easy_handeye2_msgs/easy_handeye2_msgs/srv/detail/remove_sample__type_support.h\n'}
[0.356487] (easy_handeye2_msgs) StdoutLine: {'line': b'-- Up-to-date: /dev_ws/install/include/easy_handeye2_msgs/easy_handeye2_msgs/srv/detail/set_algorithm__functions.h\n'}
[0.356520] (easy_handeye2_msgs) StdoutLine: {'line': b'-- Up-to-date: /dev_ws/install/include/easy_handeye2_msgs/easy_handeye2_msgs/srv/detail/save_samples__functions.c\n'}
[0.356553] (easy_handeye2_msgs) StdoutLine: {'line': b'-- Up-to-date: /dev_ws/install/include/easy_handeye2_msgs/easy_handeye2_msgs/srv/detail/list_algorithms__functions.h\n'}
[0.356631] (easy_handeye2_msgs) StdoutLine: {'line': b'-- Up-to-date: /dev_ws/install/include/easy_handeye2_msgs/easy_handeye2_msgs/srv/detail/remove_sample__functions.h\n'}
[0.356665] (easy_handeye2_msgs) StdoutLine: {'line': b'-- Up-to-date: /dev_ws/install/include/easy_handeye2_msgs/easy_handeye2_msgs/srv/detail/plan_to_selected_target_pose__struct.h\n'}
[0.356699] (easy_handeye2_msgs) StdoutLine: {'line': b'-- Up-to-date: /dev_ws/install/include/easy_handeye2_msgs/easy_handeye2_msgs/srv/detail/execute_plan__type_support.h\n'}
[0.356731] (easy_handeye2_msgs) StdoutLine: {'line': b'-- Up-to-date: /dev_ws/install/include/easy_handeye2_msgs/easy_handeye2_msgs/srv/detail/remove_sample__functions.c\n'}
[0.356875] (easy_handeye2_msgs) StdoutLine: {'line': b'-- Up-to-date: /dev_ws/install/include/easy_handeye2_msgs/easy_handeye2_msgs/srv/detail/save_calibration__type_support.h\n'}
[0.356910] (easy_handeye2_msgs) StdoutLine: {'line': b'-- Up-to-date: /dev_ws/install/include/easy_handeye2_msgs/easy_handeye2_msgs/srv/detail/plan_to_selected_target_pose__functions.c\n'}
[0.356945] (easy_handeye2_msgs) StdoutLine: {'line': b'-- Up-to-date: /dev_ws/install/include/easy_handeye2_msgs/easy_handeye2_msgs/srv/detail/set_algorithm__functions.c\n'}
[0.356979] (easy_handeye2_msgs) StdoutLine: {'line': b'-- Up-to-date: /dev_ws/install/include/easy_handeye2_msgs/easy_handeye2_msgs/srv/detail/compute_calibration__type_support.h\n'}
[0.357012] (easy_handeye2_msgs) StdoutLine: {'line': b'-- Up-to-date: /dev_ws/install/include/easy_handeye2_msgs/easy_handeye2_msgs/srv/detail/save_calibration__functions.h\n'}
[0.357045] (easy_handeye2_msgs) StdoutLine: {'line': b'-- Up-to-date: /dev_ws/install/include/easy_handeye2_msgs/easy_handeye2_msgs/srv/detail/take_sample__struct.h\n'}
[0.357110] (easy_handeye2_msgs) StdoutLine: {'line': b'-- Up-to-date: /dev_ws/install/include/easy_handeye2_msgs/easy_handeye2_msgs/srv/detail/check_starting_pose__type_support.h\n'}
[0.357149] (easy_handeye2_msgs) StdoutLine: {'line': b'-- Up-to-date: /dev_ws/install/include/easy_handeye2_msgs/easy_handeye2_msgs/srv/detail/plan_to_selected_target_pose__functions.h\n'}
[0.357185] (ur_commander) StdoutLine: {'line': b'-- Up-to-date: /dev_ws/install/lib/libur_commander__rosidl_generator_py.so\n'}
[0.357220] (ur_commander) StdoutLine: {'line': b'-- Up-to-date: /dev_ws/install/share/ur_commander/srv/VisualizePoses.idl\n'}
[0.357254] (easy_handeye2_msgs) StdoutLine: {'line': b'-- Up-to-date: /dev_ws/install/include/easy_handeye2_msgs/easy_handeye2_msgs/srv/detail/check_starting_pose__functions.c\n'}
[0.357290] (easy_handeye2_msgs) StdoutLine: {'line': b'-- Up-to-date: /dev_ws/install/include/easy_handeye2_msgs/easy_handeye2_msgs/srv/detail/load_samples__functions.c\n'}
[0.357325] (easy_handeye2_msgs) StdoutLine: {'line': b'-- Up-to-date: /dev_ws/install/include/easy_handeye2_msgs/easy_handeye2_msgs/srv/detail/save_samples__struct.h\n'}
[0.357361] (easy_handeye2_msgs) StdoutLine: {'line': b'-- Up-to-date: /dev_ws/install/include/easy_handeye2_msgs/easy_handeye2_msgs/srv/detail/enumerate_target_poses__functions.h\n'}
[0.357396] (easy_handeye2_msgs) StdoutLine: {'line': b'-- Up-to-date: /dev_ws/install/include/easy_handeye2_msgs/easy_handeye2_msgs/srv/detail/save_samples__functions.h\n'}
[0.357430] (easy_handeye2_msgs) StdoutLine: {'line': b'-- Up-to-date: /dev_ws/install/include/easy_handeye2_msgs/easy_handeye2_msgs/srv/detail/plan_to_selected_target_pose__type_support.h\n'}
[0.357464] (easy_handeye2_msgs) StdoutLine: {'line': b'-- Up-to-date: /dev_ws/install/include/easy_handeye2_msgs/easy_handeye2_msgs/srv/detail/list_algorithms__struct.h\n'}
[0.357497] (easy_handeye2_msgs) StdoutLine: {'line': b'-- Up-to-date: /dev_ws/install/include/easy_handeye2_msgs/easy_handeye2_msgs/srv/detail/select_target_pose__type_support.h\n'}
[0.357531] (easy_handeye2_msgs) StdoutLine: {'line': b'-- Up-to-date: /dev_ws/install/include/easy_handeye2_msgs/easy_handeye2_msgs/srv/detail/take_sample__functions.c\n'}
[0.357564] (easy_handeye2_msgs) StdoutLine: {'line': b'-- Up-to-date: /dev_ws/install/include/easy_handeye2_msgs/easy_handeye2_msgs/srv/detail/save_calibration__functions.c\n'}
[0.357596] (easy_handeye2_msgs) StdoutLine: {'line': b'-- Up-to-date: /dev_ws/install/include/easy_handeye2_msgs/easy_handeye2_msgs/srv/detail/compute_calibration__struct.h\n'}
[0.357629] (easy_handeye2_msgs) StdoutLine: {'line': b'-- Up-to-date: /dev_ws/install/include/easy_handeye2_msgs/easy_handeye2_msgs/srv/detail/select_target_pose__functions.c\n'}
[0.357662] (easy_handeye2_msgs) StdoutLine: {'line': b'-- Up-to-date: /dev_ws/install/include/easy_handeye2_msgs/easy_handeye2_msgs/srv/detail/load_samples__functions.h\n'}
[0.357742] (easy_handeye2_msgs) StdoutLine: {'line': b'-- Up-to-date: /dev_ws/install/include/easy_handeye2_msgs/easy_handeye2_msgs/srv/detail/load_samples__type_support.h\n'}
[0.357774] (easy_handeye2_msgs) StdoutLine: {'line': b'-- Up-to-date: /dev_ws/install/include/easy_handeye2_msgs/easy_handeye2_msgs/srv/detail/list_algorithms__functions.c\n'}
[0.357807] (easy_handeye2_msgs) StdoutLine: {'line': b'-- Up-to-date: /dev_ws/install/include/easy_handeye2_msgs/easy_handeye2_msgs/srv/detail/compute_calibration__functions.c\n'}
[0.357839] (easy_handeye2_msgs) StdoutLine: {'line': b'-- Up-to-date: /dev_ws/install/include/easy_handeye2_msgs/easy_handeye2_msgs/srv/detail/select_target_pose__struct.h\n'}
[0.357872] (easy_handeye2_msgs) StdoutLine: {'line': b'-- Up-to-date: /dev_ws/install/include/easy_handeye2_msgs/easy_handeye2_msgs/srv/detail/enumerate_target_poses__type_support.h\n'}
[0.357904] (easy_handeye2_msgs) StdoutLine: {'line': b'-- Up-to-date: /dev_ws/install/include/easy_handeye2_msgs/easy_handeye2_msgs/srv/detail/execute_plan__functions.c\n'}
[0.357939] (easy_handeye2_msgs) StdoutLine: {'line': b'-- Up-to-date: /dev_ws/install/include/easy_handeye2_msgs/easy_handeye2_msgs/srv/detail/execute_plan__struct.h\n'}
[0.357974] (easy_handeye2_msgs) StdoutLine: {'line': b'-- Up-to-date: /dev_ws/install/include/easy_handeye2_msgs/easy_handeye2_msgs/srv/detail/set_algorithm__struct.h\n'}
[0.358005] (easy_handeye2_msgs) StdoutLine: {'line': b'-- Up-to-date: /dev_ws/install/include/easy_handeye2_msgs/easy_handeye2_msgs/srv/detail/list_algorithms__type_support.h\n'}
[0.358037] (easy_handeye2_msgs) StdoutLine: {'line': b'-- Up-to-date: /dev_ws/install/include/easy_handeye2_msgs/easy_handeye2_msgs/srv/detail/remove_sample__struct.h\n'}
[0.358070] (easy_handeye2_msgs) StdoutLine: {'line': b'-- Up-to-date: /dev_ws/install/include/easy_handeye2_msgs/easy_handeye2_msgs/srv/detail/compute_calibration__functions.h\n'}
[0.358102] (easy_handeye2_msgs) StdoutLine: {'line': b'-- Up-to-date: /dev_ws/install/include/easy_handeye2_msgs/easy_handeye2_msgs/srv/detail/check_starting_pose__struct.h\n'}
[0.358140] (easy_handeye2_msgs) StdoutLine: {'line': b'-- Up-to-date: /dev_ws/install/include/easy_handeye2_msgs/easy_handeye2_msgs/srv/detail/execute_plan__functions.h\n'}
[0.358175] (easy_handeye2_msgs) StdoutLine: {'line': b'-- Up-to-date: /dev_ws/install/include/easy_handeye2_msgs/easy_handeye2_msgs/srv/check_starting_pose.h\n'}
[0.358208] (easy_handeye2_msgs) StdoutLine: {'line': b'-- Up-to-date: /dev_ws/install/include/easy_handeye2_msgs/easy_handeye2_msgs/srv/compute_calibration.h\n'}
[0.358240] (easy_handeye2_msgs) StdoutLine: {'line': b'-- Up-to-date: /dev_ws/install/include/easy_handeye2_msgs/easy_handeye2_msgs/srv/save_samples.h\n'}
[0.358272] (easy_handeye2_msgs) StdoutLine: {'line': b'-- Up-to-date: /dev_ws/install/include/easy_handeye2_msgs/easy_handeye2_msgs/srv/list_algorithms.h\n'}
[0.358304] (easy_handeye2_msgs) StdoutLine: {'line': b'-- Up-to-date: /dev_ws/install/include/easy_handeye2_msgs/easy_handeye2_msgs/srv/execute_plan.h\n'}
[0.358337] (easy_handeye2_msgs) StdoutLine: {'line': b'-- Up-to-date: /dev_ws/install/include/easy_handeye2_msgs/easy_handeye2_msgs/srv/remove_sample.h\n'}
[0.358370] (easy_handeye2_msgs) StdoutLine: {'line': b'-- Up-to-date: /dev_ws/install/include/easy_handeye2_msgs/easy_handeye2_msgs/srv/select_target_pose.h\n'}
[0.358401] (easy_handeye2_msgs) StdoutLine: {'line': b'-- Up-to-date: /dev_ws/install/include/easy_handeye2_msgs/easy_handeye2_msgs/srv/take_sample.h\n'}
[0.358518] (easy_handeye2_msgs) StdoutLine: {'line': b'-- Up-to-date: /dev_ws/install/share/easy_handeye2_msgs/environment/library_path.sh\n'}
[0.358553] (easy_handeye2_msgs) StdoutLine: {'line': b'-- Up-to-date: /dev_ws/install/share/easy_handeye2_msgs/environment/library_path.dsv\n'}
[0.358586] (ur_commander) StdoutLine: {'line': b'-- Up-to-date: /dev_ws/install/share/ur_commander/srv/VisualizePoses.srv\n'}
[0.358621] (easy_handeye2_msgs) StdoutLine: {'line': b'-- Up-to-date: /dev_ws/install/lib/libeasy_handeye2_msgs__rosidl_generator_c.so\n'}
[0.358656] (easy_handeye2_msgs) StdoutLine: {'line': b'-- Up-to-date: /dev_ws/install/include/easy_handeye2_msgs/easy_handeye2_msgs\n'}
[0.358689] (easy_handeye2_msgs) StdoutLine: {'line': b'-- Up-to-date: /dev_ws/install/include/easy_handeye2_msgs/easy_handeye2_msgs/msg\n'}
[0.358722] (easy_handeye2_msgs) StdoutLine: {'line': b'-- Up-to-date: /dev_ws/install/include/easy_handeye2_msgs/easy_handeye2_msgs/msg/detail\n'}
[0.358754] (easy_handeye2_msgs) StdoutLine: {'line': b'-- Up-to-date: /dev_ws/install/include/easy_handeye2_msgs/easy_handeye2_msgs/msg/detail/sample_list__rosidl_typesupport_fastrtps_c.h\n'}
[0.358787] (easy_handeye2_msgs) StdoutLine: {'line': b'-- Up-to-date: /dev_ws/install/include/easy_handeye2_msgs/easy_handeye2_msgs/msg/detail/handeye_calibration_parameters__rosidl_typesupport_fastrtps_c.h\n'}
[0.358819] (easy_handeye2_msgs) StdoutLine: {'line': b'-- Up-to-date: /dev_ws/install/include/easy_handeye2_msgs/easy_handeye2_msgs/msg/detail/handeye_calibration__rosidl_typesupport_fastrtps_c.h\n'}
[0.358853] (easy_handeye2_msgs) StdoutLine: {'line': b'-- Up-to-date: /dev_ws/install/include/easy_handeye2_msgs/easy_handeye2_msgs/msg/detail/sample__rosidl_typesupport_fastrtps_c.h\n'}
[0.358886] (easy_handeye2_msgs) StdoutLine: {'line': b'-- Up-to-date: /dev_ws/install/include/easy_handeye2_msgs/easy_handeye2_msgs/msg/detail/target_pose_list__rosidl_typesupport_fastrtps_c.h\n'}
[0.358919] (easy_handeye2_msgs) StdoutLine: {'line': b'-- Up-to-date: /dev_ws/install/include/easy_handeye2_msgs/easy_handeye2_msgs/msg/rosidl_typesupport_fastrtps_c__visibility_control.h\n'}
[0.358953] (easy_handeye2_msgs) StdoutLine: {'line': b'-- Up-to-date: /dev_ws/install/include/easy_handeye2_msgs/easy_handeye2_msgs/srv\n'}
[0.358985] (easy_handeye2_msgs) StdoutLine: {'line': b'-- Up-to-date: /dev_ws/install/include/easy_handeye2_msgs/easy_handeye2_msgs/srv/detail\n'}
[0.359016] (easy_handeye2_msgs) StdoutLine: {'line': b'-- Up-to-date: /dev_ws/install/include/easy_handeye2_msgs/easy_handeye2_msgs/srv/detail/save_samples__rosidl_typesupport_fastrtps_c.h\n'}
[0.359048] (easy_handeye2_msgs) StdoutLine: {'line': b'-- Up-to-date: /dev_ws/install/include/easy_handeye2_msgs/easy_handeye2_msgs/srv/detail/save_calibration__rosidl_typesupport_fastrtps_c.h\n'}
[0.359082] (easy_handeye2_msgs) StdoutLine: {'line': b'-- Up-to-date: /dev_ws/install/include/easy_handeye2_msgs/easy_handeye2_msgs/srv/detail/list_algorithms__rosidl_typesupport_fastrtps_c.h\n'}
[0.359114] (easy_handeye2_msgs) StdoutLine: {'line': b'-- Up-to-date: /dev_ws/install/include/easy_handeye2_msgs/easy_handeye2_msgs/srv/detail/select_target_pose__rosidl_typesupport_fastrtps_c.h\n'}
[0.359173] (easy_handeye2_msgs) StdoutLine: {'line': b'-- Up-to-date: /dev_ws/install/include/easy_handeye2_msgs/easy_handeye2_msgs/srv/detail/enumerate_target_poses__rosidl_typesupport_fastrtps_c.h\n'}
[0.359209] (easy_handeye2_msgs) StdoutLine: {'line': b'-- Up-to-date: /dev_ws/install/include/easy_handeye2_msgs/easy_handeye2_msgs/srv/detail/load_samples__rosidl_typesupport_fastrtps_c.h\n'}
[0.359367] (easy_handeye2_msgs) StdoutLine: {'line': b'-- Up-to-date: /dev_ws/install/include/easy_handeye2_msgs/easy_handeye2_msgs/srv/detail/take_sample__rosidl_typesupport_fastrtps_c.h\n'}
[0.359406] (easy_handeye2_msgs) StdoutLine: {'line': b'-- Up-to-date: /dev_ws/install/include/easy_handeye2_msgs/easy_handeye2_msgs/srv/detail/execute_plan__rosidl_typesupport_fastrtps_c.h\n'}
[0.359444] (easy_handeye2_msgs) StdoutLine: {'line': b'-- Up-to-date: /dev_ws/install/include/easy_handeye2_msgs/easy_handeye2_msgs/srv/detail/remove_sample__rosidl_typesupport_fastrtps_c.h\n'}
[0.359477] (easy_handeye2_msgs) StdoutLine: {'line': b'-- Up-to-date: /dev_ws/install/include/easy_handeye2_msgs/easy_handeye2_msgs/srv/detail/set_algorithm__rosidl_typesupport_fastrtps_c.h\n'}
[0.359510] (easy_handeye2_msgs) StdoutLine: {'line': b'-- Up-to-date: /dev_ws/install/include/easy_handeye2_msgs/easy_handeye2_msgs/srv/detail/check_starting_pose__rosidl_typesupport_fastrtps_c.h\n'}
[0.359651] (easy_handeye2_msgs) StdoutLine: {'line': b'-- Up-to-date: /dev_ws/install/include/easy_handeye2_msgs/easy_handeye2_msgs/srv/detail/plan_to_selected_target_pose__rosidl_typesupport_fastrtps_c.h\n'}
[0.359686] (easy_handeye2_msgs) StdoutLine: {'line': b'-- Up-to-date: /dev_ws/install/include/easy_handeye2_msgs/easy_handeye2_msgs/srv/detail/compute_calibration__rosidl_typesupport_fastrtps_c.h\n'}
[0.359721] (easy_handeye2_msgs) StdoutLine: {'line': b'-- Up-to-date: /dev_ws/install/lib/libeasy_handeye2_msgs__rosidl_typesupport_fastrtps_c.so\n'}
[0.359756] (ur_commander) StdoutLine: {'line': b'-- Up-to-date: /dev_ws/install/share/ur_commander/srv/VisualizePoses_Request.msg\n'}
[0.359792] (ur_commander) StdoutLine: {'line': b'-- Up-to-date: /dev_ws/install/share/ur_commander/srv/VisualizePoses_Response.msg\n'}
[0.359825] (ur_commander) StdoutLine: {'line': b'-- Up-to-date: /dev_ws/install/share/ur_commander//launch\n'}
[0.359858] (ur_commander) StdoutLine: {'line': b'-- Up-to-date: /dev_ws/install/share/ur_commander//launch/iaac_ur10e.launch.py\n'}
[0.360075] (ur_commander) StdoutLine: {'line': b'-- Up-to-date: /dev_ws/install/share/ur_commander//config\n'}
[0.360110] (ur_commander) StdoutLine: {'line': b'-- Up-to-date: /dev_ws/install/share/ur_commander//config/rivz2_config.rviz\n'}
[0.360150] (ur_commander) StdoutLine: {'line': b'-- Up-to-date: /dev_ws/install/lib/ur_commander/visualize_pose_srv.py\n'}
[0.360227] (ur_commander) StdoutLine: {'line': b'-- Up-to-date: /dev_ws/install/share/ament_index/resource_index/package_run_dependencies/ur_commander\n'}
[0.360263] (ur_commander) StdoutLine: {'line': b'-- Up-to-date: /dev_ws/install/share/ament_index/resource_index/parent_prefix_path/ur_commander\n'}
[0.360373] (ur_commander) StdoutLine: {'line': b'-- Up-to-date: /dev_ws/install/share/ur_commander/environment/ament_prefix_path.sh\n'}
[0.360408] (ur_commander) StdoutLine: {'line': b'-- Up-to-date: /dev_ws/install/share/ur_commander/environment/ament_prefix_path.dsv\n'}
[0.360441] (ur_commander) StdoutLine: {'line': b'-- Up-to-date: /dev_ws/install/share/ur_commander/environment/path.sh\n'}
[0.360474] (ur_commander) StdoutLine: {'line': b'-- Up-to-date: /dev_ws/install/share/ur_commander/environment/path.dsv\n'}
[0.360506] (ur_commander) StdoutLine: {'line': b'-- Up-to-date: /dev_ws/install/share/ur_commander/local_setup.bash\n'}
[0.360597] (ur_commander) StdoutLine: {'line': b'-- Up-to-date: /dev_ws/install/share/ur_commander/local_setup.sh\n'}
[0.360675] (ur_commander) StdoutLine: {'line': b'-- Up-to-date: /dev_ws/install/share/ur_commander/local_setup.zsh\n'}
[0.360801] (ur_commander) StdoutLine: {'line': b'-- Up-to-date: /dev_ws/install/share/ur_commander/local_setup.dsv\n'}
[0.360858] (ur_commander) StdoutLine: {'line': b'-- Installing: /dev_ws/install/share/ur_commander/package.dsv\n'}
[0.360890] (easy_handeye2_msgs) StdoutLine: {'line': b'-- Up-to-date: /dev_ws/install/include/easy_handeye2_msgs/easy_handeye2_msgs\n'}
[0.360932] (ur_commander) StdoutLine: {'line': b'-- Up-to-date: /dev_ws/install/share/ament_index/resource_index/packages/ur_commander\n'}
[0.360965] (easy_handeye2_msgs) StdoutLine: {'line': b'-- Up-to-date: /dev_ws/install/include/easy_handeye2_msgs/easy_handeye2_msgs/msg\n'}
[0.361000] (easy_handeye2_msgs) StdoutLine: {'line': b'-- Up-to-date: /dev_ws/install/include/easy_handeye2_msgs/easy_handeye2_msgs/msg/detail\n'}
[0.361033] (easy_handeye2_msgs) StdoutLine: {'line': b'-- Up-to-date: /dev_ws/install/include/easy_handeye2_msgs/easy_handeye2_msgs/msg/detail/sample_list__type_support.c\n'}
[0.361067] (easy_handeye2_msgs) StdoutLine: {'line': b'-- Up-to-date: /dev_ws/install/include/easy_handeye2_msgs/easy_handeye2_msgs/msg/detail/handeye_calibration__type_support.c\n'}
[0.361101] (easy_handeye2_msgs) StdoutLine: {'line': b'-- Up-to-date: /dev_ws/install/include/easy_handeye2_msgs/easy_handeye2_msgs/msg/detail/target_pose_list__type_support.c\n'}
[0.361187] (easy_handeye2_msgs) StdoutLine: {'line': b'-- Up-to-date: /dev_ws/install/include/easy_handeye2_msgs/easy_handeye2_msgs/msg/detail/sample_list__rosidl_typesupport_introspection_c.h\n'}
[0.361391] (easy_handeye2_msgs) StdoutLine: {'line': b'-- Up-to-date: /dev_ws/install/include/easy_handeye2_msgs/easy_handeye2_msgs/msg/detail/handeye_calibration_parameters__rosidl_typesupport_introspection_c.h\n'}
[0.361559] (easy_handeye2_msgs) StdoutLine: {'line': b'-- Up-to-date: /dev_ws/install/include/easy_handeye2_msgs/easy_handeye2_msgs/msg/detail/handeye_calibration_parameters__type_support.c\n'}
[0.361610] (easy_handeye2_msgs) StdoutLine: {'line': b'-- Up-to-date: /dev_ws/install/include/easy_handeye2_msgs/easy_handeye2_msgs/msg/detail/sample__rosidl_typesupport_introspection_c.h\n'}
[0.361653] (easy_handeye2_msgs) StdoutLine: {'line': b'-- Up-to-date: /dev_ws/install/include/easy_handeye2_msgs/easy_handeye2_msgs/msg/detail/target_pose_list__rosidl_typesupport_introspection_c.h\n'}
[0.361698] (easy_handeye2_msgs) StdoutLine: {'line': b'-- Up-to-date: /dev_ws/install/include/easy_handeye2_msgs/easy_handeye2_msgs/msg/detail/sample__type_support.c\n'}
[0.361744] (easy_handeye2_msgs) StdoutLine: {'line': b'-- Up-to-date: /dev_ws/install/include/easy_handeye2_msgs/easy_handeye2_msgs/msg/detail/handeye_calibration__rosidl_typesupport_introspection_c.h\n'}
[0.361788] (easy_handeye2_msgs) StdoutLine: {'line': b'-- Up-to-date: /dev_ws/install/include/easy_handeye2_msgs/easy_handeye2_msgs/msg/rosidl_typesupport_introspection_c__visibility_control.h\n'}
[0.361830] (easy_handeye2_msgs) StdoutLine: {'line': b'-- Up-to-date: /dev_ws/install/include/easy_handeye2_msgs/easy_handeye2_msgs/srv\n'}
[0.361873] (easy_handeye2_msgs) StdoutLine: {'line': b'-- Up-to-date: /dev_ws/install/include/easy_handeye2_msgs/easy_handeye2_msgs/srv/detail\n'}
[0.361915] (easy_handeye2_msgs) StdoutLine: {'line': b'-- Up-to-date: /dev_ws/install/include/easy_handeye2_msgs/easy_handeye2_msgs/srv/detail/check_starting_pose__rosidl_typesupport_introspection_c.h\n'}
[0.361956] (easy_handeye2_msgs) StdoutLine: {'line': b'-- Up-to-date: /dev_ws/install/include/easy_handeye2_msgs/easy_handeye2_msgs/srv/detail/set_algorithm__rosidl_typesupport_introspection_c.h\n'}
[0.361995] (easy_handeye2_msgs) StdoutLine: {'line': b'-- Up-to-date: /dev_ws/install/include/easy_handeye2_msgs/easy_handeye2_msgs/srv/detail/select_target_pose__rosidl_typesupport_introspection_c.h\n'}
[0.362034] (easy_handeye2_msgs) StdoutLine: {'line': b'-- Up-to-date: /dev_ws/install/include/easy_handeye2_msgs/easy_handeye2_msgs/srv/detail/select_target_pose__type_support.c\n'}
[0.362068] (easy_handeye2_msgs) StdoutLine: {'line': b'-- Up-to-date: /dev_ws/install/include/easy_handeye2_msgs/easy_handeye2_msgs/srv/detail/plan_to_selected_target_pose__type_support.c\n'}
[0.362104] (easy_handeye2_msgs) StdoutLine: {'line': b'-- Up-to-date: /dev_ws/install/include/easy_handeye2_msgs/easy_handeye2_msgs/srv/detail/enumerate_target_poses__type_support.c\n'}
[0.362259] (easy_handeye2_msgs) StdoutLine: {'line': b'-- Up-to-date: /dev_ws/install/include/easy_handeye2_msgs/easy_handeye2_msgs/srv/detail/remove_sample__type_support.c\n'}
[0.362399] (easy_handeye2_msgs) StdoutLine: {'line': b'-- Up-to-date: /dev_ws/install/include/easy_handeye2_msgs/easy_handeye2_msgs/srv/detail/save_calibration__rosidl_typesupport_introspection_c.h\n'}
[0.362437] (easy_handeye2_msgs) StdoutLine: {'line': b'-- Up-to-date: /dev_ws/install/include/easy_handeye2_msgs/easy_handeye2_msgs/srv/detail/enumerate_target_poses__rosidl_typesupport_introspection_c.h\n'}
[0.362473] (easy_handeye2_msgs) StdoutLine: {'line': b'-- Up-to-date: /dev_ws/install/include/easy_handeye2_msgs/easy_handeye2_msgs/srv/detail/list_algorithms__type_support.c\n'}
[0.362510] (easy_handeye2_msgs) StdoutLine: {'line': b'-- Up-to-date: /dev_ws/install/include/easy_handeye2_msgs/easy_handeye2_msgs/srv/detail/execute_plan__rosidl_typesupport_introspection_c.h\n'}
[0.362547] (easy_handeye2_msgs) StdoutLine: {'line': b'-- Up-to-date: /dev_ws/install/include/easy_handeye2_msgs/easy_handeye2_msgs/srv/detail/check_starting_pose__type_support.c\n'}
[0.362581] (easy_handeye2_msgs) StdoutLine: {'line': b'-- Up-to-date: /dev_ws/install/include/easy_handeye2_msgs/easy_handeye2_msgs/srv/detail/load_samples__type_support.c\n'}
[0.362617] (easy_handeye2_msgs) StdoutLine: {'line': b'-- Up-to-date: /dev_ws/install/include/easy_handeye2_msgs/easy_handeye2_msgs/srv/detail/compute_calibration__rosidl_typesupport_introspection_c.h\n'}
[0.362649] (easy_handeye2_msgs) StdoutLine: {'line': b'-- Up-to-date: /dev_ws/install/include/easy_handeye2_msgs/easy_handeye2_msgs/srv/detail/compute_calibration__type_support.c\n'}
[0.362683] (easy_handeye2_msgs) StdoutLine: {'line': b'-- Up-to-date: /dev_ws/install/include/easy_handeye2_msgs/easy_handeye2_msgs/srv/detail/save_calibration__type_support.c\n'}
[0.362717] (easy_handeye2_msgs) StdoutLine: {'line': b'-- Up-to-date: /dev_ws/install/include/easy_handeye2_msgs/easy_handeye2_msgs/srv/detail/save_samples__rosidl_typesupport_introspection_c.h\n'}
[0.362751] (easy_handeye2_msgs) StdoutLine: {'line': b'-- Up-to-date: /dev_ws/install/include/easy_handeye2_msgs/easy_handeye2_msgs/srv/detail/set_algorithm__type_support.c\n'}
[0.362784] (easy_handeye2_msgs) StdoutLine: {'line': b'-- Up-to-date: /dev_ws/install/include/easy_handeye2_msgs/easy_handeye2_msgs/srv/detail/remove_sample__rosidl_typesupport_introspection_c.h\n'}
[0.362818] (easy_handeye2_msgs) StdoutLine: {'line': b'-- Up-to-date: /dev_ws/install/include/easy_handeye2_msgs/easy_handeye2_msgs/srv/detail/list_algorithms__rosidl_typesupport_introspection_c.h\n'}
[0.362850] (easy_handeye2_msgs) StdoutLine: {'line': b'-- Up-to-date: /dev_ws/install/include/easy_handeye2_msgs/easy_handeye2_msgs/srv/detail/save_samples__type_support.c\n'}
[0.362883] (easy_handeye2_msgs) StdoutLine: {'line': b'-- Up-to-date: /dev_ws/install/include/easy_handeye2_msgs/easy_handeye2_msgs/srv/detail/take_sample__rosidl_typesupport_introspection_c.h\n'}
[0.362920] (easy_handeye2_msgs) StdoutLine: {'line': b'-- Up-to-date: /dev_ws/install/include/easy_handeye2_msgs/easy_handeye2_msgs/srv/detail/take_sample__type_support.c\n'}
[0.362953] (easy_handeye2_msgs) StdoutLine: {'line': b'-- Up-to-date: /dev_ws/install/include/easy_handeye2_msgs/easy_handeye2_msgs/srv/detail/load_samples__rosidl_typesupport_introspection_c.h\n'}
[0.362986] (easy_handeye2_msgs) StdoutLine: {'line': b'-- Up-to-date: /dev_ws/install/include/easy_handeye2_msgs/easy_handeye2_msgs/srv/detail/execute_plan__type_support.c\n'}
[0.363019] (easy_handeye2_msgs) StdoutLine: {'line': b'-- Up-to-date: /dev_ws/install/include/easy_handeye2_msgs/easy_handeye2_msgs/srv/detail/plan_to_selected_target_pose__rosidl_typesupport_introspection_c.h\n'}
[0.363052] (easy_handeye2_msgs) StdoutLine: {'line': b'-- Up-to-date: /dev_ws/install/lib/libeasy_handeye2_msgs__rosidl_typesupport_introspection_c.so\n'}
[0.363085] (ur_commander) StdoutLine: {'line': b'-- Up-to-date: /dev_ws/install/share/ur_commander/cmake/export_ur_commander__rosidl_generator_cExport.cmake\n'}
[0.363137] (ur_commander) StdoutLine: {'line': b'-- Up-to-date: /dev_ws/install/share/ur_commander/cmake/export_ur_commander__rosidl_generator_cExport-noconfig.cmake\n'}
[0.363173] (ur_commander) StdoutLine: {'line': b'-- Up-to-date: /dev_ws/install/share/ur_commander/cmake/export_ur_commander__rosidl_typesupport_fastrtps_cExport.cmake\n'}
[0.363206] (ur_commander) StdoutLine: {'line': b'-- Up-to-date: /dev_ws/install/share/ur_commander/cmake/export_ur_commander__rosidl_typesupport_fastrtps_cExport-noconfig.cmake\n'}
[0.363480] (ur_commander) StdoutLine: {'line': b'-- Up-to-date: /dev_ws/install/share/ur_commander/cmake/ur_commander__rosidl_typesupport_introspection_cExport.cmake\n'}
[0.363520] (easy_handeye2_msgs) StdoutLine: {'line': b'-- Up-to-date: /dev_ws/install/lib/libeasy_handeye2_msgs__rosidl_typesupport_c.so\n'}
[0.363557] (easy_handeye2_msgs) StdoutLine: {'line': b'-- Up-to-date: /dev_ws/install/include/easy_handeye2_msgs/easy_handeye2_msgs\n'}
[0.363592] (easy_handeye2_msgs) StdoutLine: {'line': b'-- Up-to-date: /dev_ws/install/include/easy_handeye2_msgs/easy_handeye2_msgs/msg\n'}
[0.363625] (easy_handeye2_msgs) StdoutLine: {'line': b'-- Up-to-date: /dev_ws/install/include/easy_handeye2_msgs/easy_handeye2_msgs/msg/sample.hpp\n'}
[0.363848] (easy_handeye2_msgs) StdoutLine: {'line': b'-- Up-to-date: /dev_ws/install/include/easy_handeye2_msgs/easy_handeye2_msgs/msg/handeye_calibration_parameters.hpp\n'}
[0.363919] (easy_handeye2_msgs) StdoutLine: {'line': b'-- Up-to-date: /dev_ws/install/include/easy_handeye2_msgs/easy_handeye2_msgs/msg/detail\n'}
[0.363955] (easy_handeye2_msgs) StdoutLine: {'line': b'-- Up-to-date: /dev_ws/install/include/easy_handeye2_msgs/easy_handeye2_msgs/msg/detail/handeye_calibration_parameters__builder.hpp\n'}
[0.363989] (easy_handeye2_msgs) StdoutLine: {'line': b'-- Up-to-date: /dev_ws/install/include/easy_handeye2_msgs/easy_handeye2_msgs/msg/detail/sample_list__traits.hpp\n'}
[0.364022] (easy_handeye2_msgs) StdoutLine: {'line': b'-- Up-to-date: /dev_ws/install/include/easy_handeye2_msgs/easy_handeye2_msgs/msg/detail/sample_list__builder.hpp\n'}
[0.364055] (easy_handeye2_msgs) StdoutLine: {'line': b'-- Up-to-date: /dev_ws/install/include/easy_handeye2_msgs/easy_handeye2_msgs/msg/detail/target_pose_list__type_support.hpp\n'}
[0.364087] (easy_handeye2_msgs) StdoutLine: {'line': b'-- Up-to-date: /dev_ws/install/include/easy_handeye2_msgs/easy_handeye2_msgs/msg/detail/handeye_calibration_parameters__type_support.hpp\n'}
[0.364122] (easy_handeye2_msgs) StdoutLine: {'line': b'-- Up-to-date: /dev_ws/install/include/easy_handeye2_msgs/easy_handeye2_msgs/msg/detail/sample__type_support.hpp\n'}
[0.364160] (easy_handeye2_msgs) StdoutLine: {'line': b'-- Up-to-date: /dev_ws/install/include/easy_handeye2_msgs/easy_handeye2_msgs/msg/detail/sample__builder.hpp\n'}
[0.364195] (easy_handeye2_msgs) StdoutLine: {'line': b'-- Up-to-date: /dev_ws/install/include/easy_handeye2_msgs/easy_handeye2_msgs/msg/detail/target_pose_list__struct.hpp\n'}
[0.364228] (easy_handeye2_msgs) StdoutLine: {'line': b'-- Up-to-date: /dev_ws/install/include/easy_handeye2_msgs/easy_handeye2_msgs/msg/detail/handeye_calibration__traits.hpp\n'}
[0.364261] (easy_handeye2_msgs) StdoutLine: {'line': b'-- Up-to-date: /dev_ws/install/include/easy_handeye2_msgs/easy_handeye2_msgs/msg/detail/sample_list__struct.hpp\n'}
[0.364293] (easy_handeye2_msgs) StdoutLine: {'line': b'-- Up-to-date: /dev_ws/install/include/easy_handeye2_msgs/easy_handeye2_msgs/msg/detail/handeye_calibration__type_support.hpp\n'}
[0.364326] (easy_handeye2_msgs) StdoutLine: {'line': b'-- Up-to-date: /dev_ws/install/include/easy_handeye2_msgs/easy_handeye2_msgs/msg/detail/sample_list__type_support.hpp\n'}
[0.364376] (easy_handeye2_msgs) StdoutLine: {'line': b'-- Up-to-date: /dev_ws/install/include/easy_handeye2_msgs/easy_handeye2_msgs/msg/detail/handeye_calibration__struct.hpp\n'}
[0.364410] (easy_handeye2_msgs) StdoutLine: {'line': b'-- Up-to-date: /dev_ws/install/include/easy_handeye2_msgs/easy_handeye2_msgs/msg/detail/sample__struct.hpp\n'}
[0.364442] (easy_handeye2_msgs) StdoutLine: {'line': b'-- Up-to-date: /dev_ws/install/include/easy_handeye2_msgs/easy_handeye2_msgs/msg/detail/handeye_calibration_parameters__traits.hpp\n'}
[0.364475] (easy_handeye2_msgs) StdoutLine: {'line': b'-- Up-to-date: /dev_ws/install/include/easy_handeye2_msgs/easy_handeye2_msgs/msg/detail/target_pose_list__traits.hpp\n'}
[0.364506] (easy_handeye2_msgs) StdoutLine: {'line': b'-- Up-to-date: /dev_ws/install/include/easy_handeye2_msgs/easy_handeye2_msgs/msg/detail/handeye_calibration_parameters__struct.hpp\n'}
[0.364538] (easy_handeye2_msgs) StdoutLine: {'line': b'-- Up-to-date: /dev_ws/install/include/easy_handeye2_msgs/easy_handeye2_msgs/msg/detail/target_pose_list__builder.hpp\n'}
[0.364570] (easy_handeye2_msgs) StdoutLine: {'line': b'-- Up-to-date: /dev_ws/install/include/easy_handeye2_msgs/easy_handeye2_msgs/msg/detail/sample__traits.hpp\n'}
[0.364602] (easy_handeye2_msgs) StdoutLine: {'line': b'-- Up-to-date: /dev_ws/install/include/easy_handeye2_msgs/easy_handeye2_msgs/msg/detail/handeye_calibration__builder.hpp\n'}
[0.364636] (easy_handeye2_msgs) StdoutLine: {'line': b'-- Up-to-date: /dev_ws/install/include/easy_handeye2_msgs/easy_handeye2_msgs/msg/rosidl_generator_cpp__visibility_control.hpp\n'}
[0.364682] (easy_handeye2_msgs) StdoutLine: {'line': b'-- Up-to-date: /dev_ws/install/include/easy_handeye2_msgs/easy_handeye2_msgs/msg/sample_list.hpp\n'}
[0.364715] (easy_handeye2_msgs) StdoutLine: {'line': b'-- Up-to-date: /dev_ws/install/include/easy_handeye2_msgs/easy_handeye2_msgs/msg/handeye_calibration.hpp\n'}
[0.364748] (easy_handeye2_msgs) StdoutLine: {'line': b'-- Up-to-date: /dev_ws/install/include/easy_handeye2_msgs/easy_handeye2_msgs/msg/target_pose_list.hpp\n'}
[0.364780] (easy_handeye2_msgs) StdoutLine: {'line': b'-- Up-to-date: /dev_ws/install/include/easy_handeye2_msgs/easy_handeye2_msgs/srv\n'}
[0.364812] (easy_handeye2_msgs) StdoutLine: {'line': b'-- Up-to-date: /dev_ws/install/include/easy_handeye2_msgs/easy_handeye2_msgs/srv/list_algorithms.hpp\n'}
[0.364848] (easy_handeye2_msgs) StdoutLine: {'line': b'-- Up-to-date: /dev_ws/install/include/easy_handeye2_msgs/easy_handeye2_msgs/srv/set_algorithm.hpp\n'}
[0.364879] (easy_handeye2_msgs) StdoutLine: {'line': b'-- Up-to-date: /dev_ws/install/include/easy_handeye2_msgs/easy_handeye2_msgs/srv/load_samples.hpp\n'}
[0.364921] (easy_handeye2_msgs) StdoutLine: {'line': b'-- Up-to-date: /dev_ws/install/include/easy_handeye2_msgs/easy_handeye2_msgs/srv/check_starting_pose.hpp\n'}
[0.364953] (easy_handeye2_msgs) StdoutLine: {'line': b'-- Up-to-date: /dev_ws/install/include/easy_handeye2_msgs/easy_handeye2_msgs/srv/enumerate_target_poses.hpp\n'}
[0.364986] (easy_handeye2_msgs) StdoutLine: {'line': b'-- Up-to-date: /dev_ws/install/include/easy_handeye2_msgs/easy_handeye2_msgs/srv/execute_plan.hpp\n'}
[0.365018] (ur_commander) StdoutLine: {'line': b'-- Up-to-date: /dev_ws/install/share/ur_commander/cmake/ur_commander__rosidl_typesupport_introspection_cExport-noconfig.cmake\n'}
[0.365119] (ur_commander) StdoutLine: {'line': b'-- Up-to-date: /dev_ws/install/share/ur_commander/cmake/ur_commander__rosidl_typesupport_cExport.cmake\n'}
[0.365164] (ur_commander) StdoutLine: {'line': b'-- Up-to-date: /dev_ws/install/share/ur_commander/cmake/ur_commander__rosidl_typesupport_cExport-noconfig.cmake\n'}
[0.365204] (ur_commander) StdoutLine: {'line': b'-- Up-to-date: /dev_ws/install/share/ur_commander/cmake/export_ur_commander__rosidl_generator_cppExport.cmake\n'}
[0.365237] (ur_commander) StdoutLine: {'line': b'-- Up-to-date: /dev_ws/install/share/ur_commander/cmake/export_ur_commander__rosidl_typesupport_fastrtps_cppExport.cmake\n'}
[0.365270] (ur_commander) StdoutLine: {'line': b'-- Up-to-date: /dev_ws/install/share/ur_commander/cmake/export_ur_commander__rosidl_typesupport_fastrtps_cppExport-noconfig.cmake\n'}
[0.365303] (ur_commander) StdoutLine: {'line': b'-- Up-to-date: /dev_ws/install/share/ur_commander/cmake/ur_commander__rosidl_typesupport_introspection_cppExport.cmake\n'}
[0.365335] (ur_commander) StdoutLine: {'line': b'-- Up-to-date: /dev_ws/install/share/ur_commander/cmake/ur_commander__rosidl_typesupport_introspection_cppExport-noconfig.cmake\n'}
[0.365367] (ur_commander) StdoutLine: {'line': b'-- Up-to-date: /dev_ws/install/share/ur_commander/cmake/ur_commander__rosidl_typesupport_cppExport.cmake\n'}
[0.365400] (ur_commander) StdoutLine: {'line': b'-- Up-to-date: /dev_ws/install/share/ur_commander/cmake/ur_commander__rosidl_typesupport_cppExport-noconfig.cmake\n'}
[0.365433] (easy_handeye2_msgs) StdoutLine: {'line': b'-- Up-to-date: /dev_ws/install/include/easy_handeye2_msgs/easy_handeye2_msgs/srv/detail\n'}
[0.365475] (easy_handeye2_msgs) StdoutLine: {'line': b'-- Up-to-date: /dev_ws/install/include/easy_handeye2_msgs/easy_handeye2_msgs/srv/detail/plan_to_selected_target_pose__traits.hpp\n'}
[0.365509] (easy_handeye2_msgs) StdoutLine: {'line': b'-- Up-to-date: /dev_ws/install/include/easy_handeye2_msgs/easy_handeye2_msgs/srv/detail/save_calibration__traits.hpp\n'}
[0.365544] (easy_handeye2_msgs) StdoutLine: {'line': b'-- Up-to-date: /dev_ws/install/include/easy_handeye2_msgs/easy_handeye2_msgs/srv/detail/take_sample__struct.hpp\n'}
[0.365577] (easy_handeye2_msgs) StdoutLine: {'line': b'-- Up-to-date: /dev_ws/install/include/easy_handeye2_msgs/easy_handeye2_msgs/srv/detail/save_calibration__type_support.hpp\n'}
[0.365655] (easy_handeye2_msgs) StdoutLine: {'line': b'-- Up-to-date: /dev_ws/install/include/easy_handeye2_msgs/easy_handeye2_msgs/srv/detail/check_starting_pose__builder.hpp\n'}
[0.365689] (easy_handeye2_msgs) StdoutLine: {'line': b'-- Up-to-date: /dev_ws/install/include/easy_handeye2_msgs/easy_handeye2_msgs/srv/detail/save_calibration__builder.hpp\n'}
[0.365722] (easy_handeye2_msgs) StdoutLine: {'line': b'-- Up-to-date: /dev_ws/install/include/easy_handeye2_msgs/easy_handeye2_msgs/srv/detail/list_algorithms__type_support.hpp\n'}
[0.365779] (easy_handeye2_msgs) StdoutLine: {'line': b'-- Up-to-date: /dev_ws/install/include/easy_handeye2_msgs/easy_handeye2_msgs/srv/detail/take_sample__type_support.hpp\n'}
[0.365812] (easy_handeye2_msgs) StdoutLine: {'line': b'-- Up-to-date: /dev_ws/install/include/easy_handeye2_msgs/easy_handeye2_msgs/srv/detail/remove_sample__traits.hpp\n'}
[0.365844] (easy_handeye2_msgs) StdoutLine: {'line': b'-- Up-to-date: /dev_ws/install/include/easy_handeye2_msgs/easy_handeye2_msgs/srv/detail/compute_calibration__builder.hpp\n'}
[0.365875] (easy_handeye2_msgs) StdoutLine: {'line': b'-- Up-to-date: /dev_ws/install/include/easy_handeye2_msgs/easy_handeye2_msgs/srv/detail/take_sample__builder.hpp\n'}
[0.365908] (easy_handeye2_msgs) StdoutLine: {'line': b'-- Up-to-date: /dev_ws/install/include/easy_handeye2_msgs/easy_handeye2_msgs/srv/detail/enumerate_target_poses__builder.hpp\n'}
[0.365940] (easy_handeye2_msgs) StdoutLine: {'line': b'-- Up-to-date: /dev_ws/install/include/easy_handeye2_msgs/easy_handeye2_msgs/srv/detail/plan_to_selected_target_pose__struct.hpp\n'}
[0.365973] (easy_handeye2_msgs) StdoutLine: {'line': b'-- Up-to-date: /dev_ws/install/include/easy_handeye2_msgs/easy_handeye2_msgs/srv/detail/save_samples__type_support.hpp\n'}
[0.366005] (easy_handeye2_msgs) StdoutLine: {'line': b'-- Up-to-date: /dev_ws/install/include/easy_handeye2_msgs/easy_handeye2_msgs/srv/detail/select_target_pose__struct.hpp\n'}
[0.366036] (easy_handeye2_msgs) StdoutLine: {'line': b'-- Up-to-date: /dev_ws/install/include/easy_handeye2_msgs/easy_handeye2_msgs/srv/detail/execute_plan__struct.hpp\n'}
[0.366068] (easy_handeye2_msgs) StdoutLine: {'line': b'-- Up-to-date: /dev_ws/install/include/easy_handeye2_msgs/easy_handeye2_msgs/srv/detail/load_samples__traits.hpp\n'}
[0.366101] (easy_handeye2_msgs) StdoutLine: {'line': b'-- Up-to-date: /dev_ws/install/include/easy_handeye2_msgs/easy_handeye2_msgs/srv/detail/list_algorithms__struct.hpp\n'}
[0.366138] (easy_handeye2_msgs) StdoutLine: {'line': b'-- Up-to-date: /dev_ws/install/include/easy_handeye2_msgs/easy_handeye2_msgs/srv/detail/load_samples__builder.hpp\n'}
[0.366176] (easy_handeye2_msgs) StdoutLine: {'line': b'-- Up-to-date: /dev_ws/install/include/easy_handeye2_msgs/easy_handeye2_msgs/srv/detail/set_algorithm__struct.hpp\n'}
[0.366210] (easy_handeye2_msgs) StdoutLine: {'line': b'-- Up-to-date: /dev_ws/install/include/easy_handeye2_msgs/easy_handeye2_msgs/srv/detail/set_algorithm__type_support.hpp\n'}
[0.366242] (easy_handeye2_msgs) StdoutLine: {'line': b'-- Up-to-date: /dev_ws/install/include/easy_handeye2_msgs/easy_handeye2_msgs/srv/detail/check_starting_pose__traits.hpp\n'}
[0.366276] (easy_handeye2_msgs) StdoutLine: {'line': b'-- Up-to-date: /dev_ws/install/include/easy_handeye2_msgs/easy_handeye2_msgs/srv/detail/take_sample__traits.hpp\n'}
[0.366309] (easy_handeye2_msgs) StdoutLine: {'line': b'-- Up-to-date: /dev_ws/install/include/easy_handeye2_msgs/easy_handeye2_msgs/srv/detail/remove_sample__builder.hpp\n'}
[0.366342] (easy_handeye2_msgs) StdoutLine: {'line': b'-- Up-to-date: /dev_ws/install/include/easy_handeye2_msgs/easy_handeye2_msgs/srv/detail/plan_to_selected_target_pose__builder.hpp\n'}
[0.366378] (easy_handeye2_msgs) StdoutLine: {'line': b'-- Up-to-date: /dev_ws/install/include/easy_handeye2_msgs/easy_handeye2_msgs/srv/detail/list_algorithms__traits.hpp\n'}
[0.366412] (easy_handeye2_msgs) StdoutLine: {'line': b'-- Up-to-date: /dev_ws/install/include/easy_handeye2_msgs/easy_handeye2_msgs/srv/detail/compute_calibration__type_support.hpp\n'}
[0.366448] (easy_handeye2_msgs) StdoutLine: {'line': b'-- Up-to-date: /dev_ws/install/include/easy_handeye2_msgs/easy_handeye2_msgs/srv/detail/execute_plan__builder.hpp\n'}
[0.366480] (easy_handeye2_msgs) StdoutLine: {'line': b'-- Up-to-date: /dev_ws/install/include/easy_handeye2_msgs/easy_handeye2_msgs/srv/detail/check_starting_pose__type_support.hpp\n'}
[0.366516] (easy_handeye2_msgs) StdoutLine: {'line': b'-- Up-to-date: /dev_ws/install/include/easy_handeye2_msgs/easy_handeye2_msgs/srv/detail/set_algorithm__builder.hpp\n'}
[0.366548] (easy_handeye2_msgs) StdoutLine: {'line': b'-- Up-to-date: /dev_ws/install/include/easy_handeye2_msgs/easy_handeye2_msgs/srv/detail/list_algorithms__builder.hpp\n'}
[0.366580] (easy_handeye2_msgs) StdoutLine: {'line': b'-- Up-to-date: /dev_ws/install/include/easy_handeye2_msgs/easy_handeye2_msgs/srv/detail/enumerate_target_poses__struct.hpp\n'}
[0.366614] (easy_handeye2_msgs) StdoutLine: {'line': b'-- Up-to-date: /dev_ws/install/include/easy_handeye2_msgs/easy_handeye2_msgs/srv/detail/compute_calibration__traits.hpp\n'}
[0.366647] (ur_commander) StdoutLine: {'line': b'-- Up-to-date: /dev_ws/install/share/ur_commander/cmake/export_ur_commander__rosidl_generator_pyExport.cmake\n'}
[0.366734] (ur_commander) StdoutLine: {'line': b'-- Up-to-date: /dev_ws/install/share/ur_commander/cmake/export_ur_commander__rosidl_generator_pyExport-noconfig.cmake\n'}
[0.366767] (ur_commander) StdoutLine: {'line': b'-- Up-to-date: /dev_ws/install/share/ur_commander/cmake/rosidl_cmake-extras.cmake\n'}
[0.366801] (ur_commander) StdoutLine: {'line': b'-- Up-to-date: /dev_ws/install/share/ur_commander/cmake/ament_cmake_export_dependencies-extras.cmake\n'}
[0.366834] (ur_commander) StdoutLine: {'line': b'-- Up-to-date: /dev_ws/install/share/ur_commander/cmake/ament_cmake_export_include_directories-extras.cmake\n'}
[0.366865] (ur_commander) StdoutLine: {'line': b'-- Up-to-date: /dev_ws/install/share/ur_commander/cmake/ament_cmake_export_libraries-extras.cmake\n'}
[0.366897] (ur_commander) StdoutLine: {'line': b'-- Up-to-date: /dev_ws/install/share/ur_commander/cmake/ament_cmake_export_targets-extras.cmake\n'}
[0.366930] (ur_commander) StdoutLine: {'line': b'-- Up-to-date: /dev_ws/install/share/ur_commander/cmake/rosidl_cmake_export_typesupport_targets-extras.cmake\n'}
[0.366972] (ur_commander) StdoutLine: {'line': b'-- Up-to-date: /dev_ws/install/share/ur_commander/cmake/rosidl_cmake_export_typesupport_libraries-extras.cmake\n'}
[0.367009] (ur_commander) StdoutLine: {'line': b'-- Up-to-date: /dev_ws/install/share/ur_commander/cmake/ur_commanderConfig.cmake\n'}
[0.367044] (ur_commander) StdoutLine: {'line': b'-- Up-to-date: /dev_ws/install/share/ur_commander/cmake/ur_commanderConfig-version.cmake\n'}
[0.367077] (ur_commander) StdoutLine: {'line': b'-- Up-to-date: /dev_ws/install/share/ur_commander/package.xml\n'}
[0.367111] (easy_handeye2_msgs) StdoutLine: {'line': b'-- Up-to-date: /dev_ws/install/include/easy_handeye2_msgs/easy_handeye2_msgs/srv/detail/remove_sample__struct.hpp\n'}
[0.367150] (easy_handeye2_msgs) StdoutLine: {'line': b'-- Up-to-date: /dev_ws/install/include/easy_handeye2_msgs/easy_handeye2_msgs/srv/detail/save_calibration__struct.hpp\n'}
[0.367185] (easy_handeye2_msgs) StdoutLine: {'line': b'-- Up-to-date: /dev_ws/install/include/easy_handeye2_msgs/easy_handeye2_msgs/srv/detail/enumerate_target_poses__traits.hpp\n'}
[0.367219] (easy_handeye2_msgs) StdoutLine: {'line': b'-- Up-to-date: /dev_ws/install/include/easy_handeye2_msgs/easy_handeye2_msgs/srv/detail/save_samples__traits.hpp\n'}
[0.367372] (easy_handeye2_msgs) StdoutLine: {'line': b'-- Up-to-date: /dev_ws/install/include/easy_handeye2_msgs/easy_handeye2_msgs/srv/detail/enumerate_target_poses__type_support.hpp\n'}
[0.367410] (easy_handeye2_msgs) StdoutLine: {'line': b'-- Up-to-date: /dev_ws/install/include/easy_handeye2_msgs/easy_handeye2_msgs/srv/detail/execute_plan__traits.hpp\n'}
[0.367479] (easy_handeye2_msgs) StdoutLine: {'line': b'-- Up-to-date: /dev_ws/install/include/easy_handeye2_msgs/easy_handeye2_msgs/srv/detail/select_target_pose__type_support.hpp\n'}
[0.367517] (easy_handeye2_msgs) StdoutLine: {'line': b'-- Up-to-date: /dev_ws/install/include/easy_handeye2_msgs/easy_handeye2_msgs/srv/detail/load_samples__struct.hpp\n'}
[0.367551] (easy_handeye2_msgs) StdoutLine: {'line': b'-- Up-to-date: /dev_ws/install/include/easy_handeye2_msgs/easy_handeye2_msgs/srv/detail/check_starting_pose__struct.hpp\n'}
[0.367584] (easy_handeye2_msgs) StdoutLine: {'line': b'-- Up-to-date: /dev_ws/install/include/easy_handeye2_msgs/easy_handeye2_msgs/srv/detail/plan_to_selected_target_pose__type_support.hpp\n'}
[0.367618] (easy_handeye2_msgs) StdoutLine: {'line': b'-- Up-to-date: /dev_ws/install/include/easy_handeye2_msgs/easy_handeye2_msgs/srv/detail/set_algorithm__traits.hpp\n'}
[0.367650] (easy_handeye2_msgs) StdoutLine: {'line': b'-- Up-to-date: /dev_ws/install/include/easy_handeye2_msgs/easy_handeye2_msgs/srv/detail/remove_sample__type_support.hpp\n'}
[0.367683] (easy_handeye2_msgs) StdoutLine: {'line': b'-- Up-to-date: /dev_ws/install/include/easy_handeye2_msgs/easy_handeye2_msgs/srv/detail/load_samples__type_support.hpp\n'}
[0.367715] (easy_handeye2_msgs) StdoutLine: {'line': b'-- Up-to-date: /dev_ws/install/include/easy_handeye2_msgs/easy_handeye2_msgs/srv/detail/save_samples__builder.hpp\n'}
[0.367748] (easy_handeye2_msgs) StdoutLine: {'line': b'-- Up-to-date: /dev_ws/install/include/easy_handeye2_msgs/easy_handeye2_msgs/srv/detail/select_target_pose__traits.hpp\n'}
[0.367781] (easy_handeye2_msgs) StdoutLine: {'line': b'-- Up-to-date: /dev_ws/install/include/easy_handeye2_msgs/easy_handeye2_msgs/srv/detail/select_target_pose__builder.hpp\n'}
[0.367813] (easy_handeye2_msgs) StdoutLine: {'line': b'-- Up-to-date: /dev_ws/install/include/easy_handeye2_msgs/easy_handeye2_msgs/srv/detail/compute_calibration__struct.hpp\n'}
[0.367845] (easy_handeye2_msgs) StdoutLine: {'line': b'-- Up-to-date: /dev_ws/install/include/easy_handeye2_msgs/easy_handeye2_msgs/srv/detail/save_samples__struct.hpp\n'}
[0.367877] (easy_handeye2_msgs) StdoutLine: {'line': b'-- Up-to-date: /dev_ws/install/include/easy_handeye2_msgs/easy_handeye2_msgs/srv/detail/execute_plan__type_support.hpp\n'}
[0.367914] (easy_handeye2_msgs) StdoutLine: {'line': b'-- Up-to-date: /dev_ws/install/include/easy_handeye2_msgs/easy_handeye2_msgs/srv/plan_to_selected_target_pose.hpp\n'}
[0.367946] (easy_handeye2_msgs) StdoutLine: {'line': b'-- Up-to-date: /dev_ws/install/include/easy_handeye2_msgs/easy_handeye2_msgs/srv/take_sample.hpp\n'}
[0.367978] (easy_handeye2_msgs) StdoutLine: {'line': b'-- Up-to-date: /dev_ws/install/include/easy_handeye2_msgs/easy_handeye2_msgs/srv/remove_sample.hpp\n'}
[0.368011] (easy_handeye2_msgs) StdoutLine: {'line': b'-- Up-to-date: /dev_ws/install/include/easy_handeye2_msgs/easy_handeye2_msgs/srv/save_samples.hpp\n'}
[0.368043] (easy_handeye2_msgs) StdoutLine: {'line': b'-- Up-to-date: /dev_ws/install/include/easy_handeye2_msgs/easy_handeye2_msgs/srv/save_calibration.hpp\n'}
[0.368076] (easy_handeye2_msgs) StdoutLine: {'line': b'-- Up-to-date: /dev_ws/install/include/easy_handeye2_msgs/easy_handeye2_msgs/srv/compute_calibration.hpp\n'}
[0.368108] (easy_handeye2_msgs) StdoutLine: {'line': b'-- Up-to-date: /dev_ws/install/include/easy_handeye2_msgs/easy_handeye2_msgs/srv/select_target_pose.hpp\n'}
[0.368145] (easy_handeye2_msgs) StdoutLine: {'line': b'-- Up-to-date: /dev_ws/install/include/easy_handeye2_msgs/easy_handeye2_msgs\n'}
[0.368178] (easy_handeye2_msgs) StdoutLine: {'line': b'-- Up-to-date: /dev_ws/install/include/easy_handeye2_msgs/easy_handeye2_msgs/msg\n'}
[0.368212] (easy_handeye2_msgs) StdoutLine: {'line': b'-- Up-to-date: /dev_ws/install/include/easy_handeye2_msgs/easy_handeye2_msgs/msg/detail\n'}
[0.368254] (easy_handeye2_msgs) StdoutLine: {'line': b'-- Up-to-date: /dev_ws/install/include/easy_handeye2_msgs/easy_handeye2_msgs/msg/detail/target_pose_list__rosidl_typesupport_fastrtps_cpp.hpp\n'}
[0.368291] (easy_handeye2_msgs) StdoutLine: {'line': b'-- Up-to-date: /dev_ws/install/include/easy_handeye2_msgs/easy_handeye2_msgs/msg/detail/sample__rosidl_typesupport_fastrtps_cpp.hpp\n'}
[0.368440] (easy_handeye2_msgs) StdoutLine: {'line': b'-- Up-to-date: /dev_ws/install/include/easy_handeye2_msgs/easy_handeye2_msgs/msg/detail/handeye_calibration__rosidl_typesupport_fastrtps_cpp.hpp\n'}
[0.368524] (easy_handeye2_msgs) StdoutLine: {'line': b'-- Up-to-date: /dev_ws/install/include/easy_handeye2_msgs/easy_handeye2_msgs/msg/detail/handeye_calibration_parameters__rosidl_typesupport_fastrtps_cpp.hpp\n'}
[0.368558] (easy_handeye2_msgs) StdoutLine: {'line': b'-- Up-to-date: /dev_ws/install/include/easy_handeye2_msgs/easy_handeye2_msgs/msg/detail/dds_fastrtps\n'}
[0.368592] (easy_handeye2_msgs) StdoutLine: {'line': b'-- Up-to-date: /dev_ws/install/include/easy_handeye2_msgs/easy_handeye2_msgs/msg/detail/sample_list__rosidl_typesupport_fastrtps_cpp.hpp\n'}
[0.368642] (easy_handeye2_msgs) StdoutLine: {'line': b'-- Up-to-date: /dev_ws/install/include/easy_handeye2_msgs/easy_handeye2_msgs/msg/rosidl_typesupport_fastrtps_cpp__visibility_control.h\n'}
[0.368675] (easy_handeye2_msgs) StdoutLine: {'line': b'-- Up-to-date: /dev_ws/install/include/easy_handeye2_msgs/easy_handeye2_msgs/srv\n'}
[0.368707] (easy_handeye2_msgs) StdoutLine: {'line': b'-- Up-to-date: /dev_ws/install/include/easy_handeye2_msgs/easy_handeye2_msgs/srv/detail\n'}
[0.368739] (easy_handeye2_msgs) StdoutLine: {'line': b'-- Up-to-date: /dev_ws/install/include/easy_handeye2_msgs/easy_handeye2_msgs/srv/detail/set_algorithm__rosidl_typesupport_fastrtps_cpp.hpp\n'}
[0.368818] (easy_handeye2_msgs) StdoutLine: {'line': b'-- Up-to-date: /dev_ws/install/include/easy_handeye2_msgs/easy_handeye2_msgs/srv/detail/select_target_pose__rosidl_typesupport_fastrtps_cpp.hpp\n'}
[0.368855] (easy_handeye2_msgs) StdoutLine: {'line': b'-- Up-to-date: /dev_ws/install/include/easy_handeye2_msgs/easy_handeye2_msgs/srv/detail/check_starting_pose__rosidl_typesupport_fastrtps_cpp.hpp\n'}
[0.368888] (easy_handeye2_msgs) StdoutLine: {'line': b'-- Up-to-date: /dev_ws/install/include/easy_handeye2_msgs/easy_handeye2_msgs/srv/detail/remove_sample__rosidl_typesupport_fastrtps_cpp.hpp\n'}
[0.368920] (easy_handeye2_msgs) StdoutLine: {'line': b'-- Up-to-date: /dev_ws/install/include/easy_handeye2_msgs/easy_handeye2_msgs/srv/detail/execute_plan__rosidl_typesupport_fastrtps_cpp.hpp\n'}
[0.368953] (easy_handeye2_msgs) StdoutLine: {'line': b'-- Up-to-date: /dev_ws/install/include/easy_handeye2_msgs/easy_handeye2_msgs/srv/detail/compute_calibration__rosidl_typesupport_fastrtps_cpp.hpp\n'}
[0.368985] (easy_handeye2_msgs) StdoutLine: {'line': b'-- Up-to-date: /dev_ws/install/include/easy_handeye2_msgs/easy_handeye2_msgs/srv/detail/list_algorithms__rosidl_typesupport_fastrtps_cpp.hpp\n'}
[0.369018] (easy_handeye2_msgs) StdoutLine: {'line': b'-- Up-to-date: /dev_ws/install/include/easy_handeye2_msgs/easy_handeye2_msgs/srv/detail/dds_fastrtps\n'}
[0.369049] (easy_handeye2_msgs) StdoutLine: {'line': b'-- Up-to-date: /dev_ws/install/include/easy_handeye2_msgs/easy_handeye2_msgs/srv/detail/enumerate_target_poses__rosidl_typesupport_fastrtps_cpp.hpp\n'}
[0.369081] (easy_handeye2_msgs) StdoutLine: {'line': b'-- Up-to-date: /dev_ws/install/include/easy_handeye2_msgs/easy_handeye2_msgs/srv/detail/save_calibration__rosidl_typesupport_fastrtps_cpp.hpp\n'}
[0.369113] (easy_handeye2_msgs) StdoutLine: {'line': b'-- Up-to-date: /dev_ws/install/include/easy_handeye2_msgs/easy_handeye2_msgs/srv/detail/load_samples__rosidl_typesupport_fastrtps_cpp.hpp\n'}
[0.369152] (easy_handeye2_msgs) StdoutLine: {'line': b'-- Up-to-date: /dev_ws/install/include/easy_handeye2_msgs/easy_handeye2_msgs/srv/detail/plan_to_selected_target_pose__rosidl_typesupport_fastrtps_cpp.hpp\n'}
[0.369187] (easy_handeye2_msgs) StdoutLine: {'line': b'-- Up-to-date: /dev_ws/install/include/easy_handeye2_msgs/easy_handeye2_msgs/srv/detail/take_sample__rosidl_typesupport_fastrtps_cpp.hpp\n'}
[0.369222] (easy_handeye2_msgs) StdoutLine: {'line': b'-- Up-to-date: /dev_ws/install/include/easy_handeye2_msgs/easy_handeye2_msgs/srv/detail/save_samples__rosidl_typesupport_fastrtps_cpp.hpp\n'}
[0.369266] (easy_handeye2_msgs) StdoutLine: {'line': b'-- Up-to-date: /dev_ws/install/lib/libeasy_handeye2_msgs__rosidl_typesupport_fastrtps_cpp.so\n'}
[0.369302] (easy_handeye2_msgs) StdoutLine: {'line': b'-- Up-to-date: /dev_ws/install/include/easy_handeye2_msgs/easy_handeye2_msgs\n'}
[0.369338] (easy_handeye2_msgs) StdoutLine: {'line': b'-- Up-to-date: /dev_ws/install/include/easy_handeye2_msgs/easy_handeye2_msgs/msg\n'}
[0.369372] (easy_handeye2_msgs) StdoutLine: {'line': b'-- Up-to-date: /dev_ws/install/include/easy_handeye2_msgs/easy_handeye2_msgs/msg/detail\n'}
[0.369405] (easy_handeye2_msgs) StdoutLine: {'line': b'-- Up-to-date: /dev_ws/install/include/easy_handeye2_msgs/easy_handeye2_msgs/msg/detail/handeye_calibration__type_support.cpp\n'}
[0.369439] (easy_handeye2_msgs) StdoutLine: {'line': b'-- Up-to-date: /dev_ws/install/include/easy_handeye2_msgs/easy_handeye2_msgs/msg/detail/sample__rosidl_typesupport_introspection_cpp.hpp\n'}
[0.369472] (easy_handeye2_msgs) StdoutLine: {'line': b'-- Up-to-date: /dev_ws/install/include/easy_handeye2_msgs/easy_handeye2_msgs/msg/detail/handeye_calibration__rosidl_typesupport_introspection_cpp.hpp\n'}
[0.369506] (easy_handeye2_msgs) StdoutLine: {'line': b'-- Up-to-date: /dev_ws/install/include/easy_handeye2_msgs/easy_handeye2_msgs/msg/detail/target_pose_list__type_support.cpp\n'}
[0.369539] (easy_handeye2_msgs) StdoutLine: {'line': b'-- Up-to-date: /dev_ws/install/include/easy_handeye2_msgs/easy_handeye2_msgs/msg/detail/sample__type_support.cpp\n'}
[0.369572] (easy_handeye2_msgs) StdoutLine: {'line': b'-- Up-to-date: /dev_ws/install/include/easy_handeye2_msgs/easy_handeye2_msgs/msg/detail/target_pose_list__rosidl_typesupport_introspection_cpp.hpp\n'}
[0.369606] (easy_handeye2_msgs) StdoutLine: {'line': b'-- Up-to-date: /dev_ws/install/include/easy_handeye2_msgs/easy_handeye2_msgs/msg/detail/handeye_calibration_parameters__type_support.cpp\n'}
[0.369639] (easy_handeye2_msgs) StdoutLine: {'line': b'-- Up-to-date: /dev_ws/install/include/easy_handeye2_msgs/easy_handeye2_msgs/msg/detail/sample_list__type_support.cpp\n'}
[0.369672] (easy_handeye2_msgs) StdoutLine: {'line': b'-- Up-to-date: /dev_ws/install/include/easy_handeye2_msgs/easy_handeye2_msgs/msg/detail/sample_list__rosidl_typesupport_introspection_cpp.hpp\n'}
[0.369756] (easy_handeye2_msgs) StdoutLine: {'line': b'-- Up-to-date: /dev_ws/install/include/easy_handeye2_msgs/easy_handeye2_msgs/msg/detail/handeye_calibration_parameters__rosidl_typesupport_introspection_cpp.hpp\n'}
[0.369795] (easy_handeye2_msgs) StdoutLine: {'line': b'-- Up-to-date: /dev_ws/install/include/easy_handeye2_msgs/easy_handeye2_msgs/srv\n'}
[0.369834] (easy_handeye2_msgs) StdoutLine: {'line': b'-- Up-to-date: /dev_ws/install/include/easy_handeye2_msgs/easy_handeye2_msgs/srv/detail\n'}
[0.369868] (easy_handeye2_msgs) StdoutLine: {'line': b'-- Up-to-date: /dev_ws/install/include/easy_handeye2_msgs/easy_handeye2_msgs/srv/detail/plan_to_selected_target_pose__rosidl_typesupport_introspection_cpp.hpp\n'}
[0.369904] (easy_handeye2_msgs) StdoutLine: {'line': b'-- Up-to-date: /dev_ws/install/include/easy_handeye2_msgs/easy_handeye2_msgs/srv/detail/save_samples__type_support.cpp\n'}
[0.369937] (easy_handeye2_msgs) StdoutLine: {'line': b'-- Up-to-date: /dev_ws/install/include/easy_handeye2_msgs/easy_handeye2_msgs/srv/detail/set_algorithm__rosidl_typesupport_introspection_cpp.hpp\n'}
[0.369971] (easy_handeye2_msgs) StdoutLine: {'line': b'-- Up-to-date: /dev_ws/install/include/easy_handeye2_msgs/easy_handeye2_msgs/srv/detail/set_algorithm__type_support.cpp\n'}
[0.370004] (easy_handeye2_msgs) StdoutLine: {'line': b'-- Up-to-date: /dev_ws/install/include/easy_handeye2_msgs/easy_handeye2_msgs/srv/detail/compute_calibration__rosidl_typesupport_introspection_cpp.hpp\n'}
[0.370037] (easy_handeye2_msgs) StdoutLine: {'line': b'-- Up-to-date: /dev_ws/install/include/easy_handeye2_msgs/easy_handeye2_msgs/srv/detail/take_sample__rosidl_typesupport_introspection_cpp.hpp\n'}
[0.370068] (easy_handeye2_msgs) StdoutLine: {'line': b'-- Up-to-date: /dev_ws/install/include/easy_handeye2_msgs/easy_handeye2_msgs/srv/detail/save_samples__rosidl_typesupport_introspection_cpp.hpp\n'}
[0.370103] (easy_handeye2_msgs) StdoutLine: {'line': b'-- Up-to-date: /dev_ws/install/include/easy_handeye2_msgs/easy_handeye2_msgs/srv/detail/enumerate_target_poses__type_support.cpp\n'}
[0.370139] (easy_handeye2_msgs) StdoutLine: {'line': b'-- Up-to-date: /dev_ws/install/include/easy_handeye2_msgs/easy_handeye2_msgs/srv/detail/select_target_pose__rosidl_typesupport_introspection_cpp.hpp\n'}
[0.370173] (easy_handeye2_msgs) StdoutLine: {'line': b'-- Up-to-date: /dev_ws/install/include/easy_handeye2_msgs/easy_handeye2_msgs/srv/detail/execute_plan__rosidl_typesupport_introspection_cpp.hpp\n'}
[0.370205] (easy_handeye2_msgs) StdoutLine: {'line': b'-- Up-to-date: /dev_ws/install/include/easy_handeye2_msgs/easy_handeye2_msgs/srv/detail/select_target_pose__type_support.cpp\n'}
[0.370243] (easy_handeye2_msgs) StdoutLine: {'line': b'-- Up-to-date: /dev_ws/install/include/easy_handeye2_msgs/easy_handeye2_msgs/srv/detail/save_calibration__rosidl_typesupport_introspection_cpp.hpp\n'}
[0.370276] (easy_handeye2_msgs) StdoutLine: {'line': b'-- Up-to-date: /dev_ws/install/include/easy_handeye2_msgs/easy_handeye2_msgs/srv/detail/load_samples__rosidl_typesupport_introspection_cpp.hpp\n'}
[0.370309] (easy_handeye2_msgs) StdoutLine: {'line': b'-- Up-to-date: /dev_ws/install/include/easy_handeye2_msgs/easy_handeye2_msgs/srv/detail/enumerate_target_poses__rosidl_typesupport_introspection_cpp.hpp\n'}
[0.370341] (easy_handeye2_msgs) StdoutLine: {'line': b'-- Up-to-date: /dev_ws/install/include/easy_handeye2_msgs/easy_handeye2_msgs/srv/detail/remove_sample__type_support.cpp\n'}
[0.370385] (easy_handeye2_msgs) StdoutLine: {'line': b'-- Up-to-date: /dev_ws/install/include/easy_handeye2_msgs/easy_handeye2_msgs/srv/detail/plan_to_selected_target_pose__type_support.cpp\n'}
[0.370419] (easy_handeye2_msgs) StdoutLine: {'line': b'-- Up-to-date: /dev_ws/install/include/easy_handeye2_msgs/easy_handeye2_msgs/srv/detail/check_starting_pose__rosidl_typesupport_introspection_cpp.hpp\n'}
[0.370452] (easy_handeye2_msgs) StdoutLine: {'line': b'-- Up-to-date: /dev_ws/install/include/easy_handeye2_msgs/easy_handeye2_msgs/srv/detail/list_algorithms__type_support.cpp\n'}
[0.370484] (easy_handeye2_msgs) StdoutLine: {'line': b'-- Up-to-date: /dev_ws/install/include/easy_handeye2_msgs/easy_handeye2_msgs/srv/detail/list_algorithms__rosidl_typesupport_introspection_cpp.hpp\n'}
[0.370516] (easy_handeye2_msgs) StdoutLine: {'line': b'-- Up-to-date: /dev_ws/install/include/easy_handeye2_msgs/easy_handeye2_msgs/srv/detail/execute_plan__type_support.cpp\n'}
[0.370548] (easy_handeye2_msgs) StdoutLine: {'line': b'-- Up-to-date: /dev_ws/install/include/easy_handeye2_msgs/easy_handeye2_msgs/srv/detail/take_sample__type_support.cpp\n'}
[0.370579] (easy_handeye2_msgs) StdoutLine: {'line': b'-- Up-to-date: /dev_ws/install/include/easy_handeye2_msgs/easy_handeye2_msgs/srv/detail/check_starting_pose__type_support.cpp\n'}
[0.370610] (easy_handeye2_msgs) StdoutLine: {'line': b'-- Up-to-date: /dev_ws/install/include/easy_handeye2_msgs/easy_handeye2_msgs/srv/detail/load_samples__type_support.cpp\n'}
[0.370642] (easy_handeye2_msgs) StdoutLine: {'line': b'-- Up-to-date: /dev_ws/install/include/easy_handeye2_msgs/easy_handeye2_msgs/srv/detail/remove_sample__rosidl_typesupport_introspection_cpp.hpp\n'}
[0.370674] (easy_handeye2_msgs) StdoutLine: {'line': b'-- Up-to-date: /dev_ws/install/include/easy_handeye2_msgs/easy_handeye2_msgs/srv/detail/save_calibration__type_support.cpp\n'}
[0.370707] (easy_handeye2_msgs) StdoutLine: {'line': b'-- Up-to-date: /dev_ws/install/include/easy_handeye2_msgs/easy_handeye2_msgs/srv/detail/compute_calibration__type_support.cpp\n'}
[0.370739] (easy_handeye2_msgs) StdoutLine: {'line': b'-- Up-to-date: /dev_ws/install/lib/libeasy_handeye2_msgs__rosidl_typesupport_introspection_cpp.so\n'}
[0.370771] (easy_handeye2_msgs) StdoutLine: {'line': b'-- Up-to-date: /dev_ws/install/lib/libeasy_handeye2_msgs__rosidl_typesupport_cpp.so\n'}
[0.370851] (easy_handeye2_msgs) StdoutLine: {'line': b'-- Up-to-date: /dev_ws/install/share/easy_handeye2_msgs/environment/pythonpath.sh\n'}
[0.370884] (easy_handeye2_msgs) StdoutLine: {'line': b'-- Up-to-date: /dev_ws/install/share/easy_handeye2_msgs/environment/pythonpath.dsv\n'}
[0.370917] (easy_handeye2_msgs) StdoutLine: {'line': b'-- Up-to-date: /dev_ws/install/local/lib/python3.10/dist-packages/easy_handeye2_msgs-0.5.0-py3.10.egg-info\n'}
[0.370957] (easy_handeye2_msgs) StdoutLine: {'line': b'-- Installing: /dev_ws/install/local/lib/python3.10/dist-packages/easy_handeye2_msgs-0.5.0-py3.10.egg-info/SOURCES.txt\n'}
[0.370990] (easy_handeye2_msgs) StdoutLine: {'line': b'-- Installing: /dev_ws/install/local/lib/python3.10/dist-packages/easy_handeye2_msgs-0.5.0-py3.10.egg-info/dependency_links.txt\n'}
[0.371022] (easy_handeye2_msgs) StdoutLine: {'line': b'-- Installing: /dev_ws/install/local/lib/python3.10/dist-packages/easy_handeye2_msgs-0.5.0-py3.10.egg-info/top_level.txt\n'}
[0.371054] (easy_handeye2_msgs) StdoutLine: {'line': b'-- Installing: /dev_ws/install/local/lib/python3.10/dist-packages/easy_handeye2_msgs-0.5.0-py3.10.egg-info/PKG-INFO\n'}
[0.371085] (easy_handeye2_msgs) StdoutLine: {'line': b'-- Up-to-date: /dev_ws/install/local/lib/python3.10/dist-packages/easy_handeye2_msgs\n'}
[0.371117] (easy_handeye2_msgs) StdoutLine: {'line': b'-- Up-to-date: /dev_ws/install/local/lib/python3.10/dist-packages/easy_handeye2_msgs/_easy_handeye2_msgs_s.ep.rosidl_typesupport_c.c\n'}
[0.371153] (easy_handeye2_msgs) StdoutLine: {'line': b'-- Up-to-date: /dev_ws/install/local/lib/python3.10/dist-packages/easy_handeye2_msgs/msg\n'}
[0.371186] (easy_handeye2_msgs) StdoutLine: {'line': b'-- Up-to-date: /dev_ws/install/local/lib/python3.10/dist-packages/easy_handeye2_msgs/msg/_handeye_calibration_parameters.py\n'}
[0.371218] (easy_handeye2_msgs) StdoutLine: {'line': b'-- Up-to-date: /dev_ws/install/local/lib/python3.10/dist-packages/easy_handeye2_msgs/msg/_handeye_calibration_s.c\n'}
[0.371297] (easy_handeye2_msgs) StdoutLine: {'line': b'-- Up-to-date: /dev_ws/install/local/lib/python3.10/dist-packages/easy_handeye2_msgs/msg/_target_pose_list.py\n'}
[0.371331] (easy_handeye2_msgs) StdoutLine: {'line': b'-- Up-to-date: /dev_ws/install/local/lib/python3.10/dist-packages/easy_handeye2_msgs/msg/_handeye_calibration.py\n'}
[0.371363] (easy_handeye2_msgs) StdoutLine: {'line': b'-- Up-to-date: /dev_ws/install/local/lib/python3.10/dist-packages/easy_handeye2_msgs/msg/_sample_list_s.c\n'}
[0.371396] (easy_handeye2_msgs) StdoutLine: {'line': b'-- Up-to-date: /dev_ws/install/local/lib/python3.10/dist-packages/easy_handeye2_msgs/msg/_sample.py\n'}
[0.371428] (easy_handeye2_msgs) StdoutLine: {'line': b'-- Up-to-date: /dev_ws/install/local/lib/python3.10/dist-packages/easy_handeye2_msgs/msg/_sample_list.py\n'}
[0.371460] (easy_handeye2_msgs) StdoutLine: {'line': b'-- Up-to-date: /dev_ws/install/local/lib/python3.10/dist-packages/easy_handeye2_msgs/msg/_handeye_calibration_parameters_s.c\n'}
[0.371493] (easy_handeye2_msgs) StdoutLine: {'line': b'-- Up-to-date: /dev_ws/install/local/lib/python3.10/dist-packages/easy_handeye2_msgs/msg/_sample_s.c\n'}
[0.371532] (easy_handeye2_msgs) StdoutLine: {'line': b'-- Up-to-date: /dev_ws/install/local/lib/python3.10/dist-packages/easy_handeye2_msgs/msg/__init__.py\n'}
[0.371564] (easy_handeye2_msgs) StdoutLine: {'line': b'-- Up-to-date: /dev_ws/install/local/lib/python3.10/dist-packages/easy_handeye2_msgs/msg/_target_pose_list_s.c\n'}
[0.371597] (easy_handeye2_msgs) StdoutLine: {'line': b'-- Up-to-date: /dev_ws/install/local/lib/python3.10/dist-packages/easy_handeye2_msgs/libeasy_handeye2_msgs__rosidl_generator_py.so\n'}
[0.371630] (easy_handeye2_msgs) StdoutLine: {'line': b'-- Up-to-date: /dev_ws/install/local/lib/python3.10/dist-packages/easy_handeye2_msgs/easy_handeye2_msgs_s__rosidl_typesupport_introspection_c.cpython-310-x86_64-linux-gnu.so\n'}
[0.371663] (easy_handeye2_msgs) StdoutLine: {'line': b'-- Up-to-date: /dev_ws/install/local/lib/python3.10/dist-packages/easy_handeye2_msgs/_easy_handeye2_msgs_s.ep.rosidl_typesupport_introspection_c.c\n'}
[0.371698] (easy_handeye2_msgs) StdoutLine: {'line': b'-- Up-to-date: /dev_ws/install/local/lib/python3.10/dist-packages/easy_handeye2_msgs/srv\n'}
[0.371730] (easy_handeye2_msgs) StdoutLine: {'line': b'-- Up-to-date: /dev_ws/install/local/lib/python3.10/dist-packages/easy_handeye2_msgs/srv/_enumerate_target_poses_s.c\n'}
[0.371763] (easy_handeye2_msgs) StdoutLine: {'line': b'-- Up-to-date: /dev_ws/install/local/lib/python3.10/dist-packages/easy_handeye2_msgs/srv/_compute_calibration_s.c\n'}
[0.371795] (easy_handeye2_msgs) StdoutLine: {'line': b'-- Up-to-date: /dev_ws/install/local/lib/python3.10/dist-packages/easy_handeye2_msgs/srv/_set_algorithm_s.c\n'}
[0.371827] (easy_handeye2_msgs) StdoutLine: {'line': b'-- Up-to-date: /dev_ws/install/local/lib/python3.10/dist-packages/easy_handeye2_msgs/srv/_list_algorithms_s.c\n'}
[0.371859] (easy_handeye2_msgs) StdoutLine: {'line': b'-- Up-to-date: /dev_ws/install/local/lib/python3.10/dist-packages/easy_handeye2_msgs/srv/_remove_sample.py\n'}
[0.371891] (easy_handeye2_msgs) StdoutLine: {'line': b'-- Up-to-date: /dev_ws/install/local/lib/python3.10/dist-packages/easy_handeye2_msgs/srv/_save_calibration.py\n'}
[0.371923] (easy_handeye2_msgs) StdoutLine: {'line': b'-- Up-to-date: /dev_ws/install/local/lib/python3.10/dist-packages/easy_handeye2_msgs/srv/_save_samples.py\n'}
[0.371954] (easy_handeye2_msgs) StdoutLine: {'line': b'-- Up-to-date: /dev_ws/install/local/lib/python3.10/dist-packages/easy_handeye2_msgs/srv/_take_sample_s.c\n'}
[0.371985] (easy_handeye2_msgs) StdoutLine: {'line': b'-- Up-to-date: /dev_ws/install/local/lib/python3.10/dist-packages/easy_handeye2_msgs/srv/_execute_plan.py\n'}
[0.372017] (easy_handeye2_msgs) StdoutLine: {'line': b'-- Up-to-date: /dev_ws/install/local/lib/python3.10/dist-packages/easy_handeye2_msgs/srv/_take_sample.py\n'}
[0.372052] (easy_handeye2_msgs) StdoutLine: {'line': b'-- Up-to-date: /dev_ws/install/local/lib/python3.10/dist-packages/easy_handeye2_msgs/srv/_set_algorithm.py\n'}
[0.372083] (easy_handeye2_msgs) StdoutLine: {'line': b'-- Up-to-date: /dev_ws/install/local/lib/python3.10/dist-packages/easy_handeye2_msgs/srv/_load_samples_s.c\n'}
[0.372209] (easy_handeye2_msgs) StdoutLine: {'line': b'-- Up-to-date: /dev_ws/install/local/lib/python3.10/dist-packages/easy_handeye2_msgs/srv/_load_samples.py\n'}
[0.372501] (easy_handeye2_msgs) StdoutLine: {'line': b'-- Up-to-date: /dev_ws/install/local/lib/python3.10/dist-packages/easy_handeye2_msgs/srv/_enumerate_target_poses.py\n'}
[0.372894] (easy_handeye2_msgs) StdoutLine: {'line': b'-- Up-to-date: /dev_ws/install/local/lib/python3.10/dist-packages/easy_handeye2_msgs/srv/_compute_calibration.py\n'}
[0.373076] (easy_handeye2_msgs) StdoutLine: {'line': b'-- Up-to-date: /dev_ws/install/local/lib/python3.10/dist-packages/easy_handeye2_msgs/srv/_execute_plan_s.c\n'}
[0.373188] (easy_handeye2_msgs) StdoutLine: {'line': b'-- Up-to-date: /dev_ws/install/local/lib/python3.10/dist-packages/easy_handeye2_msgs/srv/_save_calibration_s.c\n'}
[0.373326] (easy_handeye2_msgs) StdoutLine: {'line': b'-- Up-to-date: /dev_ws/install/local/lib/python3.10/dist-packages/easy_handeye2_msgs/srv/_plan_to_selected_target_pose.py\n'}
[0.373456] (easy_handeye2_msgs) StdoutLine: {'line': b'-- Up-to-date: /dev_ws/install/local/lib/python3.10/dist-packages/easy_handeye2_msgs/srv/_check_starting_pose.py\n'}
[0.373589] (easy_handeye2_msgs) StdoutLine: {'line': b'-- Up-to-date: /dev_ws/install/local/lib/python3.10/dist-packages/easy_handeye2_msgs/srv/_select_target_pose.py\n'}
[0.373937] (easy_handeye2_msgs) StdoutLine: {'line': b'-- Up-to-date: /dev_ws/install/local/lib/python3.10/dist-packages/easy_handeye2_msgs/srv/_remove_sample_s.c\n'}
[0.374201] (easy_handeye2_msgs) StdoutLine: {'line': b'-- Up-to-date: /dev_ws/install/local/lib/python3.10/dist-packages/easy_handeye2_msgs/srv/_plan_to_selected_target_pose_s.c\n'}
[0.374387] (easy_handeye2_msgs) StdoutLine: {'line': b'-- Up-to-date: /dev_ws/install/local/lib/python3.10/dist-packages/easy_handeye2_msgs/srv/_list_algorithms.py\n'}
[0.374504] (easy_handeye2_msgs) StdoutLine: {'line': b'-- Up-to-date: /dev_ws/install/local/lib/python3.10/dist-packages/easy_handeye2_msgs/srv/_check_starting_pose_s.c\n'}
[0.374789] (easy_handeye2_msgs) StdoutLine: {'line': b'-- Up-to-date: /dev_ws/install/local/lib/python3.10/dist-packages/easy_handeye2_msgs/srv/_select_target_pose_s.c\n'}
[0.374913] (easy_handeye2_msgs) StdoutLine: {'line': b'-- Up-to-date: /dev_ws/install/local/lib/python3.10/dist-packages/easy_handeye2_msgs/srv/_save_samples_s.c\n'}
[0.375024] (easy_handeye2_msgs) StdoutLine: {'line': b'-- Up-to-date: /dev_ws/install/local/lib/python3.10/dist-packages/easy_handeye2_msgs/srv/__init__.py\n'}
[0.375123] (easy_handeye2_msgs) StdoutLine: {'line': b'-- Up-to-date: /dev_ws/install/local/lib/python3.10/dist-packages/easy_handeye2_msgs/easy_handeye2_msgs_s__rosidl_typesupport_fastrtps_c.cpython-310-x86_64-linux-gnu.so\n'}
[0.375243] (easy_handeye2_msgs) StdoutLine: {'line': b'-- Up-to-date: /dev_ws/install/local/lib/python3.10/dist-packages/easy_handeye2_msgs/__init__.py\n'}
[0.375332] (easy_handeye2_msgs) StdoutLine: {'line': b'-- Up-to-date: /dev_ws/install/local/lib/python3.10/dist-packages/easy_handeye2_msgs/easy_handeye2_msgs_s__rosidl_typesupport_c.cpython-310-x86_64-linux-gnu.so\n'}
[0.375426] (easy_handeye2_msgs) StdoutLine: {'line': b'-- Up-to-date: /dev_ws/install/local/lib/python3.10/dist-packages/easy_handeye2_msgs/_easy_handeye2_msgs_s.ep.rosidl_typesupport_fastrtps_c.c\n'}
[0.375529] (ur_commander) CommandEnded: {'returncode': 0}
[0.391090] (ur_commander) JobEnded: {'identifier': 'ur_commander', 'rc': 0}
[0.392093] (easy_handeye2_msgs) StdoutLine: {'line': b"Listing '/dev_ws/install/local/lib/python3.10/dist-packages/easy_handeye2_msgs'...\n"}
[0.392261] (easy_handeye2_msgs) StdoutLine: {'line': b"Listing '/dev_ws/install/local/lib/python3.10/dist-packages/easy_handeye2_msgs/msg'...\n"}
[0.392354] (easy_handeye2_msgs) StdoutLine: {'line': b"Listing '/dev_ws/install/local/lib/python3.10/dist-packages/easy_handeye2_msgs/srv'...\n"}
[0.395672] (easy_handeye2_msgs) StdoutLine: {'line': b'-- Up-to-date: /dev_ws/install/local/lib/python3.10/dist-packages/easy_handeye2_msgs/easy_handeye2_msgs_s__rosidl_typesupport_fastrtps_c.cpython-310-x86_64-linux-gnu.so\n'}
[0.395853] (easy_handeye2_msgs) StdoutLine: {'line': b'-- Up-to-date: /dev_ws/install/local/lib/python3.10/dist-packages/easy_handeye2_msgs/easy_handeye2_msgs_s__rosidl_typesupport_introspection_c.cpython-310-x86_64-linux-gnu.so\n'}
[0.396064] (easy_handeye2_msgs) StdoutLine: {'line': b'-- Up-to-date: /dev_ws/install/local/lib/python3.10/dist-packages/easy_handeye2_msgs/easy_handeye2_msgs_s__rosidl_typesupport_c.cpython-310-x86_64-linux-gnu.so\n'}
[0.396345] (easy_handeye2_msgs) StdoutLine: {'line': b'-- Up-to-date: /dev_ws/install/lib/libeasy_handeye2_msgs__rosidl_generator_py.so\n'}
[0.396531] (easy_handeye2_msgs) StdoutLine: {'line': b'-- Up-to-date: /dev_ws/install/share/easy_handeye2_msgs/msg/HandeyeCalibration.idl\n'}
[0.396692] (easy_handeye2_msgs) StdoutLine: {'line': b'-- Up-to-date: /dev_ws/install/share/easy_handeye2_msgs/msg/HandeyeCalibrationParameters.idl\n'}
[0.396841] (easy_handeye2_msgs) StdoutLine: {'line': b'-- Up-to-date: /dev_ws/install/share/easy_handeye2_msgs/msg/Sample.idl\n'}
[0.396990] (easy_handeye2_msgs) StdoutLine: {'line': b'-- Up-to-date: /dev_ws/install/share/easy_handeye2_msgs/msg/SampleList.idl\n'}
[0.397142] (easy_handeye2_msgs) StdoutLine: {'line': b'-- Up-to-date: /dev_ws/install/share/easy_handeye2_msgs/msg/TargetPoseList.idl\n'}
[0.397283] (easy_handeye2_msgs) StdoutLine: {'line': b'-- Up-to-date: /dev_ws/install/share/easy_handeye2_msgs/srv/ListAlgorithms.idl\n'}
[0.397411] (easy_handeye2_msgs) StdoutLine: {'line': b'-- Up-to-date: /dev_ws/install/share/easy_handeye2_msgs/srv/SetAlgorithm.idl\n'}
[0.397535] (easy_handeye2_msgs) StdoutLine: {'line': b'-- Up-to-date: /dev_ws/install/share/easy_handeye2_msgs/srv/ComputeCalibration.idl\n'}
[0.397668] (easy_handeye2_msgs) StdoutLine: {'line': b'-- Up-to-date: /dev_ws/install/share/easy_handeye2_msgs/srv/SaveCalibration.idl\n'}
[0.397800] (easy_handeye2_msgs) StdoutLine: {'line': b'-- Up-to-date: /dev_ws/install/share/easy_handeye2_msgs/srv/RemoveSample.idl\n'}
[0.397922] (easy_handeye2_msgs) StdoutLine: {'line': b'-- Up-to-date: /dev_ws/install/share/easy_handeye2_msgs/srv/TakeSample.idl\n'}
[0.398044] (easy_handeye2_msgs) StdoutLine: {'line': b'-- Up-to-date: /dev_ws/install/share/easy_handeye2_msgs/srv/SaveSamples.idl\n'}
[0.398192] (easy_handeye2_msgs) StdoutLine: {'line': b'-- Up-to-date: /dev_ws/install/share/easy_handeye2_msgs/srv/LoadSamples.idl\n'}
[0.398315] (easy_handeye2_msgs) StdoutLine: {'line': b'-- Up-to-date: /dev_ws/install/share/easy_handeye2_msgs/srv/CheckStartingPose.idl\n'}
[0.398442] (easy_handeye2_msgs) StdoutLine: {'line': b'-- Up-to-date: /dev_ws/install/share/easy_handeye2_msgs/srv/EnumerateTargetPoses.idl\n'}
[0.398560] (easy_handeye2_msgs) StdoutLine: {'line': b'-- Up-to-date: /dev_ws/install/share/easy_handeye2_msgs/srv/SelectTargetPose.idl\n'}
[0.398694] (easy_handeye2_msgs) StdoutLine: {'line': b'-- Up-to-date: /dev_ws/install/share/easy_handeye2_msgs/srv/PlanToSelectedTargetPose.idl\n'}
[0.398813] (easy_handeye2_msgs) StdoutLine: {'line': b'-- Up-to-date: /dev_ws/install/share/easy_handeye2_msgs/srv/ExecutePlan.idl\n'}
[0.398925] (easy_handeye2_msgs) StdoutLine: {'line': b'-- Up-to-date: /dev_ws/install/share/easy_handeye2_msgs/msg/HandeyeCalibration.msg\n'}
[0.399059] (easy_handeye2_msgs) StdoutLine: {'line': b'-- Up-to-date: /dev_ws/install/share/easy_handeye2_msgs/msg/HandeyeCalibrationParameters.msg\n'}
[0.399198] (easy_handeye2_msgs) StdoutLine: {'line': b'-- Up-to-date: /dev_ws/install/share/easy_handeye2_msgs/msg/Sample.msg\n'}
[0.399284] (easy_handeye2_msgs) StdoutLine: {'line': b'-- Up-to-date: /dev_ws/install/share/easy_handeye2_msgs/msg/SampleList.msg\n'}
[0.399383] (easy_handeye2_msgs) StdoutLine: {'line': b'-- Up-to-date: /dev_ws/install/share/easy_handeye2_msgs/msg/TargetPoseList.msg\n'}
[0.399483] (easy_handeye2_msgs) StdoutLine: {'line': b'-- Up-to-date: /dev_ws/install/share/easy_handeye2_msgs/calibration/ListAlgorithms.srv\n'}
[0.399599] (easy_handeye2_msgs) StdoutLine: {'line': b'-- Up-to-date: /dev_ws/install/share/easy_handeye2_msgs/calibration/ListAlgorithms_Request.msg\n'}
[0.399726] (easy_handeye2_msgs) StdoutLine: {'line': b'-- Up-to-date: /dev_ws/install/share/easy_handeye2_msgs/calibration/ListAlgorithms_Response.msg\n'}
[0.399838] (easy_handeye2_msgs) StdoutLine: {'line': b'-- Up-to-date: /dev_ws/install/share/easy_handeye2_msgs/calibration/SetAlgorithm.srv\n'}
[0.399942] (-) TimerEvent: {}
[0.400090] (easy_handeye2_msgs) StdoutLine: {'line': b'-- Up-to-date: /dev_ws/install/share/easy_handeye2_msgs/calibration/SetAlgorithm_Request.msg\n'}
[0.400226] (easy_handeye2_msgs) StdoutLine: {'line': b'-- Up-to-date: /dev_ws/install/share/easy_handeye2_msgs/calibration/SetAlgorithm_Response.msg\n'}
[0.400332] (easy_handeye2_msgs) StdoutLine: {'line': b'-- Up-to-date: /dev_ws/install/share/easy_handeye2_msgs/calibration/ComputeCalibration.srv\n'}
[0.400433] (easy_handeye2_msgs) StdoutLine: {'line': b'-- Up-to-date: /dev_ws/install/share/easy_handeye2_msgs/calibration/ComputeCalibration_Request.msg\n'}
[0.400546] (easy_handeye2_msgs) StdoutLine: {'line': b'-- Up-to-date: /dev_ws/install/share/easy_handeye2_msgs/calibration/ComputeCalibration_Response.msg\n'}
[0.400660] (easy_handeye2_msgs) StdoutLine: {'line': b'-- Up-to-date: /dev_ws/install/share/easy_handeye2_msgs/calibration/SaveCalibration.srv\n'}
[0.400783] (easy_handeye2_msgs) StdoutLine: {'line': b'-- Up-to-date: /dev_ws/install/share/easy_handeye2_msgs/calibration/SaveCalibration_Request.msg\n'}
[0.400916] (easy_handeye2_msgs) StdoutLine: {'line': b'-- Up-to-date: /dev_ws/install/share/easy_handeye2_msgs/calibration/SaveCalibration_Response.msg\n'}
[0.401013] (easy_handeye2_msgs) StdoutLine: {'line': b'-- Up-to-date: /dev_ws/install/share/easy_handeye2_msgs/calibration/RemoveSample.srv\n'}
[0.401093] (easy_handeye2_msgs) StdoutLine: {'line': b'-- Up-to-date: /dev_ws/install/share/easy_handeye2_msgs/calibration/RemoveSample_Request.msg\n'}
[0.401194] (easy_handeye2_msgs) StdoutLine: {'line': b'-- Up-to-date: /dev_ws/install/share/easy_handeye2_msgs/calibration/RemoveSample_Response.msg\n'}
[0.401278] (easy_handeye2_msgs) StdoutLine: {'line': b'-- Up-to-date: /dev_ws/install/share/easy_handeye2_msgs/calibration/TakeSample.srv\n'}
[0.401360] (easy_handeye2_msgs) StdoutLine: {'line': b'-- Up-to-date: /dev_ws/install/share/easy_handeye2_msgs/calibration/TakeSample_Request.msg\n'}
[0.401440] (easy_handeye2_msgs) StdoutLine: {'line': b'-- Up-to-date: /dev_ws/install/share/easy_handeye2_msgs/calibration/TakeSample_Response.msg\n'}
[0.401520] (easy_handeye2_msgs) StdoutLine: {'line': b'-- Up-to-date: /dev_ws/install/share/easy_handeye2_msgs/calibration/SaveSamples.srv\n'}
[0.401600] (easy_handeye2_msgs) StdoutLine: {'line': b'-- Up-to-date: /dev_ws/install/share/easy_handeye2_msgs/calibration/SaveSamples_Request.msg\n'}
[0.401680] (easy_handeye2_msgs) StdoutLine: {'line': b'-- Up-to-date: /dev_ws/install/share/easy_handeye2_msgs/calibration/SaveSamples_Response.msg\n'}
[0.401761] (easy_handeye2_msgs) StdoutLine: {'line': b'-- Up-to-date: /dev_ws/install/share/easy_handeye2_msgs/calibration/LoadSamples.srv\n'}
[0.401843] (easy_handeye2_msgs) StdoutLine: {'line': b'-- Up-to-date: /dev_ws/install/share/easy_handeye2_msgs/calibration/LoadSamples_Request.msg\n'}
[0.401924] (easy_handeye2_msgs) StdoutLine: {'line': b'-- Up-to-date: /dev_ws/install/share/easy_handeye2_msgs/calibration/LoadSamples_Response.msg\n'}
[0.402005] (easy_handeye2_msgs) StdoutLine: {'line': b'-- Up-to-date: /dev_ws/install/share/easy_handeye2_msgs/robot_movements/CheckStartingPose.srv\n'}
[0.402087] (easy_handeye2_msgs) StdoutLine: {'line': b'-- Up-to-date: /dev_ws/install/share/easy_handeye2_msgs/robot_movements/CheckStartingPose_Request.msg\n'}
[0.402211] (easy_handeye2_msgs) StdoutLine: {'line': b'-- Up-to-date: /dev_ws/install/share/easy_handeye2_msgs/robot_movements/CheckStartingPose_Response.msg\n'}
[0.402491] (easy_handeye2_msgs) StdoutLine: {'line': b'-- Up-to-date: /dev_ws/install/share/easy_handeye2_msgs/robot_movements/EnumerateTargetPoses.srv\n'}
[0.402684] (easy_handeye2_msgs) StdoutLine: {'line': b'-- Up-to-date: /dev_ws/install/share/easy_handeye2_msgs/robot_movements/EnumerateTargetPoses_Request.msg\n'}
[0.403085] (easy_handeye2_msgs) StdoutLine: {'line': b'-- Up-to-date: /dev_ws/install/share/easy_handeye2_msgs/robot_movements/EnumerateTargetPoses_Response.msg\n'}
[0.403824] (easy_handeye2_msgs) StdoutLine: {'line': b'-- Up-to-date: /dev_ws/install/share/easy_handeye2_msgs/robot_movements/SelectTargetPose.srv\n'}
[0.403932] (easy_handeye2_msgs) StdoutLine: {'line': b'-- Up-to-date: /dev_ws/install/share/easy_handeye2_msgs/robot_movements/SelectTargetPose_Request.msg\n'}
[0.404085] (easy_handeye2_msgs) StdoutLine: {'line': b'-- Up-to-date: /dev_ws/install/share/easy_handeye2_msgs/robot_movements/SelectTargetPose_Response.msg\n'}
[0.404268] (easy_handeye2_msgs) StdoutLine: {'line': b'-- Up-to-date: /dev_ws/install/share/easy_handeye2_msgs/robot_movements/PlanToSelectedTargetPose.srv\n'}
[0.404519] (easy_handeye2_msgs) StdoutLine: {'line': b'-- Up-to-date: /dev_ws/install/share/easy_handeye2_msgs/robot_movements/PlanToSelectedTargetPose_Request.msg\n'}
[0.404619] (easy_handeye2_msgs) StdoutLine: {'line': b'-- Up-to-date: /dev_ws/install/share/easy_handeye2_msgs/robot_movements/PlanToSelectedTargetPose_Response.msg\n'}
[0.404723] (easy_handeye2_msgs) StdoutLine: {'line': b'-- Up-to-date: /dev_ws/install/share/easy_handeye2_msgs/robot_movements/ExecutePlan.srv\n'}
[0.404852] (easy_handeye2_msgs) StdoutLine: {'line': b'-- Up-to-date: /dev_ws/install/share/easy_handeye2_msgs/robot_movements/ExecutePlan_Request.msg\n'}
[0.405021] (easy_handeye2_msgs) StdoutLine: {'line': b'-- Up-to-date: /dev_ws/install/share/easy_handeye2_msgs/robot_movements/ExecutePlan_Response.msg\n'}
[0.405181] (easy_handeye2_msgs) StdoutLine: {'line': b'-- Up-to-date: /dev_ws/install/share/ament_index/resource_index/package_run_dependencies/easy_handeye2_msgs\n'}
[0.405330] (easy_handeye2_msgs) StdoutLine: {'line': b'-- Up-to-date: /dev_ws/install/share/ament_index/resource_index/parent_prefix_path/easy_handeye2_msgs\n'}
[0.405463] (easy_handeye2_msgs) StdoutLine: {'line': b'-- Up-to-date: /dev_ws/install/share/easy_handeye2_msgs/environment/ament_prefix_path.sh\n'}
[0.405620] (easy_handeye2_msgs) StdoutLine: {'line': b'-- Up-to-date: /dev_ws/install/share/easy_handeye2_msgs/environment/ament_prefix_path.dsv\n'}
[0.405822] (easy_handeye2_msgs) StdoutLine: {'line': b'-- Up-to-date: /dev_ws/install/share/easy_handeye2_msgs/environment/path.sh\n'}
[0.405950] (easy_handeye2_msgs) StdoutLine: {'line': b'-- Up-to-date: /dev_ws/install/share/easy_handeye2_msgs/environment/path.dsv\n'}
[0.406091] (easy_handeye2_msgs) StdoutLine: {'line': b'-- Up-to-date: /dev_ws/install/share/easy_handeye2_msgs/local_setup.bash\n'}
[0.406223] (easy_handeye2_msgs) StdoutLine: {'line': b'-- Up-to-date: /dev_ws/install/share/easy_handeye2_msgs/local_setup.sh\n'}
[0.406357] (easy_handeye2_msgs) StdoutLine: {'line': b'-- Up-to-date: /dev_ws/install/share/easy_handeye2_msgs/local_setup.zsh\n'}
[0.406482] (easy_handeye2_msgs) StdoutLine: {'line': b'-- Up-to-date: /dev_ws/install/share/easy_handeye2_msgs/local_setup.dsv\n'}
[0.406616] (easy_handeye2_msgs) StdoutLine: {'line': b'-- Installing: /dev_ws/install/share/easy_handeye2_msgs/package.dsv\n'}
[0.406750] (easy_handeye2_msgs) StdoutLine: {'line': b'-- Up-to-date: /dev_ws/install/share/ament_index/resource_index/packages/easy_handeye2_msgs\n'}
[0.406873] (easy_handeye2_msgs) StdoutLine: {'line': b'-- Up-to-date: /dev_ws/install/share/easy_handeye2_msgs/cmake/export_easy_handeye2_msgs__rosidl_generator_cExport.cmake\n'}
[0.407008] (easy_handeye2_msgs) StdoutLine: {'line': b'-- Up-to-date: /dev_ws/install/share/easy_handeye2_msgs/cmake/export_easy_handeye2_msgs__rosidl_generator_cExport-noconfig.cmake\n'}
[0.407168] (easy_handeye2_msgs) StdoutLine: {'line': b'-- Up-to-date: /dev_ws/install/share/easy_handeye2_msgs/cmake/export_easy_handeye2_msgs__rosidl_typesupport_fastrtps_cExport.cmake\n'}
[0.407301] (easy_handeye2_msgs) StdoutLine: {'line': b'-- Up-to-date: /dev_ws/install/share/easy_handeye2_msgs/cmake/export_easy_handeye2_msgs__rosidl_typesupport_fastrtps_cExport-noconfig.cmake\n'}
[0.407417] (easy_handeye2_msgs) StdoutLine: {'line': b'-- Up-to-date: /dev_ws/install/share/easy_handeye2_msgs/cmake/easy_handeye2_msgs__rosidl_typesupport_introspection_cExport.cmake\n'}
[0.407536] (easy_handeye2_msgs) StdoutLine: {'line': b'-- Up-to-date: /dev_ws/install/share/easy_handeye2_msgs/cmake/easy_handeye2_msgs__rosidl_typesupport_introspection_cExport-noconfig.cmake\n'}
[0.407644] (easy_handeye2_msgs) StdoutLine: {'line': b'-- Up-to-date: /dev_ws/install/share/easy_handeye2_msgs/cmake/easy_handeye2_msgs__rosidl_typesupport_cExport.cmake\n'}
[0.407776] (easy_handeye2_msgs) StdoutLine: {'line': b'-- Up-to-date: /dev_ws/install/share/easy_handeye2_msgs/cmake/easy_handeye2_msgs__rosidl_typesupport_cExport-noconfig.cmake\n'}
[0.407896] (easy_handeye2_msgs) StdoutLine: {'line': b'-- Up-to-date: /dev_ws/install/share/easy_handeye2_msgs/cmake/export_easy_handeye2_msgs__rosidl_generator_cppExport.cmake\n'}
[0.408011] (easy_handeye2_msgs) StdoutLine: {'line': b'-- Up-to-date: /dev_ws/install/share/easy_handeye2_msgs/cmake/export_easy_handeye2_msgs__rosidl_typesupport_fastrtps_cppExport.cmake\n'}
[0.408125] (easy_handeye2_msgs) StdoutLine: {'line': b'-- Up-to-date: /dev_ws/install/share/easy_handeye2_msgs/cmake/export_easy_handeye2_msgs__rosidl_typesupport_fastrtps_cppExport-noconfig.cmake\n'}
[0.408277] (easy_handeye2_msgs) StdoutLine: {'line': b'-- Up-to-date: /dev_ws/install/share/easy_handeye2_msgs/cmake/easy_handeye2_msgs__rosidl_typesupport_introspection_cppExport.cmake\n'}
[0.408431] (easy_handeye2_msgs) StdoutLine: {'line': b'-- Up-to-date: /dev_ws/install/share/easy_handeye2_msgs/cmake/easy_handeye2_msgs__rosidl_typesupport_introspection_cppExport-noconfig.cmake\n'}
[0.408547] (easy_handeye2_msgs) StdoutLine: {'line': b'-- Up-to-date: /dev_ws/install/share/easy_handeye2_msgs/cmake/easy_handeye2_msgs__rosidl_typesupport_cppExport.cmake\n'}
[0.408658] (easy_handeye2_msgs) StdoutLine: {'line': b'-- Up-to-date: /dev_ws/install/share/easy_handeye2_msgs/cmake/easy_handeye2_msgs__rosidl_typesupport_cppExport-noconfig.cmake\n'}
[0.408774] (easy_handeye2_msgs) StdoutLine: {'line': b'-- Up-to-date: /dev_ws/install/share/easy_handeye2_msgs/cmake/export_easy_handeye2_msgs__rosidl_generator_pyExport.cmake\n'}
[0.408892] (easy_handeye2_msgs) StdoutLine: {'line': b'-- Up-to-date: /dev_ws/install/share/easy_handeye2_msgs/cmake/export_easy_handeye2_msgs__rosidl_generator_pyExport-noconfig.cmake\n'}
[0.408974] (easy_handeye2_msgs) StdoutLine: {'line': b'-- Up-to-date: /dev_ws/install/share/easy_handeye2_msgs/cmake/rosidl_cmake-extras.cmake\n'}
[0.409084] (easy_handeye2_msgs) StdoutLine: {'line': b'-- Up-to-date: /dev_ws/install/share/easy_handeye2_msgs/cmake/ament_cmake_export_dependencies-extras.cmake\n'}
[0.409232] (easy_handeye2_msgs) StdoutLine: {'line': b'-- Up-to-date: /dev_ws/install/share/easy_handeye2_msgs/cmake/ament_cmake_export_include_directories-extras.cmake\n'}
[0.409394] (easy_handeye2_msgs) StdoutLine: {'line': b'-- Up-to-date: /dev_ws/install/share/easy_handeye2_msgs/cmake/ament_cmake_export_libraries-extras.cmake\n'}
[0.409511] (easy_handeye2_msgs) StdoutLine: {'line': b'-- Up-to-date: /dev_ws/install/share/easy_handeye2_msgs/cmake/ament_cmake_export_targets-extras.cmake\n'}
[0.409630] (easy_handeye2_msgs) StdoutLine: {'line': b'-- Up-to-date: /dev_ws/install/share/easy_handeye2_msgs/cmake/rosidl_cmake_export_typesupport_targets-extras.cmake\n'}
[0.409779] (easy_handeye2_msgs) StdoutLine: {'line': b'-- Up-to-date: /dev_ws/install/share/easy_handeye2_msgs/cmake/rosidl_cmake_export_typesupport_libraries-extras.cmake\n'}
[0.409871] (easy_handeye2_msgs) StdoutLine: {'line': b'-- Up-to-date: /dev_ws/install/share/easy_handeye2_msgs/cmake/easy_handeye2_msgsConfig.cmake\n'}
[0.409991] (easy_handeye2_msgs) StdoutLine: {'line': b'-- Up-to-date: /dev_ws/install/share/easy_handeye2_msgs/cmake/easy_handeye2_msgsConfig-version.cmake\n'}
[0.410114] (easy_handeye2_msgs) StdoutLine: {'line': b'-- Up-to-date: /dev_ws/install/share/easy_handeye2_msgs/package.xml\n'}
[0.410257] (easy_handeye2_msgs) CommandEnded: {'returncode': 0}
[0.425892] (pymoveit2) StdoutLine: {'line': b'-- Found Python3: /usr/bin/python3 (found version "3.10.12") found components: Interpreter \n'}
[0.430801] (easy_handeye2_msgs) JobEnded: {'identifier': 'easy_handeye2_msgs', 'rc': 0}
[0.431619] (easy_handeye2) JobStarted: {'identifier': 'easy_handeye2'}
[0.433380] (ur_moveit_config) StdoutLine: {'line': b'-- Found Python3: /usr/bin/python3 (found version "3.10.12") found components: Interpreter \n'}
[0.435327] (ur_dashboard_msgs) StdoutLine: {'line': b'-- Found Python3: /usr/bin/python3 (found version "3.10.12") found components: Interpreter \n'}
[0.500150] (-) TimerEvent: {}
[0.512917] (ur_dashboard_msgs) StdoutLine: {'line': b'-- Found rosidl_default_generators: 1.2.0 (/opt/ros/humble/share/rosidl_default_generators/cmake)\n'}
[0.515670] (ur_dashboard_msgs) StdoutLine: {'line': b'-- Using all available rosidl_typesupport_c: rosidl_typesupport_fastrtps_c;rosidl_typesupport_introspection_c\n'}
[0.521724] (ur_dashboard_msgs) StdoutLine: {'line': b'-- Found rosidl_adapter: 3.1.6 (/opt/ros/humble/share/rosidl_adapter/cmake)\n'}
[0.554508] (ur_dashboard_msgs) StdoutLine: {'line': b'-- Using all available rosidl_typesupport_cpp: rosidl_typesupport_fastrtps_cpp;rosidl_typesupport_introspection_cpp\n'}
[0.582292] (ur_dashboard_msgs) StdoutLine: {'line': b'-- Found action_msgs: 1.2.1 (/opt/ros/humble/share/action_msgs/cmake)\n'}
[0.600316] (-) TimerEvent: {}
[0.616540] (pymoveit2) StdoutLine: {'line': b'-- Configuring done\n'}
[0.618900] (pymoveit2) StdoutLine: {'line': b'-- Generating done\n'}
[0.620303] (pymoveit2) StdoutLine: {'line': b'-- Build files have been written to: /dev_ws/build/pymoveit2\n'}
[0.625433] (pymoveit2) CommandEnded: {'returncode': 0}
[0.625998] (pymoveit2) JobProgress: {'identifier': 'pymoveit2', 'progress': 'build'}
[0.626270] (pymoveit2) Command: {'cmd': ['/usr/bin/cmake', '--build', '/dev_ws/build/pymoveit2', '--', '-j20', '-l20'], 'cwd': '/dev_ws/build/pymoveit2', 'env': OrderedDict([('HOSTNAME', 'prottay-Pulse-15-B13VFK'), ('SHLVL', '2'), ('LD_LIBRARY_PATH', '/dev_ws/install/lib:/opt/ros/humble/opt/rviz_ogre_vendor/lib:/opt/ros/humble/lib/x86_64-linux-gnu:/opt/ros/humble/lib'), ('HOME', '/home/prottay'), ('OLDPWD', '/dev_ws/src'), ('ROS_PYTHON_VERSION', '3'), ('COLORTERM', 'truecolor'), ('COLCON_PREFIX_PATH', '/dev_ws/install'), ('ROS_DISTRO', 'humble'), ('_', '/usr/bin/colcon'), ('ROS_VERSION', '2'), ('NVIDIA_DRIVER_CAPABILITIES', 'compute,display,graphics,utility,video'), ('TERM', 'xterm-256color'), ('ROS_LOCALHOST_ONLY', '1'), ('QT_X11_NO_MITSHM', '1'), ('PATH', '/opt/ros/humble/bin:/usr/local/sbin:/usr/local/bin:/usr/sbin:/usr/bin:/sbin:/bin'), ('DISPLAY', ':1'), ('LANG', 'C.UTF-8'), ('RMW_IMPLEMENTATION', 'rmw_fastrtps_cpp'), ('LS_COLORS', 'rs=0:di=01;34:ln=01;36:mh=00:pi=40;33:so=01;35:do=01;35:bd=40;33;01:cd=40;33;01:or=40;31;01:mi=00:su=37;41:sg=30;43:ca=30;41:tw=30;42:ow=34;42:st=37;44:ex=01;32:*.tar=01;31:*.tgz=01;31:*.arc=01;31:*.arj=01;31:*.taz=01;31:*.lha=01;31:*.lz4=01;31:*.lzh=01;31:*.lzma=01;31:*.tlz=01;31:*.txz=01;31:*.tzo=01;31:*.t7z=01;31:*.zip=01;31:*.z=01;31:*.dz=01;31:*.gz=01;31:*.lrz=01;31:*.lz=01;31:*.lzo=01;31:*.xz=01;31:*.zst=01;31:*.tzst=01;31:*.bz2=01;31:*.bz=01;31:*.tbz=01;31:*.tbz2=01;31:*.tz=01;31:*.deb=01;31:*.rpm=01;31:*.jar=01;31:*.war=01;31:*.ear=01;31:*.sar=01;31:*.rar=01;31:*.alz=01;31:*.ace=01;31:*.zoo=01;31:*.cpio=01;31:*.7z=01;31:*.rz=01;31:*.cab=01;31:*.wim=01;31:*.swm=01;31:*.dwm=01;31:*.esd=01;31:*.jpg=01;35:*.jpeg=01;35:*.mjpg=01;35:*.mjpeg=01;35:*.gif=01;35:*.bmp=01;35:*.pbm=01;35:*.pgm=01;35:*.ppm=01;35:*.tga=01;35:*.xbm=01;35:*.xpm=01;35:*.tif=01;35:*.tiff=01;35:*.png=01;35:*.svg=01;35:*.svgz=01;35:*.mng=01;35:*.pcx=01;35:*.mov=01;35:*.mpg=01;35:*.mpeg=01;35:*.m2v=01;35:*.mkv=01;35:*.webm=01;35:*.webp=01;35:*.ogm=01;35:*.mp4=01;35:*.m4v=01;35:*.mp4v=01;35:*.vob=01;35:*.qt=01;35:*.nuv=01;35:*.wmv=01;35:*.asf=01;35:*.rm=01;35:*.rmvb=01;35:*.flc=01;35:*.avi=01;35:*.fli=01;35:*.flv=01;35:*.gl=01;35:*.dl=01;35:*.xcf=01;35:*.xwd=01;35:*.yuv=01;35:*.cgm=01;35:*.emf=01;35:*.ogv=01;35:*.ogx=01;35:*.aac=00;36:*.au=00;36:*.flac=00;36:*.m4a=00;36:*.mid=00;36:*.midi=00;36:*.mka=00;36:*.mp3=00;36:*.mpc=00;36:*.ogg=00;36:*.ra=00;36:*.wav=00;36:*.oga=00;36:*.opus=00;36:*.spx=00;36:*.xspf=00;36:'), ('ROS_DOMAIN_ID', '0'), ('AMENT_PREFIX_PATH', '/dev_ws/install:/opt/ros/humble'), ('DEBIAN_FRONTEND', 'noninteractive'), ('TERMINATOR_UUID', 'urn:uuid:f94316ff-644a-45a6-8ebc-68eacf2d4390'), ('PWD', '/dev_ws/build/pymoveit2'), ('LC_ALL', 'C.UTF-8'), ('PYTHONPATH', '/dev_ws/build/easy_handeye2:/dev_ws/install/lib/python3.10/site-packages:/dev_ws/install/local/lib/python3.10/dist-packages:/opt/ros/humble/lib/python3.10/site-packages:/opt/ros/humble/local/lib/python3.10/dist-packages'), ('NVIDIA_VISIBLE_DEVICES', 'all'), ('COLCON', '1'), ('VTE_VERSION', '6800'), ('CMAKE_PREFIX_PATH', '/dev_ws/install:/opt/ros/humble')]), 'shell': False}
[0.631235] (ur_moveit_config) StdoutLine: {'line': b'-- Configuring done\n'}
[0.635290] (ur_moveit_config) StdoutLine: {'line': b'-- Generating done\n'}
[0.638102] (ur_moveit_config) StdoutLine: {'line': b'-- Build files have been written to: /dev_ws/build/ur_moveit_config\n'}
[0.641404] (ur_moveit_config) CommandEnded: {'returncode': 0}
[0.641808] (ur_moveit_config) JobProgress: {'identifier': 'ur_moveit_config', 'progress': 'build'}
[0.642213] (ur_moveit_config) Command: {'cmd': ['/usr/bin/cmake', '--build', '/dev_ws/build/ur_moveit_config', '--', '-j20', '-l20'], 'cwd': '/dev_ws/build/ur_moveit_config', 'env': OrderedDict([('HOSTNAME', 'prottay-Pulse-15-B13VFK'), ('SHLVL', '2'), ('LD_LIBRARY_PATH', '/dev_ws/install/lib:/opt/ros/humble/opt/rviz_ogre_vendor/lib:/opt/ros/humble/lib/x86_64-linux-gnu:/opt/ros/humble/lib'), ('HOME', '/home/prottay'), ('OLDPWD', '/dev_ws/src'), ('ROS_PYTHON_VERSION', '3'), ('COLORTERM', 'truecolor'), ('COLCON_PREFIX_PATH', '/dev_ws/install'), ('ROS_DISTRO', 'humble'), ('_', '/usr/bin/colcon'), ('ROS_VERSION', '2'), ('NVIDIA_DRIVER_CAPABILITIES', 'compute,display,graphics,utility,video'), ('TERM', 'xterm-256color'), ('ROS_LOCALHOST_ONLY', '1'), ('QT_X11_NO_MITSHM', '1'), ('PATH', '/opt/ros/humble/bin:/usr/local/sbin:/usr/local/bin:/usr/sbin:/usr/bin:/sbin:/bin'), ('DISPLAY', ':1'), ('LANG', 'C.UTF-8'), ('RMW_IMPLEMENTATION', 'rmw_fastrtps_cpp'), ('LS_COLORS', 'rs=0:di=01;34:ln=01;36:mh=00:pi=40;33:so=01;35:do=01;35:bd=40;33;01:cd=40;33;01:or=40;31;01:mi=00:su=37;41:sg=30;43:ca=30;41:tw=30;42:ow=34;42:st=37;44:ex=01;32:*.tar=01;31:*.tgz=01;31:*.arc=01;31:*.arj=01;31:*.taz=01;31:*.lha=01;31:*.lz4=01;31:*.lzh=01;31:*.lzma=01;31:*.tlz=01;31:*.txz=01;31:*.tzo=01;31:*.t7z=01;31:*.zip=01;31:*.z=01;31:*.dz=01;31:*.gz=01;31:*.lrz=01;31:*.lz=01;31:*.lzo=01;31:*.xz=01;31:*.zst=01;31:*.tzst=01;31:*.bz2=01;31:*.bz=01;31:*.tbz=01;31:*.tbz2=01;31:*.tz=01;31:*.deb=01;31:*.rpm=01;31:*.jar=01;31:*.war=01;31:*.ear=01;31:*.sar=01;31:*.rar=01;31:*.alz=01;31:*.ace=01;31:*.zoo=01;31:*.cpio=01;31:*.7z=01;31:*.rz=01;31:*.cab=01;31:*.wim=01;31:*.swm=01;31:*.dwm=01;31:*.esd=01;31:*.jpg=01;35:*.jpeg=01;35:*.mjpg=01;35:*.mjpeg=01;35:*.gif=01;35:*.bmp=01;35:*.pbm=01;35:*.pgm=01;35:*.ppm=01;35:*.tga=01;35:*.xbm=01;35:*.xpm=01;35:*.tif=01;35:*.tiff=01;35:*.png=01;35:*.svg=01;35:*.svgz=01;35:*.mng=01;35:*.pcx=01;35:*.mov=01;35:*.mpg=01;35:*.mpeg=01;35:*.m2v=01;35:*.mkv=01;35:*.webm=01;35:*.webp=01;35:*.ogm=01;35:*.mp4=01;35:*.m4v=01;35:*.mp4v=01;35:*.vob=01;35:*.qt=01;35:*.nuv=01;35:*.wmv=01;35:*.asf=01;35:*.rm=01;35:*.rmvb=01;35:*.flc=01;35:*.avi=01;35:*.fli=01;35:*.flv=01;35:*.gl=01;35:*.dl=01;35:*.xcf=01;35:*.xwd=01;35:*.yuv=01;35:*.cgm=01;35:*.emf=01;35:*.ogv=01;35:*.ogx=01;35:*.aac=00;36:*.au=00;36:*.flac=00;36:*.m4a=00;36:*.mid=00;36:*.midi=00;36:*.mka=00;36:*.mp3=00;36:*.mpc=00;36:*.ogg=00;36:*.ra=00;36:*.wav=00;36:*.oga=00;36:*.opus=00;36:*.spx=00;36:*.xspf=00;36:'), ('ROS_DOMAIN_ID', '0'), ('AMENT_PREFIX_PATH', '/dev_ws/install:/opt/ros/humble'), ('DEBIAN_FRONTEND', 'noninteractive'), ('TERMINATOR_UUID', 'urn:uuid:f94316ff-644a-45a6-8ebc-68eacf2d4390'), ('PWD', '/dev_ws/build/ur_moveit_config'), ('LC_ALL', 'C.UTF-8'), ('PYTHONPATH', '/dev_ws/build/easy_handeye2:/dev_ws/install/lib/python3.10/site-packages:/dev_ws/install/local/lib/python3.10/dist-packages:/opt/ros/humble/lib/python3.10/site-packages:/opt/ros/humble/local/lib/python3.10/dist-packages'), ('NVIDIA_VISIBLE_DEVICES', 'all'), ('COLCON', '1'), ('VTE_VERSION', '6800'), ('CMAKE_PREFIX_PATH', '/dev_ws/install:/opt/ros/humble')]), 'shell': False}
[0.672682] (pymoveit2) StdoutLine: {'line': b'Built target ament_cmake_python_copy_pymoveit2\n'}
[0.690703] (ur_moveit_config) StdoutLine: {'line': b'Built target ament_cmake_python_copy_ur_moveit_config\n'}
[0.700407] (-) TimerEvent: {}
[0.800826] (-) TimerEvent: {}
[0.859945] (pymoveit2) StdoutLine: {'line': b'running egg_info\n'}
[0.860369] (pymoveit2) StdoutLine: {'line': b'creating pymoveit2.egg-info\n'}
[0.860578] (pymoveit2) StdoutLine: {'line': b'writing pymoveit2.egg-info/PKG-INFO\n'}
[0.860727] (pymoveit2) StdoutLine: {'line': b'writing dependency_links to pymoveit2.egg-info/dependency_links.txt\n'}
[0.860836] (pymoveit2) StdoutLine: {'line': b'writing top-level names to pymoveit2.egg-info/top_level.txt\n'}
[0.860941] (pymoveit2) StdoutLine: {'line': b"writing manifest file 'pymoveit2.egg-info/SOURCES.txt'\n"}
[0.862929] (pymoveit2) StdoutLine: {'line': b"reading manifest file 'pymoveit2.egg-info/SOURCES.txt'\n"}
[0.863371] (pymoveit2) StdoutLine: {'line': b"writing manifest file 'pymoveit2.egg-info/SOURCES.txt'\n"}
[0.875031] (ur_moveit_config) StdoutLine: {'line': b'running egg_info\n'}
[0.875634] (ur_moveit_config) StdoutLine: {'line': b'creating ur_moveit_config.egg-info\n'}
[0.875839] (ur_moveit_config) StdoutLine: {'line': b'writing ur_moveit_config.egg-info/PKG-INFO\n'}
[0.876070] (ur_moveit_config) StdoutLine: {'line': b'writing dependency_links to ur_moveit_config.egg-info/dependency_links.txt\n'}
[0.876247] (ur_moveit_config) StdoutLine: {'line': b'writing top-level names to ur_moveit_config.egg-info/top_level.txt\n'}
[0.876395] (ur_moveit_config) StdoutLine: {'line': b"writing manifest file 'ur_moveit_config.egg-info/SOURCES.txt'\n"}
[0.878421] (ur_moveit_config) StdoutLine: {'line': b"reading manifest file 'ur_moveit_config.egg-info/SOURCES.txt'\n"}
[0.878883] (ur_moveit_config) StdoutLine: {'line': b"writing manifest file 'ur_moveit_config.egg-info/SOURCES.txt'\n"}
[0.881706] (ur_dashboard_msgs) StdoutLine: {'line': b'-- Found ament_cmake_ros: 0.10.0 (/opt/ros/humble/share/ament_cmake_ros/cmake)\n'}
[0.889427] (pymoveit2) StdoutLine: {'line': b'Built target ament_cmake_python_build_pymoveit2_egg\n'}
[0.898554] (pymoveit2) CommandEnded: {'returncode': 0}
[0.899314] (pymoveit2) JobProgress: {'identifier': 'pymoveit2', 'progress': 'install'}
[0.899641] (pymoveit2) Command: {'cmd': ['/usr/bin/cmake', '--install', '/dev_ws/build/pymoveit2'], 'cwd': '/dev_ws/build/pymoveit2', 'env': OrderedDict([('HOSTNAME', 'prottay-Pulse-15-B13VFK'), ('SHLVL', '2'), ('LD_LIBRARY_PATH', '/dev_ws/install/lib:/opt/ros/humble/opt/rviz_ogre_vendor/lib:/opt/ros/humble/lib/x86_64-linux-gnu:/opt/ros/humble/lib'), ('HOME', '/home/prottay'), ('OLDPWD', '/dev_ws/src'), ('ROS_PYTHON_VERSION', '3'), ('COLORTERM', 'truecolor'), ('COLCON_PREFIX_PATH', '/dev_ws/install'), ('ROS_DISTRO', 'humble'), ('_', '/usr/bin/colcon'), ('ROS_VERSION', '2'), ('NVIDIA_DRIVER_CAPABILITIES', 'compute,display,graphics,utility,video'), ('TERM', 'xterm-256color'), ('ROS_LOCALHOST_ONLY', '1'), ('QT_X11_NO_MITSHM', '1'), ('PATH', '/opt/ros/humble/bin:/usr/local/sbin:/usr/local/bin:/usr/sbin:/usr/bin:/sbin:/bin'), ('DISPLAY', ':1'), ('LANG', 'C.UTF-8'), ('RMW_IMPLEMENTATION', 'rmw_fastrtps_cpp'), ('LS_COLORS', 'rs=0:di=01;34:ln=01;36:mh=00:pi=40;33:so=01;35:do=01;35:bd=40;33;01:cd=40;33;01:or=40;31;01:mi=00:su=37;41:sg=30;43:ca=30;41:tw=30;42:ow=34;42:st=37;44:ex=01;32:*.tar=01;31:*.tgz=01;31:*.arc=01;31:*.arj=01;31:*.taz=01;31:*.lha=01;31:*.lz4=01;31:*.lzh=01;31:*.lzma=01;31:*.tlz=01;31:*.txz=01;31:*.tzo=01;31:*.t7z=01;31:*.zip=01;31:*.z=01;31:*.dz=01;31:*.gz=01;31:*.lrz=01;31:*.lz=01;31:*.lzo=01;31:*.xz=01;31:*.zst=01;31:*.tzst=01;31:*.bz2=01;31:*.bz=01;31:*.tbz=01;31:*.tbz2=01;31:*.tz=01;31:*.deb=01;31:*.rpm=01;31:*.jar=01;31:*.war=01;31:*.ear=01;31:*.sar=01;31:*.rar=01;31:*.alz=01;31:*.ace=01;31:*.zoo=01;31:*.cpio=01;31:*.7z=01;31:*.rz=01;31:*.cab=01;31:*.wim=01;31:*.swm=01;31:*.dwm=01;31:*.esd=01;31:*.jpg=01;35:*.jpeg=01;35:*.mjpg=01;35:*.mjpeg=01;35:*.gif=01;35:*.bmp=01;35:*.pbm=01;35:*.pgm=01;35:*.ppm=01;35:*.tga=01;35:*.xbm=01;35:*.xpm=01;35:*.tif=01;35:*.tiff=01;35:*.png=01;35:*.svg=01;35:*.svgz=01;35:*.mng=01;35:*.pcx=01;35:*.mov=01;35:*.mpg=01;35:*.mpeg=01;35:*.m2v=01;35:*.mkv=01;35:*.webm=01;35:*.webp=01;35:*.ogm=01;35:*.mp4=01;35:*.m4v=01;35:*.mp4v=01;35:*.vob=01;35:*.qt=01;35:*.nuv=01;35:*.wmv=01;35:*.asf=01;35:*.rm=01;35:*.rmvb=01;35:*.flc=01;35:*.avi=01;35:*.fli=01;35:*.flv=01;35:*.gl=01;35:*.dl=01;35:*.xcf=01;35:*.xwd=01;35:*.yuv=01;35:*.cgm=01;35:*.emf=01;35:*.ogv=01;35:*.ogx=01;35:*.aac=00;36:*.au=00;36:*.flac=00;36:*.m4a=00;36:*.mid=00;36:*.midi=00;36:*.mka=00;36:*.mp3=00;36:*.mpc=00;36:*.ogg=00;36:*.ra=00;36:*.wav=00;36:*.oga=00;36:*.opus=00;36:*.spx=00;36:*.xspf=00;36:'), ('ROS_DOMAIN_ID', '0'), ('AMENT_PREFIX_PATH', '/dev_ws/install:/opt/ros/humble'), ('DEBIAN_FRONTEND', 'noninteractive'), ('TERMINATOR_UUID', 'urn:uuid:f94316ff-644a-45a6-8ebc-68eacf2d4390'), ('PWD', '/dev_ws/build/pymoveit2'), ('LC_ALL', 'C.UTF-8'), ('PYTHONPATH', '/dev_ws/build/easy_handeye2:/dev_ws/install/lib/python3.10/site-packages:/dev_ws/install/local/lib/python3.10/dist-packages:/opt/ros/humble/lib/python3.10/site-packages:/opt/ros/humble/local/lib/python3.10/dist-packages'), ('NVIDIA_VISIBLE_DEVICES', 'all'), ('COLCON', '1'), ('VTE_VERSION', '6800'), ('CMAKE_PREFIX_PATH', '/dev_ws/install:/opt/ros/humble')]), 'shell': False}
[0.900891] (-) TimerEvent: {}
[0.906174] (pymoveit2) StdoutLine: {'line': b'-- Install configuration: ""\n'}
[0.906386] (ur_moveit_config) StdoutLine: {'line': b'Built target ament_cmake_python_build_ur_moveit_config_egg\n'}
[0.906522] (pymoveit2) StdoutLine: {'line': b'-- Installing: /dev_ws/install/share/pymoveit2/environment/pythonpath.sh\n'}
[0.906777] (pymoveit2) StdoutLine: {'line': b'-- Installing: /dev_ws/install/share/pymoveit2/environment/pythonpath.dsv\n'}
[0.906940] (pymoveit2) StdoutLine: {'line': b'-- Installing: /dev_ws/install/local/lib/python3.10/dist-packages/pymoveit2-4.0.0-py3.10.egg-info\n'}
[0.907071] (pymoveit2) StdoutLine: {'line': b'-- Installing: /dev_ws/install/local/lib/python3.10/dist-packages/pymoveit2-4.0.0-py3.10.egg-info/SOURCES.txt\n'}
[0.907223] (pymoveit2) StdoutLine: {'line': b'-- Installing: /dev_ws/install/local/lib/python3.10/dist-packages/pymoveit2-4.0.0-py3.10.egg-info/dependency_links.txt\n'}
[0.907387] (pymoveit2) StdoutLine: {'line': b'-- Installing: /dev_ws/install/local/lib/python3.10/dist-packages/pymoveit2-4.0.0-py3.10.egg-info/top_level.txt\n'}
[0.907511] (pymoveit2) StdoutLine: {'line': b'-- Installing: /dev_ws/install/local/lib/python3.10/dist-packages/pymoveit2-4.0.0-py3.10.egg-info/PKG-INFO\n'}
[0.907616] (pymoveit2) StdoutLine: {'line': b'-- Installing: /dev_ws/install/local/lib/python3.10/dist-packages/pymoveit2\n'}
[0.907791] (pymoveit2) StdoutLine: {'line': b'-- Installing: /dev_ws/install/local/lib/python3.10/dist-packages/pymoveit2/moveit2_servo.py\n'}
[0.907905] (pymoveit2) StdoutLine: {'line': b'-- Installing: /dev_ws/install/local/lib/python3.10/dist-packages/pymoveit2/moveit2.py\n'}
[0.907999] (pymoveit2) StdoutLine: {'line': b'-- Installing: /dev_ws/install/local/lib/python3.10/dist-packages/pymoveit2/gripper_interface.py\n'}
[0.908092] (pymoveit2) StdoutLine: {'line': b'-- Installing: /dev_ws/install/local/lib/python3.10/dist-packages/pymoveit2/moveit2_gripper.py\n'}
[0.908198] (pymoveit2) StdoutLine: {'line': b'-- Installing: /dev_ws/install/local/lib/python3.10/dist-packages/pymoveit2/__init__.py\n'}
[0.908297] (pymoveit2) StdoutLine: {'line': b'-- Installing: /dev_ws/install/local/lib/python3.10/dist-packages/pymoveit2/robots\n'}
[0.908395] (pymoveit2) StdoutLine: {'line': b'-- Installing: /dev_ws/install/local/lib/python3.10/dist-packages/pymoveit2/robots/kinova.py\n'}
[0.908490] (pymoveit2) StdoutLine: {'line': b'-- Installing: /dev_ws/install/local/lib/python3.10/dist-packages/pymoveit2/robots/panda.py\n'}
[0.908593] (pymoveit2) StdoutLine: {'line': b'-- Installing: /dev_ws/install/local/lib/python3.10/dist-packages/pymoveit2/robots/lbr.py\n'}
[0.908687] (pymoveit2) StdoutLine: {'line': b'-- Installing: /dev_ws/install/local/lib/python3.10/dist-packages/pymoveit2/robots/crane_x7.py\n'}
[0.908780] (pymoveit2) StdoutLine: {'line': b'-- Installing: /dev_ws/install/local/lib/python3.10/dist-packages/pymoveit2/robots/ur.py\n'}
[0.908872] (pymoveit2) StdoutLine: {'line': b'-- Installing: /dev_ws/install/local/lib/python3.10/dist-packages/pymoveit2/robots/phantomx_pincher.py\n'}
[0.908963] (pymoveit2) StdoutLine: {'line': b'-- Installing: /dev_ws/install/local/lib/python3.10/dist-packages/pymoveit2/robots/__init__.py\n'}
[0.909054] (pymoveit2) StdoutLine: {'line': b'-- Installing: /dev_ws/install/local/lib/python3.10/dist-packages/pymoveit2/gripper_command.py\n'}
[0.918304] (ur_moveit_config) CommandEnded: {'returncode': 0}
[0.919008] (ur_moveit_config) JobProgress: {'identifier': 'ur_moveit_config', 'progress': 'install'}
[0.919412] (ur_moveit_config) Command: {'cmd': ['/usr/bin/cmake', '--install', '/dev_ws/build/ur_moveit_config'], 'cwd': '/dev_ws/build/ur_moveit_config', 'env': OrderedDict([('HOSTNAME', 'prottay-Pulse-15-B13VFK'), ('SHLVL', '2'), ('LD_LIBRARY_PATH', '/dev_ws/install/lib:/opt/ros/humble/opt/rviz_ogre_vendor/lib:/opt/ros/humble/lib/x86_64-linux-gnu:/opt/ros/humble/lib'), ('HOME', '/home/prottay'), ('OLDPWD', '/dev_ws/src'), ('ROS_PYTHON_VERSION', '3'), ('COLORTERM', 'truecolor'), ('COLCON_PREFIX_PATH', '/dev_ws/install'), ('ROS_DISTRO', 'humble'), ('_', '/usr/bin/colcon'), ('ROS_VERSION', '2'), ('NVIDIA_DRIVER_CAPABILITIES', 'compute,display,graphics,utility,video'), ('TERM', 'xterm-256color'), ('ROS_LOCALHOST_ONLY', '1'), ('QT_X11_NO_MITSHM', '1'), ('PATH', '/opt/ros/humble/bin:/usr/local/sbin:/usr/local/bin:/usr/sbin:/usr/bin:/sbin:/bin'), ('DISPLAY', ':1'), ('LANG', 'C.UTF-8'), ('RMW_IMPLEMENTATION', 'rmw_fastrtps_cpp'), ('LS_COLORS', 'rs=0:di=01;34:ln=01;36:mh=00:pi=40;33:so=01;35:do=01;35:bd=40;33;01:cd=40;33;01:or=40;31;01:mi=00:su=37;41:sg=30;43:ca=30;41:tw=30;42:ow=34;42:st=37;44:ex=01;32:*.tar=01;31:*.tgz=01;31:*.arc=01;31:*.arj=01;31:*.taz=01;31:*.lha=01;31:*.lz4=01;31:*.lzh=01;31:*.lzma=01;31:*.tlz=01;31:*.txz=01;31:*.tzo=01;31:*.t7z=01;31:*.zip=01;31:*.z=01;31:*.dz=01;31:*.gz=01;31:*.lrz=01;31:*.lz=01;31:*.lzo=01;31:*.xz=01;31:*.zst=01;31:*.tzst=01;31:*.bz2=01;31:*.bz=01;31:*.tbz=01;31:*.tbz2=01;31:*.tz=01;31:*.deb=01;31:*.rpm=01;31:*.jar=01;31:*.war=01;31:*.ear=01;31:*.sar=01;31:*.rar=01;31:*.alz=01;31:*.ace=01;31:*.zoo=01;31:*.cpio=01;31:*.7z=01;31:*.rz=01;31:*.cab=01;31:*.wim=01;31:*.swm=01;31:*.dwm=01;31:*.esd=01;31:*.jpg=01;35:*.jpeg=01;35:*.mjpg=01;35:*.mjpeg=01;35:*.gif=01;35:*.bmp=01;35:*.pbm=01;35:*.pgm=01;35:*.ppm=01;35:*.tga=01;35:*.xbm=01;35:*.xpm=01;35:*.tif=01;35:*.tiff=01;35:*.png=01;35:*.svg=01;35:*.svgz=01;35:*.mng=01;35:*.pcx=01;35:*.mov=01;35:*.mpg=01;35:*.mpeg=01;35:*.m2v=01;35:*.mkv=01;35:*.webm=01;35:*.webp=01;35:*.ogm=01;35:*.mp4=01;35:*.m4v=01;35:*.mp4v=01;35:*.vob=01;35:*.qt=01;35:*.nuv=01;35:*.wmv=01;35:*.asf=01;35:*.rm=01;35:*.rmvb=01;35:*.flc=01;35:*.avi=01;35:*.fli=01;35:*.flv=01;35:*.gl=01;35:*.dl=01;35:*.xcf=01;35:*.xwd=01;35:*.yuv=01;35:*.cgm=01;35:*.emf=01;35:*.ogv=01;35:*.ogx=01;35:*.aac=00;36:*.au=00;36:*.flac=00;36:*.m4a=00;36:*.mid=00;36:*.midi=00;36:*.mka=00;36:*.mp3=00;36:*.mpc=00;36:*.ogg=00;36:*.ra=00;36:*.wav=00;36:*.oga=00;36:*.opus=00;36:*.spx=00;36:*.xspf=00;36:'), ('ROS_DOMAIN_ID', '0'), ('AMENT_PREFIX_PATH', '/dev_ws/install:/opt/ros/humble'), ('DEBIAN_FRONTEND', 'noninteractive'), ('TERMINATOR_UUID', 'urn:uuid:f94316ff-644a-45a6-8ebc-68eacf2d4390'), ('PWD', '/dev_ws/build/ur_moveit_config'), ('LC_ALL', 'C.UTF-8'), ('PYTHONPATH', '/dev_ws/build/easy_handeye2:/dev_ws/install/lib/python3.10/site-packages:/dev_ws/install/local/lib/python3.10/dist-packages:/opt/ros/humble/lib/python3.10/site-packages:/opt/ros/humble/local/lib/python3.10/dist-packages'), ('NVIDIA_VISIBLE_DEVICES', 'all'), ('COLCON', '1'), ('VTE_VERSION', '6800'), ('CMAKE_PREFIX_PATH', '/dev_ws/install:/opt/ros/humble')]), 'shell': False}
[0.921871] (easy_handeye2) Command: {'cmd': ['/usr/bin/python3', '-W', 'ignore:setup.py install is deprecated', '-W', 'ignore:easy_install command is deprecated', 'setup.py', 'egg_info', '--egg-base', '../../../build/easy_handeye2', 'build', '--build-base', '/dev_ws/build/easy_handeye2/build', 'install', '--record', '/dev_ws/build/easy_handeye2/install.log', '--single-version-externally-managed', 'install_data'], 'cwd': '/dev_ws/src/easy_handeye2/easy_handeye2', 'env': {'HOSTNAME': 'prottay-Pulse-15-B13VFK', 'SHLVL': '2', 'LD_LIBRARY_PATH': '/dev_ws/install/lib:/opt/ros/humble/opt/rviz_ogre_vendor/lib:/opt/ros/humble/lib/x86_64-linux-gnu:/opt/ros/humble/lib', 'HOME': '/home/prottay', 'OLDPWD': '/dev_ws/src', 'ROS_PYTHON_VERSION': '3', 'COLORTERM': 'truecolor', 'COLCON_PREFIX_PATH': '/dev_ws/install', 'ROS_DISTRO': 'humble', '_': '/usr/bin/colcon', 'ROS_VERSION': '2', 'NVIDIA_DRIVER_CAPABILITIES': 'compute,display,graphics,utility,video', 'TERM': 'xterm-256color', 'ROS_LOCALHOST_ONLY': '1', 'QT_X11_NO_MITSHM': '1', 'PATH': '/opt/ros/humble/bin:/usr/local/sbin:/usr/local/bin:/usr/sbin:/usr/bin:/sbin:/bin', 'DISPLAY': ':1', 'LANG': 'C.UTF-8', 'RMW_IMPLEMENTATION': 'rmw_fastrtps_cpp', 'LS_COLORS': 'rs=0:di=01;34:ln=01;36:mh=00:pi=40;33:so=01;35:do=01;35:bd=40;33;01:cd=40;33;01:or=40;31;01:mi=00:su=37;41:sg=30;43:ca=30;41:tw=30;42:ow=34;42:st=37;44:ex=01;32:*.tar=01;31:*.tgz=01;31:*.arc=01;31:*.arj=01;31:*.taz=01;31:*.lha=01;31:*.lz4=01;31:*.lzh=01;31:*.lzma=01;31:*.tlz=01;31:*.txz=01;31:*.tzo=01;31:*.t7z=01;31:*.zip=01;31:*.z=01;31:*.dz=01;31:*.gz=01;31:*.lrz=01;31:*.lz=01;31:*.lzo=01;31:*.xz=01;31:*.zst=01;31:*.tzst=01;31:*.bz2=01;31:*.bz=01;31:*.tbz=01;31:*.tbz2=01;31:*.tz=01;31:*.deb=01;31:*.rpm=01;31:*.jar=01;31:*.war=01;31:*.ear=01;31:*.sar=01;31:*.rar=01;31:*.alz=01;31:*.ace=01;31:*.zoo=01;31:*.cpio=01;31:*.7z=01;31:*.rz=01;31:*.cab=01;31:*.wim=01;31:*.swm=01;31:*.dwm=01;31:*.esd=01;31:*.jpg=01;35:*.jpeg=01;35:*.mjpg=01;35:*.mjpeg=01;35:*.gif=01;35:*.bmp=01;35:*.pbm=01;35:*.pgm=01;35:*.ppm=01;35:*.tga=01;35:*.xbm=01;35:*.xpm=01;35:*.tif=01;35:*.tiff=01;35:*.png=01;35:*.svg=01;35:*.svgz=01;35:*.mng=01;35:*.pcx=01;35:*.mov=01;35:*.mpg=01;35:*.mpeg=01;35:*.m2v=01;35:*.mkv=01;35:*.webm=01;35:*.webp=01;35:*.ogm=01;35:*.mp4=01;35:*.m4v=01;35:*.mp4v=01;35:*.vob=01;35:*.qt=01;35:*.nuv=01;35:*.wmv=01;35:*.asf=01;35:*.rm=01;35:*.rmvb=01;35:*.flc=01;35:*.avi=01;35:*.fli=01;35:*.flv=01;35:*.gl=01;35:*.dl=01;35:*.xcf=01;35:*.xwd=01;35:*.yuv=01;35:*.cgm=01;35:*.emf=01;35:*.ogv=01;35:*.ogx=01;35:*.aac=00;36:*.au=00;36:*.flac=00;36:*.m4a=00;36:*.mid=00;36:*.midi=00;36:*.mka=00;36:*.mp3=00;36:*.mpc=00;36:*.ogg=00;36:*.ra=00;36:*.wav=00;36:*.oga=00;36:*.opus=00;36:*.spx=00;36:*.xspf=00;36:', 'ROS_DOMAIN_ID': '0', 'AMENT_PREFIX_PATH': '/dev_ws/install:/opt/ros/humble', 'DEBIAN_FRONTEND': 'noninteractive', 'TERMINATOR_UUID': 'urn:uuid:f94316ff-644a-45a6-8ebc-68eacf2d4390', 'PWD': '/dev_ws/build/easy_handeye2', 'LC_ALL': 'C.UTF-8', 'PYTHONPATH': '/dev_ws/build/easy_handeye2/prefix_override:/usr/lib/python3/dist-packages/colcon_core/task/python/colcon_distutils_commands:/dev_ws/install/lib/python3.10/site-packages:/dev_ws/install/lib/python3.10/site-packages:/dev_ws/build/easy_handeye2:/dev_ws/install/local/lib/python3.10/dist-packages:/opt/ros/humble/lib/python3.10/site-packages:/opt/ros/humble/local/lib/python3.10/dist-packages', 'NVIDIA_VISIBLE_DEVICES': 'all', 'COLCON': '1', 'VTE_VERSION': '6800', 'CMAKE_PREFIX_PATH': '/dev_ws/install'}, 'shell': False}
[0.925217] (ur_moveit_config) StdoutLine: {'line': b'-- Install configuration: ""\n'}
[0.925386] (ur_moveit_config) StdoutLine: {'line': b'-- Installing: /dev_ws/install/share/ur_moveit_config/config\n'}
[0.925502] (ur_moveit_config) StdoutLine: {'line': b'-- Installing: /dev_ws/install/share/ur_moveit_config/config/pilz_cartesian_limits.yaml\n'}
[0.925627] (ur_moveit_config) StdoutLine: {'line': b'-- Installing: /dev_ws/install/share/ur_moveit_config/config/joint_limits.yaml\n'}
[0.925733] (ur_moveit_config) StdoutLine: {'line': b'-- Installing: /dev_ws/install/share/ur_moveit_config/config/pilz_industrial_motion_planner_planning.yaml\n'}
[0.925854] (ur_moveit_config) StdoutLine: {'line': b'-- Installing: /dev_ws/install/share/ur_moveit_config/config/kinematics.yaml\n'}
[0.925955] (ur_moveit_config) StdoutLine: {'line': b'-- Installing: /dev_ws/install/share/ur_moveit_config/config/ompl_planning.yaml\n'}
[0.926065] (ur_moveit_config) StdoutLine: {'line': b'-- Installing: /dev_ws/install/share/ur_moveit_config/config/ur10e_iaac_calibration.yaml\n'}
[0.926190] (ur_moveit_config) StdoutLine: {'line': b'-- Installing: /dev_ws/install/share/ur_moveit_config/config/ur_servo.yaml\n'}
[0.926320] (ur_moveit_config) StdoutLine: {'line': b'-- Installing: /dev_ws/install/share/ur_moveit_config/config/controllers.yaml\n'}
[0.926425] (ur_moveit_config) StdoutLine: {'line': b'-- Installing: /dev_ws/install/share/ur_moveit_config/launch\n'}
[0.926528] (ur_moveit_config) StdoutLine: {'line': b'-- Installing: /dev_ws/install/share/ur_moveit_config/launch/ur_moveit.launch.py\n'}
[0.926631] (ur_moveit_config) StdoutLine: {'line': b'-- Installing: /dev_ws/install/share/ur_moveit_config/launch/ur_moveit_pilz.launch.py\n'}
[0.926780] (ur_moveit_config) StdoutLine: {'line': b'-- Installing: /dev_ws/install/share/ur_moveit_config/rviz\n'}
[0.926883] (ur_moveit_config) StdoutLine: {'line': b'-- Installing: /dev_ws/install/share/ur_moveit_config/rviz/view_robot.rviz\n'}
[0.926985] (ur_moveit_config) StdoutLine: {'line': b'-- Installing: /dev_ws/install/share/ur_moveit_config/srdf\n'}
[0.927115] (ur_moveit_config) StdoutLine: {'line': b'-- Installing: /dev_ws/install/share/ur_moveit_config/srdf/ur_macro.srdf.xacro\n'}
[0.927253] (ur_moveit_config) StdoutLine: {'line': b'-- Installing: /dev_ws/install/share/ur_moveit_config/srdf/ur.srdf.xacro\n'}
[0.927348] (ur_moveit_config) StdoutLine: {'line': b'-- Installing: /dev_ws/install/share/ur_moveit_config/environment/pythonpath.sh\n'}
[0.927438] (ur_moveit_config) StdoutLine: {'line': b'-- Installing: /dev_ws/install/share/ur_moveit_config/environment/pythonpath.dsv\n'}
[0.927522] (ur_moveit_config) StdoutLine: {'line': b'-- Installing: /dev_ws/install/local/lib/python3.10/dist-packages/ur_moveit_config-2.2.16-py3.10.egg-info\n'}
[0.927608] (ur_moveit_config) StdoutLine: {'line': b'-- Installing: /dev_ws/install/local/lib/python3.10/dist-packages/ur_moveit_config-2.2.16-py3.10.egg-info/SOURCES.txt\n'}
[0.927691] (ur_moveit_config) StdoutLine: {'line': b'-- Installing: /dev_ws/install/local/lib/python3.10/dist-packages/ur_moveit_config-2.2.16-py3.10.egg-info/dependency_links.txt\n'}
[0.927773] (ur_moveit_config) StdoutLine: {'line': b'-- Installing: /dev_ws/install/local/lib/python3.10/dist-packages/ur_moveit_config-2.2.16-py3.10.egg-info/top_level.txt\n'}
[0.927857] (ur_moveit_config) StdoutLine: {'line': b'-- Installing: /dev_ws/install/local/lib/python3.10/dist-packages/ur_moveit_config-2.2.16-py3.10.egg-info/PKG-INFO\n'}
[0.927941] (ur_moveit_config) StdoutLine: {'line': b'-- Installing: /dev_ws/install/local/lib/python3.10/dist-packages/ur_moveit_config\n'}
[0.928027] (ur_moveit_config) StdoutLine: {'line': b'-- Installing: /dev_ws/install/local/lib/python3.10/dist-packages/ur_moveit_config/launch_common.py\n'}
[0.928114] (ur_moveit_config) StdoutLine: {'line': b'-- Installing: /dev_ws/install/local/lib/python3.10/dist-packages/ur_moveit_config/__init__.py\n'}
[0.954811] (ur_moveit_config) StdoutLine: {'line': b"Listing '/dev_ws/install/local/lib/python3.10/dist-packages/ur_moveit_config'...\n"}
[0.955006] (ur_moveit_config) StdoutLine: {'line': b"Compiling '/dev_ws/install/local/lib/python3.10/dist-packages/ur_moveit_config/__init__.py'...\n"}
[0.955098] (ur_moveit_config) StdoutLine: {'line': b"Compiling '/dev_ws/install/local/lib/python3.10/dist-packages/ur_moveit_config/launch_common.py'...\n"}
[0.956469] (pymoveit2) StdoutLine: {'line': b"Listing '/dev_ws/install/local/lib/python3.10/dist-packages/pymoveit2'...\n"}
[0.956585] (pymoveit2) StdoutLine: {'line': b"Compiling '/dev_ws/install/local/lib/python3.10/dist-packages/pymoveit2/__init__.py'...\n"}
[0.956674] (pymoveit2) StdoutLine: {'line': b"Compiling '/dev_ws/install/local/lib/python3.10/dist-packages/pymoveit2/gripper_command.py'...\n"}
[0.956763] (pymoveit2) StdoutLine: {'line': b"Compiling '/dev_ws/install/local/lib/python3.10/dist-packages/pymoveit2/gripper_interface.py'...\n"}
[0.956853] (pymoveit2) StdoutLine: {'line': b"Compiling '/dev_ws/install/local/lib/python3.10/dist-packages/pymoveit2/moveit2.py'...\n"}
[0.956941] (pymoveit2) StdoutLine: {'line': b"Compiling '/dev_ws/install/local/lib/python3.10/dist-packages/pymoveit2/moveit2_gripper.py'...\n"}
[0.957030] (pymoveit2) StdoutLine: {'line': b"Compiling '/dev_ws/install/local/lib/python3.10/dist-packages/pymoveit2/moveit2_servo.py'...\n"}
[0.957120] (pymoveit2) StdoutLine: {'line': b"Listing '/dev_ws/install/local/lib/python3.10/dist-packages/pymoveit2/robots'...\n"}
[0.957233] (pymoveit2) StdoutLine: {'line': b"Compiling '/dev_ws/install/local/lib/python3.10/dist-packages/pymoveit2/robots/__init__.py'...\n"}
[0.957348] (pymoveit2) StdoutLine: {'line': b"Compiling '/dev_ws/install/local/lib/python3.10/dist-packages/pymoveit2/robots/crane_x7.py'...\n"}
[0.957444] (pymoveit2) StdoutLine: {'line': b"Compiling '/dev_ws/install/local/lib/python3.10/dist-packages/pymoveit2/robots/kinova.py'...\n"}
[0.957536] (pymoveit2) StdoutLine: {'line': b"Compiling '/dev_ws/install/local/lib/python3.10/dist-packages/pymoveit2/robots/lbr.py'...\n"}
[0.957622] (pymoveit2) StdoutLine: {'line': b"Compiling '/dev_ws/install/local/lib/python3.10/dist-packages/pymoveit2/robots/panda.py'...\n"}
[0.957709] (pymoveit2) StdoutLine: {'line': b"Compiling '/dev_ws/install/local/lib/python3.10/dist-packages/pymoveit2/robots/phantomx_pincher.py'...\n"}
[0.957793] (pymoveit2) StdoutLine: {'line': b"Compiling '/dev_ws/install/local/lib/python3.10/dist-packages/pymoveit2/robots/ur.py'...\n"}
[0.958653] (ur_moveit_config) StdoutLine: {'line': b'-- Installing: /dev_ws/install/local/lib/python3.10/dist-packages/launch_common.py\n'}
[0.960921] (pymoveit2) StdoutLine: {'line': b'-- Installing: /dev_ws/install/lib/pymoveit2/ex_allow_collisions.py\n'}
[0.961126] (pymoveit2) StdoutLine: {'line': b'-- Installing: /dev_ws/install/lib/pymoveit2/ex_clear_planning_scene.py\n'}
[0.961285] (pymoveit2) StdoutLine: {'line': b'-- Installing: /dev_ws/install/lib/pymoveit2/ex_collision_mesh.py\n'}
[0.961577] (pymoveit2) StdoutLine: {'line': b'-- Installing: /dev_ws/install/lib/pymoveit2/ex_collision_primitive.py\n'}
[0.961707] (pymoveit2) StdoutLine: {'line': b'-- Installing: /dev_ws/install/lib/pymoveit2/ex_fk.py\n'}
[0.961756] (pymoveit2) StdoutLine: {'line': b'-- Installing: /dev_ws/install/lib/pymoveit2/ex_gripper.py\n'}
[0.961850] (pymoveit2) StdoutLine: {'line': b'-- Installing: /dev_ws/install/lib/pymoveit2/ex_ik.py\n'}
[0.961893] (pymoveit2) StdoutLine: {'line': b'-- Installing: /dev_ws/install/lib/pymoveit2/ex_joint_goal.py\n'}
[0.961936] (pymoveit2) StdoutLine: {'line': b'-- Installing: /dev_ws/install/lib/pymoveit2/ex_orientation_path_constraint.py\n'}
[0.961975] (pymoveit2) StdoutLine: {'line': b'-- Installing: /dev_ws/install/lib/pymoveit2/ex_pose_goal.py\n'}
[0.962037] (pymoveit2) StdoutLine: {'line': b'-- Installing: /dev_ws/install/lib/pymoveit2/ex_servo.py\n'}
[0.962100] (pymoveit2) StdoutLine: {'line': b'-- Installing: /dev_ws/install/share/ament_index/resource_index/package_run_dependencies/pymoveit2\n'}
[0.962168] (pymoveit2) StdoutLine: {'line': b'-- Installing: /dev_ws/install/share/ament_index/resource_index/parent_prefix_path/pymoveit2\n'}
[0.962232] (pymoveit2) StdoutLine: {'line': b'-- Installing: /dev_ws/install/share/pymoveit2/environment/ament_prefix_path.sh\n'}
[0.962303] (pymoveit2) StdoutLine: {'line': b'-- Installing: /dev_ws/install/share/pymoveit2/environment/ament_prefix_path.dsv\n'}
[0.962447] (pymoveit2) StdoutLine: {'line': b'-- Installing: /dev_ws/install/share/pymoveit2/environment/path.sh\n'}
[0.962503] (pymoveit2) StdoutLine: {'line': b'-- Installing: /dev_ws/install/share/pymoveit2/environment/path.dsv\n'}
[0.962558] (pymoveit2) StdoutLine: {'line': b'-- Installing: /dev_ws/install/share/pymoveit2/local_setup.bash\n'}
[0.962622] (pymoveit2) StdoutLine: {'line': b'-- Installing: /dev_ws/install/share/pymoveit2/local_setup.sh\n'}
[0.962700] (pymoveit2) StdoutLine: {'line': b'-- Installing: /dev_ws/install/share/pymoveit2/local_setup.zsh\n'}
[0.962779] (pymoveit2) StdoutLine: {'line': b'-- Installing: /dev_ws/install/share/pymoveit2/local_setup.dsv\n'}
[0.962852] (pymoveit2) StdoutLine: {'line': b'-- Installing: /dev_ws/install/share/pymoveit2/package.dsv\n'}
[0.962930] (pymoveit2) StdoutLine: {'line': b'-- Installing: /dev_ws/install/share/ament_index/resource_index/packages/pymoveit2\n'}
[0.963036] (pymoveit2) StdoutLine: {'line': b'-- Installing: /dev_ws/install/share/pymoveit2/cmake/pymoveit2Config.cmake\n'}
[0.963111] (pymoveit2) StdoutLine: {'line': b'-- Installing: /dev_ws/install/share/pymoveit2/cmake/pymoveit2Config-version.cmake\n'}
[0.963196] (pymoveit2) StdoutLine: {'line': b'-- Installing: /dev_ws/install/share/pymoveit2/package.xml\n'}
[0.964974] (pymoveit2) CommandEnded: {'returncode': 0}
[0.984094] (pymoveit2) JobEnded: {'identifier': 'pymoveit2', 'rc': 0}
[0.988060] (ur_moveit_config) StdoutLine: {'line': b"Compiling '/dev_ws/install/local/lib/python3.10/dist-packages/launch_common.py'...\n"}
[0.992173] (ur_moveit_config) StdoutLine: {'line': b'-- Installing: /dev_ws/install/share/ament_index/resource_index/package_run_dependencies/ur_moveit_config\n'}
[0.992421] (ur_moveit_config) StdoutLine: {'line': b'-- Installing: /dev_ws/install/share/ament_index/resource_index/parent_prefix_path/ur_moveit_config\n'}
[0.992660] (ur_moveit_config) StdoutLine: {'line': b'-- Installing: /dev_ws/install/share/ur_moveit_config/environment/ament_prefix_path.sh\n'}
[0.992900] (ur_moveit_config) StdoutLine: {'line': b'-- Installing: /dev_ws/install/share/ur_moveit_config/environment/ament_prefix_path.dsv\n'}
[0.993120] (ur_moveit_config) StdoutLine: {'line': b'-- Installing: /dev_ws/install/share/ur_moveit_config/environment/path.sh\n'}
[0.993345] (ur_moveit_config) StdoutLine: {'line': b'-- Installing: /dev_ws/install/share/ur_moveit_config/environment/path.dsv\n'}
[0.993560] (ur_moveit_config) StdoutLine: {'line': b'-- Installing: /dev_ws/install/share/ur_moveit_config/local_setup.bash\n'}
[0.993767] (ur_moveit_config) StdoutLine: {'line': b'-- Installing: /dev_ws/install/share/ur_moveit_config/local_setup.sh\n'}
[0.993985] (ur_moveit_config) StdoutLine: {'line': b'-- Installing: /dev_ws/install/share/ur_moveit_config/local_setup.zsh\n'}
[0.994227] (ur_moveit_config) StdoutLine: {'line': b'-- Installing: /dev_ws/install/share/ur_moveit_config/local_setup.dsv\n'}
[0.994495] (ur_moveit_config) StdoutLine: {'line': b'-- Installing: /dev_ws/install/share/ur_moveit_config/package.dsv\n'}
[0.994646] (ur_moveit_config) StdoutLine: {'line': b'-- Installing: /dev_ws/install/share/ament_index/resource_index/packages/ur_moveit_config\n'}
[0.994907] (ur_moveit_config) StdoutLine: {'line': b'-- Installing: /dev_ws/install/share/ur_moveit_config/cmake/ur_moveit_configConfig.cmake\n'}
[0.995236] (ur_moveit_config) StdoutLine: {'line': b'-- Installing: /dev_ws/install/share/ur_moveit_config/cmake/ur_moveit_configConfig-version.cmake\n'}
[0.995357] (ur_moveit_config) StdoutLine: {'line': b'-- Installing: /dev_ws/install/share/ur_moveit_config/package.xml\n'}
[0.997330] (ur_moveit_config) CommandEnded: {'returncode': 0}
[1.000991] (-) TimerEvent: {}
[1.012224] (ur_moveit_config) JobEnded: {'identifier': 'ur_moveit_config', 'rc': 0}
[1.092869] (ur_dashboard_msgs) StdoutLine: {'line': b'-- Using all available rosidl_typesupport_c: rosidl_typesupport_fastrtps_c;rosidl_typesupport_introspection_c\n'}
[1.101156] (-) TimerEvent: {}
[1.111547] (easy_handeye2) StdoutLine: {'line': b'running egg_info\n'}
[1.112162] (easy_handeye2) StdoutLine: {'line': b'writing ../../../build/easy_handeye2/easy_handeye2.egg-info/PKG-INFO\n'}
[1.112413] (easy_handeye2) StdoutLine: {'line': b'writing dependency_links to ../../../build/easy_handeye2/easy_handeye2.egg-info/dependency_links.txt\n'}
[1.112545] (easy_handeye2) StdoutLine: {'line': b'writing entry points to ../../../build/easy_handeye2/easy_handeye2.egg-info/entry_points.txt\n'}
[1.112791] (easy_handeye2) StdoutLine: {'line': b'writing requirements to ../../../build/easy_handeye2/easy_handeye2.egg-info/requires.txt\n'}
[1.112904] (easy_handeye2) StdoutLine: {'line': b'writing top-level names to ../../../build/easy_handeye2/easy_handeye2.egg-info/top_level.txt\n'}
[1.114633] (easy_handeye2) StdoutLine: {'line': b"reading manifest file '../../../build/easy_handeye2/easy_handeye2.egg-info/SOURCES.txt'\n"}
[1.115287] (easy_handeye2) StdoutLine: {'line': b"writing manifest file '../../../build/easy_handeye2/easy_handeye2.egg-info/SOURCES.txt'\n"}
[1.115435] (easy_handeye2) StdoutLine: {'line': b'running build\n'}
[1.115532] (easy_handeye2) StdoutLine: {'line': b'running build_py\n'}
[1.116032] (easy_handeye2) StdoutLine: {'line': b'running build_scripts\n'}
[1.116140] (easy_handeye2) StdoutLine: {'line': b'running install\n'}
[1.116343] (easy_handeye2) StdoutLine: {'line': b'running install_lib\n'}
[1.117669] (easy_handeye2) StdoutLine: {'line': b'running install_data\n'}
[1.117848] (easy_handeye2) StdoutLine: {'line': b'running install_egg_info\n'}
[1.119258] (easy_handeye2) StdoutLine: {'line': b"removing '/dev_ws/install/lib/python3.10/site-packages/easy_handeye2-0.5.0-py3.10.egg-info' (and everything under it)\n"}
[1.119408] (easy_handeye2) StdoutLine: {'line': b'Copying ../../../build/easy_handeye2/easy_handeye2.egg-info to /dev_ws/install/lib/python3.10/site-packages/easy_handeye2-0.5.0-py3.10.egg-info\n'}
[1.119988] (easy_handeye2) StdoutLine: {'line': b'running install_scripts\n'}
[1.134866] (easy_handeye2) StdoutLine: {'line': b'changing mode of /dev_ws/install/lib/easy_handeye2/rqt_calibrator.py to 755\n'}
[1.135030] (easy_handeye2) StdoutLine: {'line': b'changing mode of /dev_ws/install/lib/easy_handeye2/rqt_evaluator.py to 755\n'}
[1.135835] (easy_handeye2) StdoutLine: {'line': b'Installing handeye_calibration_commander script to /dev_ws/install/lib/easy_handeye2\n'}
[1.135933] (easy_handeye2) StdoutLine: {'line': b'Installing handeye_publisher script to /dev_ws/install/lib/easy_handeye2\n'}
[1.136064] (easy_handeye2) StdoutLine: {'line': b'Installing handeye_server script to /dev_ws/install/lib/easy_handeye2\n'}
[1.136151] (easy_handeye2) StdoutLine: {'line': b'Installing handeye_server_robot script to /dev_ws/install/lib/easy_handeye2\n'}
[1.136341] (easy_handeye2) StdoutLine: {'line': b"writing list of installed files to '/dev_ws/build/easy_handeye2/install.log'\n"}
[1.154533] (easy_handeye2) CommandEnded: {'returncode': 0}
[1.167074] (easy_handeye2) JobEnded: {'identifier': 'easy_handeye2', 'rc': 0}
[1.201236] (-) TimerEvent: {}
[1.301647] (-) TimerEvent: {}
[1.320823] (ur_dashboard_msgs) StdoutLine: {'line': b'-- Using all available rosidl_typesupport_cpp: rosidl_typesupport_fastrtps_cpp;rosidl_typesupport_introspection_cpp\n'}
[1.340048] (ur_dashboard_msgs) StdoutLine: {'line': b'-- Found PythonInterp: /usr/bin/python3 (found suitable version "3.10.12", minimum required is "3.6") \n'}
[1.341391] (ur_dashboard_msgs) StdoutLine: {'line': b'-- Found python_cmake_module: 0.10.0 (/opt/ros/humble/share/python_cmake_module/cmake)\n'}
[1.364398] (ur_dashboard_msgs) StdoutLine: {'line': b'-- Found PythonLibs: /usr/lib/x86_64-linux-gnu/libpython3.10.so (found suitable version "3.10.12", minimum required is "3.5") \n'}
[1.364590] (ur_dashboard_msgs) StdoutLine: {'line': b'-- Using PYTHON_EXECUTABLE: /usr/bin/python3\n'}
[1.364676] (ur_dashboard_msgs) StdoutLine: {'line': b'-- Using PYTHON_INCLUDE_DIRS: /usr/include/python3.10\n'}
[1.364753] (ur_dashboard_msgs) StdoutLine: {'line': b'-- Using PYTHON_LIBRARIES: /usr/lib/x86_64-linux-gnu/libpython3.10.so\n'}
[1.383246] (ur_dashboard_msgs) StdoutLine: {'line': b'-- Found PythonExtra: .so  \n'}
[1.401854] (-) TimerEvent: {}
[1.422441] (ur_dashboard_msgs) StdoutLine: {'line': b'-- Configuring done\n'}
[1.463722] (ur_dashboard_msgs) StdoutLine: {'line': b'-- Generating done\n'}
[1.474786] (ur_dashboard_msgs) StdoutLine: {'line': b'-- Build files have been written to: /dev_ws/build/ur_dashboard_msgs\n'}
[1.479270] (ur_dashboard_msgs) CommandEnded: {'returncode': 0}
[1.479905] (ur_dashboard_msgs) JobProgress: {'identifier': 'ur_dashboard_msgs', 'progress': 'build'}
[1.480742] (ur_dashboard_msgs) Command: {'cmd': ['/usr/bin/cmake', '--build', '/dev_ws/build/ur_dashboard_msgs', '--', '-j20', '-l20'], 'cwd': '/dev_ws/build/ur_dashboard_msgs', 'env': OrderedDict([('HOSTNAME', 'prottay-Pulse-15-B13VFK'), ('SHLVL', '2'), ('LD_LIBRARY_PATH', '/dev_ws/install/lib:/opt/ros/humble/opt/rviz_ogre_vendor/lib:/opt/ros/humble/lib/x86_64-linux-gnu:/opt/ros/humble/lib'), ('HOME', '/home/prottay'), ('OLDPWD', '/dev_ws/src'), ('ROS_PYTHON_VERSION', '3'), ('COLORTERM', 'truecolor'), ('COLCON_PREFIX_PATH', '/dev_ws/install'), ('ROS_DISTRO', 'humble'), ('_', '/usr/bin/colcon'), ('ROS_VERSION', '2'), ('NVIDIA_DRIVER_CAPABILITIES', 'compute,display,graphics,utility,video'), ('TERM', 'xterm-256color'), ('ROS_LOCALHOST_ONLY', '1'), ('QT_X11_NO_MITSHM', '1'), ('PATH', '/opt/ros/humble/bin:/usr/local/sbin:/usr/local/bin:/usr/sbin:/usr/bin:/sbin:/bin'), ('DISPLAY', ':1'), ('LANG', 'C.UTF-8'), ('RMW_IMPLEMENTATION', 'rmw_fastrtps_cpp'), ('LS_COLORS', 'rs=0:di=01;34:ln=01;36:mh=00:pi=40;33:so=01;35:do=01;35:bd=40;33;01:cd=40;33;01:or=40;31;01:mi=00:su=37;41:sg=30;43:ca=30;41:tw=30;42:ow=34;42:st=37;44:ex=01;32:*.tar=01;31:*.tgz=01;31:*.arc=01;31:*.arj=01;31:*.taz=01;31:*.lha=01;31:*.lz4=01;31:*.lzh=01;31:*.lzma=01;31:*.tlz=01;31:*.txz=01;31:*.tzo=01;31:*.t7z=01;31:*.zip=01;31:*.z=01;31:*.dz=01;31:*.gz=01;31:*.lrz=01;31:*.lz=01;31:*.lzo=01;31:*.xz=01;31:*.zst=01;31:*.tzst=01;31:*.bz2=01;31:*.bz=01;31:*.tbz=01;31:*.tbz2=01;31:*.tz=01;31:*.deb=01;31:*.rpm=01;31:*.jar=01;31:*.war=01;31:*.ear=01;31:*.sar=01;31:*.rar=01;31:*.alz=01;31:*.ace=01;31:*.zoo=01;31:*.cpio=01;31:*.7z=01;31:*.rz=01;31:*.cab=01;31:*.wim=01;31:*.swm=01;31:*.dwm=01;31:*.esd=01;31:*.jpg=01;35:*.jpeg=01;35:*.mjpg=01;35:*.mjpeg=01;35:*.gif=01;35:*.bmp=01;35:*.pbm=01;35:*.pgm=01;35:*.ppm=01;35:*.tga=01;35:*.xbm=01;35:*.xpm=01;35:*.tif=01;35:*.tiff=01;35:*.png=01;35:*.svg=01;35:*.svgz=01;35:*.mng=01;35:*.pcx=01;35:*.mov=01;35:*.mpg=01;35:*.mpeg=01;35:*.m2v=01;35:*.mkv=01;35:*.webm=01;35:*.webp=01;35:*.ogm=01;35:*.mp4=01;35:*.m4v=01;35:*.mp4v=01;35:*.vob=01;35:*.qt=01;35:*.nuv=01;35:*.wmv=01;35:*.asf=01;35:*.rm=01;35:*.rmvb=01;35:*.flc=01;35:*.avi=01;35:*.fli=01;35:*.flv=01;35:*.gl=01;35:*.dl=01;35:*.xcf=01;35:*.xwd=01;35:*.yuv=01;35:*.cgm=01;35:*.emf=01;35:*.ogv=01;35:*.ogx=01;35:*.aac=00;36:*.au=00;36:*.flac=00;36:*.m4a=00;36:*.mid=00;36:*.midi=00;36:*.mka=00;36:*.mp3=00;36:*.mpc=00;36:*.ogg=00;36:*.ra=00;36:*.wav=00;36:*.oga=00;36:*.opus=00;36:*.spx=00;36:*.xspf=00;36:'), ('ROS_DOMAIN_ID', '0'), ('AMENT_PREFIX_PATH', '/dev_ws/install:/opt/ros/humble'), ('DEBIAN_FRONTEND', 'noninteractive'), ('TERMINATOR_UUID', 'urn:uuid:f94316ff-644a-45a6-8ebc-68eacf2d4390'), ('PWD', '/dev_ws/build/ur_dashboard_msgs'), ('LC_ALL', 'C.UTF-8'), ('PYTHONPATH', '/dev_ws/build/easy_handeye2:/dev_ws/install/lib/python3.10/site-packages:/dev_ws/install/local/lib/python3.10/dist-packages:/opt/ros/humble/lib/python3.10/site-packages:/opt/ros/humble/local/lib/python3.10/dist-packages'), ('NVIDIA_VISIBLE_DEVICES', 'all'), ('COLCON', '1'), ('VTE_VERSION', '6800'), ('CMAKE_PREFIX_PATH', '/dev_ws/install:/opt/ros/humble')]), 'shell': False}
[1.502021] (-) TimerEvent: {}
[1.520266] (ur_dashboard_msgs) StdoutLine: {'line': b'[  1%] \x1b[34m\x1b[1mGenerating C code for ROS interfaces\x1b[0m\n'}
[1.531737] (ur_dashboard_msgs) StdoutLine: {'line': b'[  1%] \x1b[34m\x1b[1mGenerating C++ code for ROS interfaces\x1b[0m\n'}
[1.537725] (ur_dashboard_msgs) StdoutLine: {'line': b'[  1%] Built target ament_cmake_python_copy_ur_dashboard_msgs\n'}
[1.602161] (-) TimerEvent: {}
[1.702511] (-) TimerEvent: {}
[1.721150] (ur_dashboard_msgs) StdoutLine: {'line': b'running egg_info\n'}
[1.721567] (ur_dashboard_msgs) StdoutLine: {'line': b'creating ur_dashboard_msgs.egg-info\n'}
[1.721799] (ur_dashboard_msgs) StdoutLine: {'line': b'writing ur_dashboard_msgs.egg-info/PKG-INFO\n'}
[1.721940] (ur_dashboard_msgs) StdoutLine: {'line': b'writing dependency_links to ur_dashboard_msgs.egg-info/dependency_links.txt\n'}
[1.722057] (ur_dashboard_msgs) StdoutLine: {'line': b'writing top-level names to ur_dashboard_msgs.egg-info/top_level.txt\n'}
[1.722185] (ur_dashboard_msgs) StdoutLine: {'line': b"writing manifest file 'ur_dashboard_msgs.egg-info/SOURCES.txt'\n"}
[1.723688] (ur_dashboard_msgs) StdoutLine: {'line': b"reading manifest file 'ur_dashboard_msgs.egg-info/SOURCES.txt'\n"}
[1.724060] (ur_dashboard_msgs) StdoutLine: {'line': b"writing manifest file 'ur_dashboard_msgs.egg-info/SOURCES.txt'\n"}
[1.747393] (ur_dashboard_msgs) StdoutLine: {'line': b'[  1%] Built target ament_cmake_python_build_ur_dashboard_msgs_egg\n'}
[1.802604] (-) TimerEvent: {}
[1.902991] (-) TimerEvent: {}
[2.003238] (-) TimerEvent: {}
[2.103512] (-) TimerEvent: {}
[2.203833] (-) TimerEvent: {}
[2.304236] (-) TimerEvent: {}
[2.404599] (-) TimerEvent: {}
[2.504884] (-) TimerEvent: {}
[2.507301] (ur_dashboard_msgs) StdoutLine: {'line': b'[  1%] \x1b[32mBuilding C object CMakeFiles/ur_dashboard_msgs__rosidl_generator_c.dir/rosidl_generator_c/ur_dashboard_msgs/msg/detail/program_state__functions.c.o\x1b[0m\n'}
[2.507931] (ur_dashboard_msgs) StdoutLine: {'line': b'[  3%] \x1b[32mBuilding C object CMakeFiles/ur_dashboard_msgs__rosidl_generator_c.dir/rosidl_generator_c/ur_dashboard_msgs/msg/detail/safety_mode__functions.c.o\x1b[0m\n'}
[2.508112] (ur_dashboard_msgs) StdoutLine: {'line': b'[  4%] \x1b[32mBuilding C object CMakeFiles/ur_dashboard_msgs__rosidl_generator_c.dir/rosidl_generator_c/ur_dashboard_msgs/srv/detail/add_to_log__functions.c.o\x1b[0m\n'}
[2.508707] (ur_dashboard_msgs) StdoutLine: {'line': b'[  4%] \x1b[32mBuilding C object CMakeFiles/ur_dashboard_msgs__rosidl_generator_c.dir/rosidl_generator_c/ur_dashboard_msgs/msg/detail/robot_mode__functions.c.o\x1b[0m\n'}
[2.508838] (ur_dashboard_msgs) StdoutLine: {'line': b'[  4%] \x1b[32mBuilding C object CMakeFiles/ur_dashboard_msgs__rosidl_generator_c.dir/rosidl_generator_c/ur_dashboard_msgs/srv/detail/get_loaded_program__functions.c.o\x1b[0m\n'}
[2.512605] (ur_dashboard_msgs) StdoutLine: {'line': b'[  5%] \x1b[32mBuilding C object CMakeFiles/ur_dashboard_msgs__rosidl_generator_c.dir/rosidl_generator_c/ur_dashboard_msgs/srv/detail/get_program_state__functions.c.o\x1b[0m\n'}
[2.515497] (ur_dashboard_msgs) StdoutLine: {'line': b'[  6%] \x1b[32mBuilding C object CMakeFiles/ur_dashboard_msgs__rosidl_generator_c.dir/rosidl_generator_c/ur_dashboard_msgs/srv/detail/get_robot_mode__functions.c.o\x1b[0m\n'}
[2.518245] (ur_dashboard_msgs) StdoutLine: {'line': b'[  7%] \x1b[32mBuilding C object CMakeFiles/ur_dashboard_msgs__rosidl_generator_c.dir/rosidl_generator_c/ur_dashboard_msgs/srv/detail/get_safety_mode__functions.c.o\x1b[0m\n'}
[2.519964] (ur_dashboard_msgs) StdoutLine: {'line': b'[  7%] \x1b[32mBuilding C object CMakeFiles/ur_dashboard_msgs__rosidl_generator_c.dir/rosidl_generator_c/ur_dashboard_msgs/srv/detail/is_program_running__functions.c.o\x1b[0m\n'}
[2.527801] (ur_dashboard_msgs) StdoutLine: {'line': b'[  8%] \x1b[32mBuilding C object CMakeFiles/ur_dashboard_msgs__rosidl_generator_c.dir/rosidl_generator_c/ur_dashboard_msgs/srv/detail/is_program_saved__functions.c.o\x1b[0m\n'}
[2.529023] (ur_dashboard_msgs) StdoutLine: {'line': b'[  9%] \x1b[32mBuilding C object CMakeFiles/ur_dashboard_msgs__rosidl_generator_c.dir/rosidl_generator_c/ur_dashboard_msgs/srv/detail/load__functions.c.o\x1b[0m\n'}
[2.530177] (ur_dashboard_msgs) StdoutLine: {'line': b'[ 10%] \x1b[32mBuilding C object CMakeFiles/ur_dashboard_msgs__rosidl_generator_c.dir/rosidl_generator_c/ur_dashboard_msgs/srv/detail/popup__functions.c.o\x1b[0m\n'}
[2.533997] (ur_dashboard_msgs) StdoutLine: {'line': b'[ 10%] \x1b[32mBuilding C object CMakeFiles/ur_dashboard_msgs__rosidl_generator_c.dir/rosidl_generator_c/ur_dashboard_msgs/srv/detail/raw_request__functions.c.o\x1b[0m\n'}
[2.536805] (ur_dashboard_msgs) StdoutLine: {'line': b'[ 11%] \x1b[32mBuilding C object CMakeFiles/ur_dashboard_msgs__rosidl_generator_c.dir/rosidl_generator_c/ur_dashboard_msgs/action/detail/set_mode__functions.c.o\x1b[0m\n'}
[2.545481] (ur_dashboard_msgs) StdoutLine: {'line': b'[ 11%] Built target ur_dashboard_msgs__cpp\n'}
[2.559508] (ur_dashboard_msgs) StdoutLine: {'line': b'[ 12%] \x1b[34m\x1b[1mGenerating C++ type support dispatch for ROS interfaces\x1b[0m\n'}
[2.559894] (ur_dashboard_msgs) StdoutLine: {'line': b'[ 13%] \x1b[34m\x1b[1mGenerating C++ type support for eProsima Fast-RTPS\x1b[0m\n'}
[2.561316] (ur_dashboard_msgs) StdoutLine: {'line': b'[ 13%] \x1b[34m\x1b[1mGenerating C++ introspection for ROS interfaces\x1b[0m\n'}
[2.604985] (-) TimerEvent: {}
[2.680531] (ur_dashboard_msgs) StdoutLine: {'line': b'[ 14%] \x1b[32m\x1b[1mLinking C shared library libur_dashboard_msgs__rosidl_generator_c.so\x1b[0m\n'}
[2.705088] (-) TimerEvent: {}
[2.724200] (ur_dashboard_msgs) StdoutLine: {'line': b'[ 14%] Built target ur_dashboard_msgs__rosidl_generator_c\n'}
[2.735247] (ur_dashboard_msgs) StdoutLine: {'line': b'[ 15%] \x1b[34m\x1b[1mGenerating C introspection for ROS interfaces\x1b[0m\n'}
[2.737294] (ur_dashboard_msgs) StdoutLine: {'line': b'[ 16%] \x1b[34m\x1b[1mGenerating C type support for eProsima Fast-RTPS\x1b[0m\n'}
[2.738691] (ur_dashboard_msgs) StdoutLine: {'line': b'[ 17%] \x1b[34m\x1b[1mGenerating C type support dispatch for ROS interfaces\x1b[0m\n'}
[2.805338] (-) TimerEvent: {}
[2.905745] (-) TimerEvent: {}
[3.006176] (-) TimerEvent: {}
[3.106596] (-) TimerEvent: {}
[3.207001] (-) TimerEvent: {}
[3.271049] (ur_dashboard_msgs) StdoutLine: {'line': b'[ 19%] \x1b[32mBuilding CXX object CMakeFiles/ur_dashboard_msgs__rosidl_typesupport_cpp.dir/rosidl_typesupport_cpp/ur_dashboard_msgs/srv/get_robot_mode__type_support.cpp.o\x1b[0m\n'}
[3.271746] (ur_dashboard_msgs) StdoutLine: {'line': b'[ 19%] \x1b[32mBuilding CXX object CMakeFiles/ur_dashboard_msgs__rosidl_typesupport_cpp.dir/rosidl_typesupport_cpp/ur_dashboard_msgs/msg/program_state__type_support.cpp.o\x1b[0m\n'}
[3.272005] (ur_dashboard_msgs) StdoutLine: {'line': b'[ 21%] \x1b[32mBuilding CXX object CMakeFiles/ur_dashboard_msgs__rosidl_typesupport_cpp.dir/rosidl_typesupport_cpp/ur_dashboard_msgs/srv/load__type_support.cpp.o\x1b[0m\n'}
[3.272165] (ur_dashboard_msgs) StdoutLine: {'line': b'[ 21%] \x1b[32mBuilding CXX object CMakeFiles/ur_dashboard_msgs__rosidl_typesupport_cpp.dir/rosidl_typesupport_cpp/ur_dashboard_msgs/msg/robot_mode__type_support.cpp.o\x1b[0m\n'}
[3.272315] (ur_dashboard_msgs) StdoutLine: {'line': b'[ 21%] \x1b[32mBuilding CXX object CMakeFiles/ur_dashboard_msgs__rosidl_typesupport_cpp.dir/rosidl_typesupport_cpp/ur_dashboard_msgs/msg/safety_mode__type_support.cpp.o\x1b[0m\n'}
[3.272446] (ur_dashboard_msgs) StdoutLine: {'line': b'[ 23%] \x1b[32mBuilding CXX object CMakeFiles/ur_dashboard_msgs__rosidl_typesupport_cpp.dir/rosidl_typesupport_cpp/ur_dashboard_msgs/srv/is_program_running__type_support.cpp.o\x1b[0m\n'}
[3.272571] (ur_dashboard_msgs) StdoutLine: {'line': b'[ 23%] \x1b[32mBuilding CXX object CMakeFiles/ur_dashboard_msgs__rosidl_typesupport_cpp.dir/rosidl_typesupport_cpp/ur_dashboard_msgs/srv/get_loaded_program__type_support.cpp.o\x1b[0m\n'}
[3.272710] (ur_dashboard_msgs) StdoutLine: {'line': b'[ 24%] \x1b[32mBuilding CXX object CMakeFiles/ur_dashboard_msgs__rosidl_typesupport_cpp.dir/rosidl_typesupport_cpp/ur_dashboard_msgs/srv/add_to_log__type_support.cpp.o\x1b[0m\n'}
[3.272828] (ur_dashboard_msgs) StdoutLine: {'line': b'[ 25%] \x1b[32mBuilding CXX object CMakeFiles/ur_dashboard_msgs__rosidl_typesupport_cpp.dir/rosidl_typesupport_cpp/ur_dashboard_msgs/srv/get_program_state__type_support.cpp.o\x1b[0m\n'}
[3.272942] (ur_dashboard_msgs) StdoutLine: {'line': b'[ 25%] \x1b[32mBuilding CXX object CMakeFiles/ur_dashboard_msgs__rosidl_typesupport_cpp.dir/rosidl_typesupport_cpp/ur_dashboard_msgs/srv/get_safety_mode__type_support.cpp.o\x1b[0m\n'}
[3.273056] (ur_dashboard_msgs) StdoutLine: {'line': b'[ 26%] \x1b[32mBuilding CXX object CMakeFiles/ur_dashboard_msgs__rosidl_typesupport_cpp.dir/rosidl_typesupport_cpp/ur_dashboard_msgs/srv/popup__type_support.cpp.o\x1b[0m\n'}
[3.273185] (ur_dashboard_msgs) StdoutLine: {'line': b'[ 27%] \x1b[32mBuilding CXX object CMakeFiles/ur_dashboard_msgs__rosidl_typesupport_cpp.dir/rosidl_typesupport_cpp/ur_dashboard_msgs/srv/raw_request__type_support.cpp.o\x1b[0m\n'}
[3.273393] (ur_dashboard_msgs) StdoutLine: {'line': b'[ 27%] \x1b[32mBuilding CXX object CMakeFiles/ur_dashboard_msgs__rosidl_typesupport_cpp.dir/rosidl_typesupport_cpp/ur_dashboard_msgs/action/set_mode__type_support.cpp.o\x1b[0m\n'}
[3.273529] (ur_dashboard_msgs) StdoutLine: {'line': b'[ 27%] \x1b[32mBuilding CXX object CMakeFiles/ur_dashboard_msgs__rosidl_typesupport_cpp.dir/rosidl_typesupport_cpp/ur_dashboard_msgs/srv/is_program_saved__type_support.cpp.o\x1b[0m\n'}
[3.309214] (-) TimerEvent: {}
[3.409586] (-) TimerEvent: {}
[3.509994] (-) TimerEvent: {}
[3.612240] (-) TimerEvent: {}
[3.665510] (ur_dashboard_msgs) StdoutLine: {'line': b'[ 27%] \x1b[32mBuilding CXX object CMakeFiles/ur_dashboard_msgs__rosidl_typesupport_c.dir/rosidl_typesupport_c/ur_dashboard_msgs/msg/program_state__type_support.cpp.o\x1b[0m\n'}
[3.683825] (ur_dashboard_msgs) StdoutLine: {'line': b'[ 28%] \x1b[32mBuilding CXX object CMakeFiles/ur_dashboard_msgs__rosidl_typesupport_c.dir/rosidl_typesupport_c/ur_dashboard_msgs/msg/robot_mode__type_support.cpp.o\x1b[0m\n'}
[3.696375] (ur_dashboard_msgs) StdoutLine: {'line': b'[ 29%] \x1b[32mBuilding CXX object CMakeFiles/ur_dashboard_msgs__rosidl_typesupport_c.dir/rosidl_typesupport_c/ur_dashboard_msgs/srv/add_to_log__type_support.cpp.o\x1b[0m\n'}
[3.696594] (ur_dashboard_msgs) StdoutLine: {'line': b'[ 30%] \x1b[32mBuilding CXX object CMakeFiles/ur_dashboard_msgs__rosidl_typesupport_c.dir/rosidl_typesupport_c/ur_dashboard_msgs/msg/safety_mode__type_support.cpp.o\x1b[0m\n'}
[3.696687] (ur_dashboard_msgs) StdoutLine: {'line': b'[ 31%] \x1b[32mBuilding CXX object CMakeFiles/ur_dashboard_msgs__rosidl_typesupport_c.dir/rosidl_typesupport_c/ur_dashboard_msgs/srv/get_program_state__type_support.cpp.o\x1b[0m\n'}
[3.697770] (ur_dashboard_msgs) StdoutLine: {'line': b'[ 31%] \x1b[32mBuilding CXX object CMakeFiles/ur_dashboard_msgs__rosidl_typesupport_c.dir/rosidl_typesupport_c/ur_dashboard_msgs/srv/get_loaded_program__type_support.cpp.o\x1b[0m\n'}
[3.698251] (ur_dashboard_msgs) StdoutLine: {'line': b'[ 31%] \x1b[32mBuilding CXX object CMakeFiles/ur_dashboard_msgs__rosidl_typesupport_c.dir/rosidl_typesupport_c/ur_dashboard_msgs/srv/is_program_running__type_support.cpp.o\x1b[0m\n'}
[3.699552] (ur_dashboard_msgs) StdoutLine: {'line': b'[ 32%] \x1b[32mBuilding CXX object CMakeFiles/ur_dashboard_msgs__rosidl_typesupport_c.dir/rosidl_typesupport_c/ur_dashboard_msgs/srv/get_robot_mode__type_support.cpp.o\x1b[0m\n'}
[3.699948] (ur_dashboard_msgs) StdoutLine: {'line': b'[ 33%] \x1b[32mBuilding CXX object CMakeFiles/ur_dashboard_msgs__rosidl_typesupport_c.dir/rosidl_typesupport_c/ur_dashboard_msgs/srv/get_safety_mode__type_support.cpp.o\x1b[0m\n'}
[3.712382] (ur_dashboard_msgs) StdoutLine: {'line': b'[ 34%] \x1b[32mBuilding CXX object CMakeFiles/ur_dashboard_msgs__rosidl_typesupport_c.dir/rosidl_typesupport_c/ur_dashboard_msgs/srv/is_program_saved__type_support.cpp.o\x1b[0m\n'}
[3.712600] (-) TimerEvent: {}
[3.724164] (ur_dashboard_msgs) StdoutLine: {'line': b'[ 35%] \x1b[32mBuilding CXX object CMakeFiles/ur_dashboard_msgs__rosidl_typesupport_introspection_cpp.dir/rosidl_typesupport_introspection_cpp/ur_dashboard_msgs/msg/detail/program_state__type_support.cpp.o\x1b[0m\n'}
[3.731769] (ur_dashboard_msgs) StdoutLine: {'line': b'[ 36%] \x1b[32mBuilding CXX object CMakeFiles/ur_dashboard_msgs__rosidl_typesupport_c.dir/rosidl_typesupport_c/ur_dashboard_msgs/srv/load__type_support.cpp.o\x1b[0m\n'}
[3.739058] (ur_dashboard_msgs) StdoutLine: {'line': b'[ 37%] \x1b[32mBuilding CXX object CMakeFiles/ur_dashboard_msgs__rosidl_typesupport_c.dir/rosidl_typesupport_c/ur_dashboard_msgs/srv/popup__type_support.cpp.o\x1b[0m\n'}
[3.742387] (ur_dashboard_msgs) StdoutLine: {'line': b'[ 38%] \x1b[32mBuilding CXX object CMakeFiles/ur_dashboard_msgs__rosidl_typesupport_introspection_cpp.dir/rosidl_typesupport_introspection_cpp/ur_dashboard_msgs/msg/detail/robot_mode__type_support.cpp.o\x1b[0m\n'}
[3.746219] (ur_dashboard_msgs) StdoutLine: {'line': b'[ 39%] \x1b[32mBuilding CXX object CMakeFiles/ur_dashboard_msgs__rosidl_typesupport_introspection_cpp.dir/rosidl_typesupport_introspection_cpp/ur_dashboard_msgs/msg/detail/safety_mode__type_support.cpp.o\x1b[0m\n'}
[3.750270] (ur_dashboard_msgs) StdoutLine: {'line': b'[ 39%] \x1b[32mBuilding CXX object CMakeFiles/ur_dashboard_msgs__rosidl_typesupport_introspection_cpp.dir/rosidl_typesupport_introspection_cpp/ur_dashboard_msgs/srv/detail/add_to_log__type_support.cpp.o\x1b[0m\n'}
[3.758913] (ur_dashboard_msgs) StdoutLine: {'line': b'[ 39%] \x1b[32mBuilding CXX object CMakeFiles/ur_dashboard_msgs__rosidl_typesupport_c.dir/rosidl_typesupport_c/ur_dashboard_msgs/srv/raw_request__type_support.cpp.o\x1b[0m\n'}
[3.769233] (ur_dashboard_msgs) StdoutLine: {'line': b'[ 40%] \x1b[32mBuilding CXX object CMakeFiles/ur_dashboard_msgs__rosidl_typesupport_c.dir/rosidl_typesupport_c/ur_dashboard_msgs/action/set_mode__type_support.cpp.o\x1b[0m\n'}
[3.774664] (ur_dashboard_msgs) StdoutLine: {'line': b'[ 41%] \x1b[32mBuilding CXX object CMakeFiles/ur_dashboard_msgs__rosidl_typesupport_introspection_cpp.dir/rosidl_typesupport_introspection_cpp/ur_dashboard_msgs/srv/detail/get_loaded_program__type_support.cpp.o\x1b[0m\n'}
[3.776104] (ur_dashboard_msgs) StdoutLine: {'line': b'[ 42%] \x1b[32mBuilding CXX object CMakeFiles/ur_dashboard_msgs__rosidl_typesupport_introspection_cpp.dir/rosidl_typesupport_introspection_cpp/ur_dashboard_msgs/srv/detail/get_program_state__type_support.cpp.o\x1b[0m\n'}
[3.776300] (ur_dashboard_msgs) StdoutLine: {'line': b'[ 43%] \x1b[32mBuilding CXX object CMakeFiles/ur_dashboard_msgs__rosidl_typesupport_introspection_cpp.dir/rosidl_typesupport_introspection_cpp/ur_dashboard_msgs/srv/detail/get_robot_mode__type_support.cpp.o\x1b[0m\n'}
[3.783497] (ur_dashboard_msgs) StdoutLine: {'line': b'[ 43%] \x1b[32mBuilding CXX object CMakeFiles/ur_dashboard_msgs__rosidl_typesupport_introspection_cpp.dir/rosidl_typesupport_introspection_cpp/ur_dashboard_msgs/srv/detail/get_safety_mode__type_support.cpp.o\x1b[0m\n'}
[3.812523] (ur_dashboard_msgs) StdoutLine: {'line': b'[ 44%] \x1b[32mBuilding CXX object CMakeFiles/ur_dashboard_msgs__rosidl_typesupport_introspection_cpp.dir/rosidl_typesupport_introspection_cpp/ur_dashboard_msgs/srv/detail/is_program_running__type_support.cpp.o\x1b[0m\n'}
[3.812741] (-) TimerEvent: {}
[3.826260] (ur_dashboard_msgs) StdoutLine: {'line': b'[ 45%] \x1b[32mBuilding CXX object CMakeFiles/ur_dashboard_msgs__rosidl_typesupport_introspection_cpp.dir/rosidl_typesupport_introspection_cpp/ur_dashboard_msgs/srv/detail/is_program_saved__type_support.cpp.o\x1b[0m\n'}
[3.839229] (ur_dashboard_msgs) StdoutLine: {'line': b'[ 46%] \x1b[32m\x1b[1mLinking CXX shared library libur_dashboard_msgs__rosidl_typesupport_c.so\x1b[0m\n'}
[3.902182] (ur_dashboard_msgs) StdoutLine: {'line': b'[ 46%] Built target ur_dashboard_msgs__rosidl_typesupport_c\n'}
[3.916211] (ur_dashboard_msgs) StdoutLine: {'line': b'[ 47%] \x1b[32mBuilding CXX object CMakeFiles/ur_dashboard_msgs__rosidl_typesupport_introspection_cpp.dir/rosidl_typesupport_introspection_cpp/ur_dashboard_msgs/srv/detail/load__type_support.cpp.o\x1b[0m\n'}
[3.916432] (-) TimerEvent: {}
[4.016684] (-) TimerEvent: {}
[4.026420] (ur_dashboard_msgs) StdoutLine: {'line': b'[ 47%] \x1b[32mBuilding CXX object CMakeFiles/ur_dashboard_msgs__rosidl_typesupport_introspection_cpp.dir/rosidl_typesupport_introspection_cpp/ur_dashboard_msgs/srv/detail/popup__type_support.cpp.o\x1b[0m\n'}
[4.039193] (ur_dashboard_msgs) StdoutLine: {'line': b'[ 48%] \x1b[32mBuilding CXX object CMakeFiles/ur_dashboard_msgs__rosidl_typesupport_introspection_cpp.dir/rosidl_typesupport_introspection_cpp/ur_dashboard_msgs/srv/detail/raw_request__type_support.cpp.o\x1b[0m\n'}
[4.059199] (ur_dashboard_msgs) StdoutLine: {'line': b'[ 49%] \x1b[32mBuilding CXX object CMakeFiles/ur_dashboard_msgs__rosidl_typesupport_introspection_cpp.dir/rosidl_typesupport_introspection_cpp/ur_dashboard_msgs/action/detail/set_mode__type_support.cpp.o\x1b[0m\n'}
[4.104734] (ur_dashboard_msgs) StdoutLine: {'line': b'[ 50%] \x1b[32m\x1b[1mLinking CXX shared library libur_dashboard_msgs__rosidl_typesupport_cpp.so\x1b[0m\n'}
[4.116797] (-) TimerEvent: {}
[4.192327] (ur_dashboard_msgs) StdoutLine: {'line': b'[ 50%] Built target ur_dashboard_msgs__rosidl_typesupport_cpp\n'}
[4.195558] (ur_dashboard_msgs) StdoutLine: {'line': b'[ 52%] \x1b[32mBuilding CXX object CMakeFiles/ur_dashboard_msgs__rosidl_typesupport_fastrtps_cpp.dir/rosidl_typesupport_fastrtps_cpp/ur_dashboard_msgs/msg/detail/dds_fastrtps/robot_mode__type_support.cpp.o\x1b[0m\n'}
[4.196664] (ur_dashboard_msgs) StdoutLine: {'line': b'[ 52%] \x1b[32mBuilding CXX object CMakeFiles/ur_dashboard_msgs__rosidl_typesupport_fastrtps_cpp.dir/rosidl_typesupport_fastrtps_cpp/ur_dashboard_msgs/msg/detail/dds_fastrtps/program_state__type_support.cpp.o\x1b[0m\n'}
[4.199813] (ur_dashboard_msgs) StdoutLine: {'line': b'[ 52%] \x1b[32mBuilding CXX object CMakeFiles/ur_dashboard_msgs__rosidl_typesupport_fastrtps_cpp.dir/rosidl_typesupport_fastrtps_cpp/ur_dashboard_msgs/msg/detail/dds_fastrtps/safety_mode__type_support.cpp.o\x1b[0m\n'}
[4.210308] (ur_dashboard_msgs) StdoutLine: {'line': b'[ 53%] \x1b[32mBuilding CXX object CMakeFiles/ur_dashboard_msgs__rosidl_typesupport_fastrtps_cpp.dir/rosidl_typesupport_fastrtps_cpp/ur_dashboard_msgs/srv/detail/dds_fastrtps/add_to_log__type_support.cpp.o\x1b[0m\n'}
[4.218797] (-) TimerEvent: {}
[4.295281] (ur_dashboard_msgs) StdoutLine: {'line': b'[ 54%] \x1b[32mBuilding CXX object CMakeFiles/ur_dashboard_msgs__rosidl_typesupport_fastrtps_cpp.dir/rosidl_typesupport_fastrtps_cpp/ur_dashboard_msgs/srv/detail/dds_fastrtps/get_loaded_program__type_support.cpp.o\x1b[0m\n'}
[4.311745] (ur_dashboard_msgs) StdoutLine: {'line': b'[ 55%] \x1b[32mBuilding CXX object CMakeFiles/ur_dashboard_msgs__rosidl_typesupport_fastrtps_cpp.dir/rosidl_typesupport_fastrtps_cpp/ur_dashboard_msgs/srv/detail/dds_fastrtps/get_program_state__type_support.cpp.o\x1b[0m\n'}
[4.318919] (-) TimerEvent: {}
[4.361940] (ur_dashboard_msgs) StdoutLine: {'line': b'[ 55%] \x1b[32mBuilding CXX object CMakeFiles/ur_dashboard_msgs__rosidl_typesupport_fastrtps_cpp.dir/rosidl_typesupport_fastrtps_cpp/ur_dashboard_msgs/srv/detail/dds_fastrtps/get_robot_mode__type_support.cpp.o\x1b[0m\n'}
[4.372265] (ur_dashboard_msgs) StdoutLine: {'line': b'[ 56%] \x1b[32mBuilding CXX object CMakeFiles/ur_dashboard_msgs__rosidl_typesupport_fastrtps_cpp.dir/rosidl_typesupport_fastrtps_cpp/ur_dashboard_msgs/srv/detail/dds_fastrtps/get_safety_mode__type_support.cpp.o\x1b[0m\n'}
[4.390190] (ur_dashboard_msgs) StdoutLine: {'line': b'[ 57%] \x1b[32mBuilding CXX object CMakeFiles/ur_dashboard_msgs__rosidl_typesupport_fastrtps_cpp.dir/rosidl_typesupport_fastrtps_cpp/ur_dashboard_msgs/srv/detail/dds_fastrtps/is_program_running__type_support.cpp.o\x1b[0m\n'}
[4.419040] (-) TimerEvent: {}
[4.439275] (ur_dashboard_msgs) StdoutLine: {'line': b'[ 58%] \x1b[32mBuilding CXX object CMakeFiles/ur_dashboard_msgs__rosidl_typesupport_fastrtps_cpp.dir/rosidl_typesupport_fastrtps_cpp/ur_dashboard_msgs/srv/detail/dds_fastrtps/is_program_saved__type_support.cpp.o\x1b[0m\n'}
[4.513562] (ur_dashboard_msgs) StdoutLine: {'line': b'[ 58%] \x1b[32mBuilding CXX object CMakeFiles/ur_dashboard_msgs__rosidl_typesupport_fastrtps_cpp.dir/rosidl_typesupport_fastrtps_cpp/ur_dashboard_msgs/srv/detail/dds_fastrtps/load__type_support.cpp.o\x1b[0m\n'}
[4.522210] (-) TimerEvent: {}
[4.579049] (ur_dashboard_msgs) StdoutLine: {'line': b'[ 59%] \x1b[32mBuilding CXX object CMakeFiles/ur_dashboard_msgs__rosidl_typesupport_fastrtps_c.dir/rosidl_typesupport_fastrtps_c/ur_dashboard_msgs/msg/detail/program_state__type_support_c.cpp.o\x1b[0m\n'}
[4.622324] (-) TimerEvent: {}
[4.675222] (ur_dashboard_msgs) StdoutLine: {'line': b'[ 59%] \x1b[32mBuilding CXX object CMakeFiles/ur_dashboard_msgs__rosidl_typesupport_fastrtps_c.dir/rosidl_typesupport_fastrtps_c/ur_dashboard_msgs/msg/detail/robot_mode__type_support_c.cpp.o\x1b[0m\n'}
[4.722447] (-) TimerEvent: {}
[4.813028] (ur_dashboard_msgs) StdoutLine: {'line': b'[ 60%] \x1b[32mBuilding CXX object CMakeFiles/ur_dashboard_msgs__rosidl_typesupport_fastrtps_c.dir/rosidl_typesupport_fastrtps_c/ur_dashboard_msgs/msg/detail/safety_mode__type_support_c.cpp.o\x1b[0m\n'}
[4.822565] (-) TimerEvent: {}
[4.838455] (ur_dashboard_msgs) StdoutLine: {'line': b'[ 61%] \x1b[32mBuilding CXX object CMakeFiles/ur_dashboard_msgs__rosidl_typesupport_fastrtps_c.dir/rosidl_typesupport_fastrtps_c/ur_dashboard_msgs/srv/detail/add_to_log__type_support_c.cpp.o\x1b[0m\n'}
[4.895459] (ur_dashboard_msgs) StdoutLine: {'line': b'[ 62%] \x1b[32mBuilding CXX object CMakeFiles/ur_dashboard_msgs__rosidl_typesupport_fastrtps_cpp.dir/rosidl_typesupport_fastrtps_cpp/ur_dashboard_msgs/srv/detail/dds_fastrtps/popup__type_support.cpp.o\x1b[0m\n'}
[4.911495] (ur_dashboard_msgs) StdoutLine: {'line': b'[ 63%] \x1b[32mBuilding CXX object CMakeFiles/ur_dashboard_msgs__rosidl_typesupport_fastrtps_cpp.dir/rosidl_typesupport_fastrtps_cpp/ur_dashboard_msgs/srv/detail/dds_fastrtps/raw_request__type_support.cpp.o\x1b[0m\n'}
[4.911787] (ur_dashboard_msgs) StdoutLine: {'line': b'[ 64%] \x1b[32mBuilding CXX object CMakeFiles/ur_dashboard_msgs__rosidl_typesupport_fastrtps_c.dir/rosidl_typesupport_fastrtps_c/ur_dashboard_msgs/srv/detail/get_loaded_program__type_support_c.cpp.o\x1b[0m\n'}
[4.922681] (-) TimerEvent: {}
[4.946517] (ur_dashboard_msgs) StdoutLine: {'line': b'[ 65%] \x1b[32mBuilding CXX object CMakeFiles/ur_dashboard_msgs__rosidl_typesupport_fastrtps_cpp.dir/rosidl_typesupport_fastrtps_cpp/ur_dashboard_msgs/action/detail/dds_fastrtps/set_mode__type_support.cpp.o\x1b[0m\n'}
[4.950822] (ur_dashboard_msgs) StdoutLine: {'line': b'[ 65%] \x1b[32mBuilding CXX object CMakeFiles/ur_dashboard_msgs__rosidl_typesupport_fastrtps_c.dir/rosidl_typesupport_fastrtps_c/ur_dashboard_msgs/srv/detail/get_program_state__type_support_c.cpp.o\x1b[0m\n'}
[4.984122] (ur_dashboard_msgs) StdoutLine: {'line': b'[ 66%] \x1b[32mBuilding CXX object CMakeFiles/ur_dashboard_msgs__rosidl_typesupport_fastrtps_c.dir/rosidl_typesupport_fastrtps_c/ur_dashboard_msgs/srv/detail/get_robot_mode__type_support_c.cpp.o\x1b[0m\n'}
[5.022903] (-) TimerEvent: {}
[5.038250] (ur_dashboard_msgs) StdoutLine: {'line': b'[ 67%] \x1b[32mBuilding CXX object CMakeFiles/ur_dashboard_msgs__rosidl_typesupport_fastrtps_c.dir/rosidl_typesupport_fastrtps_c/ur_dashboard_msgs/srv/detail/is_program_running__type_support_c.cpp.o\x1b[0m\n'}
[5.052424] (ur_dashboard_msgs) StdoutLine: {'line': b'[ 68%] \x1b[32mBuilding CXX object CMakeFiles/ur_dashboard_msgs__rosidl_typesupport_fastrtps_c.dir/rosidl_typesupport_fastrtps_c/ur_dashboard_msgs/srv/detail/get_safety_mode__type_support_c.cpp.o\x1b[0m\n'}
[5.087377] (ur_dashboard_msgs) StdoutLine: {'line': b'[ 68%] \x1b[32mBuilding CXX object CMakeFiles/ur_dashboard_msgs__rosidl_typesupport_fastrtps_c.dir/rosidl_typesupport_fastrtps_c/ur_dashboard_msgs/srv/detail/is_program_saved__type_support_c.cpp.o\x1b[0m\n'}
[5.123941] (-) TimerEvent: {}
[5.127310] (ur_dashboard_msgs) StdoutLine: {'line': b'[ 69%] \x1b[32mBuilding CXX object CMakeFiles/ur_dashboard_msgs__rosidl_typesupport_fastrtps_c.dir/rosidl_typesupport_fastrtps_c/ur_dashboard_msgs/srv/detail/load__type_support_c.cpp.o\x1b[0m\n'}
[5.133318] (ur_dashboard_msgs) StdoutLine: {'line': b'[ 70%] \x1b[32mBuilding CXX object CMakeFiles/ur_dashboard_msgs__rosidl_typesupport_fastrtps_c.dir/rosidl_typesupport_fastrtps_c/ur_dashboard_msgs/srv/detail/popup__type_support_c.cpp.o\x1b[0m\n'}
[5.170916] (ur_dashboard_msgs) StdoutLine: {'line': b'[ 71%] \x1b[32mBuilding CXX object CMakeFiles/ur_dashboard_msgs__rosidl_typesupport_fastrtps_c.dir/rosidl_typesupport_fastrtps_c/ur_dashboard_msgs/srv/detail/raw_request__type_support_c.cpp.o\x1b[0m\n'}
[5.180792] (ur_dashboard_msgs) StdoutLine: {'line': b'[ 71%] \x1b[32mBuilding CXX object CMakeFiles/ur_dashboard_msgs__rosidl_typesupport_fastrtps_c.dir/rosidl_typesupport_fastrtps_c/ur_dashboard_msgs/action/detail/set_mode__type_support_c.cpp.o\x1b[0m\n'}
[5.191339] (ur_dashboard_msgs) StdoutLine: {'line': b'[ 72%] \x1b[32mBuilding C object CMakeFiles/ur_dashboard_msgs__rosidl_typesupport_introspection_c.dir/rosidl_typesupport_introspection_c/ur_dashboard_msgs/msg/detail/program_state__type_support.c.o\x1b[0m\n'}
[5.225204] (-) TimerEvent: {}
[5.276166] (ur_dashboard_msgs) StdoutLine: {'line': b'[ 73%] \x1b[32mBuilding C object CMakeFiles/ur_dashboard_msgs__rosidl_typesupport_introspection_c.dir/rosidl_typesupport_introspection_c/ur_dashboard_msgs/msg/detail/robot_mode__type_support.c.o\x1b[0m\n'}
[5.326951] (-) TimerEvent: {}
[5.340925] (ur_dashboard_msgs) StdoutLine: {'line': b'[ 73%] \x1b[32mBuilding C object CMakeFiles/ur_dashboard_msgs__rosidl_typesupport_introspection_c.dir/rosidl_typesupport_introspection_c/ur_dashboard_msgs/msg/detail/safety_mode__type_support.c.o\x1b[0m\n'}
[5.383254] (ur_dashboard_msgs) StdoutLine: {'line': b'[ 74%] \x1b[32mBuilding C object CMakeFiles/ur_dashboard_msgs__rosidl_typesupport_introspection_c.dir/rosidl_typesupport_introspection_c/ur_dashboard_msgs/srv/detail/add_to_log__type_support.c.o\x1b[0m\n'}
[5.396207] (ur_dashboard_msgs) StdoutLine: {'line': b'[ 75%] \x1b[32mBuilding C object CMakeFiles/ur_dashboard_msgs__rosidl_typesupport_introspection_c.dir/rosidl_typesupport_introspection_c/ur_dashboard_msgs/srv/detail/get_loaded_program__type_support.c.o\x1b[0m\n'}
[5.427070] (-) TimerEvent: {}
[5.455241] (ur_dashboard_msgs) StdoutLine: {'line': b'[ 76%] \x1b[32m\x1b[1mLinking CXX shared library libur_dashboard_msgs__rosidl_typesupport_introspection_cpp.so\x1b[0m\n'}
[5.461991] (ur_dashboard_msgs) StdoutLine: {'line': b'[ 77%] \x1b[32mBuilding C object CMakeFiles/ur_dashboard_msgs__rosidl_typesupport_introspection_c.dir/rosidl_typesupport_introspection_c/ur_dashboard_msgs/srv/detail/get_program_state__type_support.c.o\x1b[0m\n'}
[5.462864] (ur_dashboard_msgs) StdoutLine: {'line': b'[ 77%] \x1b[32mBuilding C object CMakeFiles/ur_dashboard_msgs__rosidl_typesupport_introspection_c.dir/rosidl_typesupport_introspection_c/ur_dashboard_msgs/srv/detail/get_robot_mode__type_support.c.o\x1b[0m\n'}
[5.479105] (ur_dashboard_msgs) StdoutLine: {'line': b'[ 78%] \x1b[32mBuilding C object CMakeFiles/ur_dashboard_msgs__rosidl_typesupport_introspection_c.dir/rosidl_typesupport_introspection_c/ur_dashboard_msgs/srv/detail/get_safety_mode__type_support.c.o\x1b[0m\n'}
[5.491173] (ur_dashboard_msgs) StdoutLine: {'line': b'[ 79%] \x1b[32mBuilding C object CMakeFiles/ur_dashboard_msgs__rosidl_typesupport_introspection_c.dir/rosidl_typesupport_introspection_c/ur_dashboard_msgs/srv/detail/is_program_running__type_support.c.o\x1b[0m\n'}
[5.505145] (ur_dashboard_msgs) StdoutLine: {'line': b'[ 79%] \x1b[32mBuilding C object CMakeFiles/ur_dashboard_msgs__rosidl_typesupport_introspection_c.dir/rosidl_typesupport_introspection_c/ur_dashboard_msgs/srv/detail/is_program_saved__type_support.c.o\x1b[0m\n'}
[5.527207] (-) TimerEvent: {}
[5.542172] (ur_dashboard_msgs) StdoutLine: {'line': b'[ 80%] \x1b[32mBuilding C object CMakeFiles/ur_dashboard_msgs__rosidl_typesupport_introspection_c.dir/rosidl_typesupport_introspection_c/ur_dashboard_msgs/srv/detail/load__type_support.c.o\x1b[0m\n'}
[5.549333] (ur_dashboard_msgs) StdoutLine: {'line': b'[ 81%] \x1b[32mBuilding C object CMakeFiles/ur_dashboard_msgs__rosidl_typesupport_introspection_c.dir/rosidl_typesupport_introspection_c/ur_dashboard_msgs/srv/detail/popup__type_support.c.o\x1b[0m\n'}
[5.555337] (ur_dashboard_msgs) StdoutLine: {'line': b'[ 82%] \x1b[32mBuilding C object CMakeFiles/ur_dashboard_msgs__rosidl_typesupport_introspection_c.dir/rosidl_typesupport_introspection_c/ur_dashboard_msgs/action/detail/set_mode__type_support.c.o\x1b[0m\n'}
[5.556385] (ur_dashboard_msgs) StdoutLine: {'line': b'[ 82%] \x1b[32mBuilding C object CMakeFiles/ur_dashboard_msgs__rosidl_typesupport_introspection_c.dir/rosidl_typesupport_introspection_c/ur_dashboard_msgs/srv/detail/raw_request__type_support.c.o\x1b[0m\n'}
[5.576210] (ur_dashboard_msgs) StdoutLine: {'line': b'[ 82%] Built target ur_dashboard_msgs__rosidl_typesupport_introspection_cpp\n'}
[5.614750] (ur_dashboard_msgs) StdoutLine: {'line': b'[ 83%] \x1b[32m\x1b[1mLinking C shared library libur_dashboard_msgs__rosidl_typesupport_introspection_c.so\x1b[0m\n'}
[5.627329] (-) TimerEvent: {}
[5.650108] (ur_dashboard_msgs) StdoutLine: {'line': b'[ 83%] Built target ur_dashboard_msgs__rosidl_typesupport_introspection_c\n'}
[5.727456] (-) TimerEvent: {}
[5.827969] (-) TimerEvent: {}
[5.839275] (ur_dashboard_msgs) StdoutLine: {'line': b'[ 83%] \x1b[32m\x1b[1mLinking CXX shared library libur_dashboard_msgs__rosidl_typesupport_fastrtps_cpp.so\x1b[0m\n'}
[5.849458] (ur_dashboard_msgs) StdoutLine: {'line': b'[ 84%] \x1b[32m\x1b[1mLinking CXX shared library libur_dashboard_msgs__rosidl_typesupport_fastrtps_c.so\x1b[0m\n'}
[5.900178] (ur_dashboard_msgs) StdoutLine: {'line': b'[ 84%] Built target ur_dashboard_msgs__rosidl_typesupport_fastrtps_cpp\n'}
[5.908560] (ur_dashboard_msgs) StdoutLine: {'line': b'[ 84%] Built target ur_dashboard_msgs__rosidl_typesupport_fastrtps_c\n'}
[5.924385] (ur_dashboard_msgs) StdoutLine: {'line': b'[ 84%] Built target ur_dashboard_msgs\n'}
[5.928191] (-) TimerEvent: {}
[5.942641] (ur_dashboard_msgs) StdoutLine: {'line': b'[ 85%] \x1b[34m\x1b[1mGenerating Python code for ROS interfaces\x1b[0m\n'}
[6.028438] (-) TimerEvent: {}
[6.128829] (-) TimerEvent: {}
[6.229210] (-) TimerEvent: {}
[6.329457] (-) TimerEvent: {}
[6.429823] (-) TimerEvent: {}
[6.530198] (-) TimerEvent: {}
[6.630577] (-) TimerEvent: {}
[6.730881] (-) TimerEvent: {}
[6.831249] (-) TimerEvent: {}
[6.931709] (-) TimerEvent: {}
[7.031975] (-) TimerEvent: {}
[7.132251] (-) TimerEvent: {}
[7.232444] (-) TimerEvent: {}
[7.332739] (-) TimerEvent: {}
[7.433019] (-) TimerEvent: {}
[7.510546] (ur_dashboard_msgs) StdoutLine: {'line': b'[ 85%] Built target ur_dashboard_msgs__py\n'}
[7.533292] (-) TimerEvent: {}
[7.537888] (ur_dashboard_msgs) StdoutLine: {'line': b'[ 86%] \x1b[32mBuilding C object CMakeFiles/ur_dashboard_msgs__rosidl_generator_py.dir/rosidl_generator_py/ur_dashboard_msgs/msg/_program_state_s.c.o\x1b[0m\n'}
[7.542184] (ur_dashboard_msgs) StdoutLine: {'line': b'[ 87%] \x1b[32mBuilding C object CMakeFiles/ur_dashboard_msgs__rosidl_generator_py.dir/rosidl_generator_py/ur_dashboard_msgs/srv/_get_loaded_program_s.c.o\x1b[0m\n'}
[7.544238] (ur_dashboard_msgs) StdoutLine: {'line': b'[ 88%] \x1b[32mBuilding C object CMakeFiles/ur_dashboard_msgs__rosidl_generator_py.dir/rosidl_generator_py/ur_dashboard_msgs/srv/_get_robot_mode_s.c.o\x1b[0m\n'}
[7.545267] (ur_dashboard_msgs) StdoutLine: {'line': b'[ 89%] \x1b[32mBuilding C object CMakeFiles/ur_dashboard_msgs__rosidl_generator_py.dir/rosidl_generator_py/ur_dashboard_msgs/msg/_safety_mode_s.c.o\x1b[0m\n'}
[7.545884] (ur_dashboard_msgs) StdoutLine: {'line': b'[ 89%] \x1b[32mBuilding C object CMakeFiles/ur_dashboard_msgs__rosidl_generator_py.dir/rosidl_generator_py/ur_dashboard_msgs/srv/_get_program_state_s.c.o\x1b[0m\n'}
[7.546520] (ur_dashboard_msgs) StdoutLine: {'line': b'[ 89%] \x1b[32mBuilding C object CMakeFiles/ur_dashboard_msgs__rosidl_generator_py.dir/rosidl_generator_py/ur_dashboard_msgs/srv/_is_program_saved_s.c.o\x1b[0m\n'}
[7.548924] (ur_dashboard_msgs) StdoutLine: {'line': b'[ 90%] \x1b[32mBuilding C object CMakeFiles/ur_dashboard_msgs__rosidl_generator_py.dir/rosidl_generator_py/ur_dashboard_msgs/msg/_robot_mode_s.c.o\x1b[0m\n'}
[7.549396] (ur_dashboard_msgs) StdoutLine: {'line': b'[ 90%] \x1b[32mBuilding C object CMakeFiles/ur_dashboard_msgs__rosidl_generator_py.dir/rosidl_generator_py/ur_dashboard_msgs/srv/_add_to_log_s.c.o\x1b[0m\n'}
[7.550958] (ur_dashboard_msgs) StdoutLine: {'line': b'[ 91%] \x1b[32mBuilding C object CMakeFiles/ur_dashboard_msgs__rosidl_generator_py.dir/rosidl_generator_py/ur_dashboard_msgs/srv/_popup_s.c.o\x1b[0m\n'}
[7.552345] (ur_dashboard_msgs) StdoutLine: {'line': b'[ 91%] \x1b[32mBuilding C object CMakeFiles/ur_dashboard_msgs__rosidl_generator_py.dir/rosidl_generator_py/ur_dashboard_msgs/srv/_raw_request_s.c.o\x1b[0m\n'}
[7.554560] (ur_dashboard_msgs) StdoutLine: {'line': b'[ 92%] \x1b[32mBuilding C object CMakeFiles/ur_dashboard_msgs__rosidl_generator_py.dir/rosidl_generator_py/ur_dashboard_msgs/srv/_is_program_running_s.c.o\x1b[0m\n'}
[7.555349] (ur_dashboard_msgs) StdoutLine: {'line': b'[ 93%] \x1b[32mBuilding C object CMakeFiles/ur_dashboard_msgs__rosidl_generator_py.dir/rosidl_generator_py/ur_dashboard_msgs/srv/_get_safety_mode_s.c.o\x1b[0m\n'}
[7.557458] (ur_dashboard_msgs) StdoutLine: {'line': b'[ 94%] \x1b[32mBuilding C object CMakeFiles/ur_dashboard_msgs__rosidl_generator_py.dir/rosidl_generator_py/ur_dashboard_msgs/srv/_load_s.c.o\x1b[0m\n'}
[7.559114] (ur_dashboard_msgs) StdoutLine: {'line': b'[ 95%] \x1b[32mBuilding C object CMakeFiles/ur_dashboard_msgs__rosidl_generator_py.dir/rosidl_generator_py/ur_dashboard_msgs/action/_set_mode_s.c.o\x1b[0m\n'}
[7.633374] (-) TimerEvent: {}
[7.726298] (ur_dashboard_msgs) StdoutLine: {'line': b'[ 96%] \x1b[32m\x1b[1mLinking C shared library rosidl_generator_py/ur_dashboard_msgs/libur_dashboard_msgs__rosidl_generator_py.so\x1b[0m\n'}
[7.733594] (-) TimerEvent: {}
[7.780336] (ur_dashboard_msgs) StdoutLine: {'line': b'[ 96%] Built target ur_dashboard_msgs__rosidl_generator_py\n'}
[7.813854] (ur_dashboard_msgs) StdoutLine: {'line': b'[ 97%] \x1b[32mBuilding C object CMakeFiles/ur_dashboard_msgs__rosidl_typesupport_c__pyext.dir/rosidl_generator_py/ur_dashboard_msgs/_ur_dashboard_msgs_s.ep.rosidl_typesupport_c.c.o\x1b[0m\n'}
[7.815427] (ur_dashboard_msgs) StdoutLine: {'line': b'[ 98%] \x1b[32mBuilding C object CMakeFiles/ur_dashboard_msgs__rosidl_typesupport_fastrtps_c__pyext.dir/rosidl_generator_py/ur_dashboard_msgs/_ur_dashboard_msgs_s.ep.rosidl_typesupport_fastrtps_c.c.o\x1b[0m\n'}
[7.816572] (ur_dashboard_msgs) StdoutLine: {'line': b'[ 99%] \x1b[32mBuilding C object CMakeFiles/ur_dashboard_msgs__rosidl_typesupport_introspection_c__pyext.dir/rosidl_generator_py/ur_dashboard_msgs/_ur_dashboard_msgs_s.ep.rosidl_typesupport_introspection_c.c.o\x1b[0m\n'}
[7.833867] (-) TimerEvent: {}
[7.934494] (-) TimerEvent: {}
[7.956521] (ur_dashboard_msgs) StdoutLine: {'line': b'[ 99%] \x1b[32m\x1b[1mLinking C shared library rosidl_generator_py/ur_dashboard_msgs/ur_dashboard_msgs_s__rosidl_typesupport_c.cpython-310-x86_64-linux-gnu.so\x1b[0m\n'}
[7.958471] (ur_dashboard_msgs) StdoutLine: {'line': b'[100%] \x1b[32m\x1b[1mLinking C shared library rosidl_generator_py/ur_dashboard_msgs/ur_dashboard_msgs_s__rosidl_typesupport_introspection_c.cpython-310-x86_64-linux-gnu.so\x1b[0m\n'}
[7.959973] (ur_dashboard_msgs) StdoutLine: {'line': b'[100%] \x1b[32m\x1b[1mLinking C shared library rosidl_generator_py/ur_dashboard_msgs/ur_dashboard_msgs_s__rosidl_typesupport_fastrtps_c.cpython-310-x86_64-linux-gnu.so\x1b[0m\n'}
[7.989457] (ur_dashboard_msgs) StdoutLine: {'line': b'[100%] Built target ur_dashboard_msgs__rosidl_typesupport_introspection_c__pyext\n'}
[7.992905] (ur_dashboard_msgs) StdoutLine: {'line': b'[100%] Built target ur_dashboard_msgs__rosidl_typesupport_c__pyext\n'}
[7.993395] (ur_dashboard_msgs) StdoutLine: {'line': b'[100%] Built target ur_dashboard_msgs__rosidl_typesupport_fastrtps_c__pyext\n'}
[8.003732] (ur_dashboard_msgs) CommandEnded: {'returncode': 0}
[8.004483] (ur_dashboard_msgs) JobProgress: {'identifier': 'ur_dashboard_msgs', 'progress': 'install'}
[8.005377] (ur_dashboard_msgs) Command: {'cmd': ['/usr/bin/cmake', '--install', '/dev_ws/build/ur_dashboard_msgs'], 'cwd': '/dev_ws/build/ur_dashboard_msgs', 'env': OrderedDict([('HOSTNAME', 'prottay-Pulse-15-B13VFK'), ('SHLVL', '2'), ('LD_LIBRARY_PATH', '/dev_ws/install/lib:/opt/ros/humble/opt/rviz_ogre_vendor/lib:/opt/ros/humble/lib/x86_64-linux-gnu:/opt/ros/humble/lib'), ('HOME', '/home/prottay'), ('OLDPWD', '/dev_ws/src'), ('ROS_PYTHON_VERSION', '3'), ('COLORTERM', 'truecolor'), ('COLCON_PREFIX_PATH', '/dev_ws/install'), ('ROS_DISTRO', 'humble'), ('_', '/usr/bin/colcon'), ('ROS_VERSION', '2'), ('NVIDIA_DRIVER_CAPABILITIES', 'compute,display,graphics,utility,video'), ('TERM', 'xterm-256color'), ('ROS_LOCALHOST_ONLY', '1'), ('QT_X11_NO_MITSHM', '1'), ('PATH', '/opt/ros/humble/bin:/usr/local/sbin:/usr/local/bin:/usr/sbin:/usr/bin:/sbin:/bin'), ('DISPLAY', ':1'), ('LANG', 'C.UTF-8'), ('RMW_IMPLEMENTATION', 'rmw_fastrtps_cpp'), ('LS_COLORS', 'rs=0:di=01;34:ln=01;36:mh=00:pi=40;33:so=01;35:do=01;35:bd=40;33;01:cd=40;33;01:or=40;31;01:mi=00:su=37;41:sg=30;43:ca=30;41:tw=30;42:ow=34;42:st=37;44:ex=01;32:*.tar=01;31:*.tgz=01;31:*.arc=01;31:*.arj=01;31:*.taz=01;31:*.lha=01;31:*.lz4=01;31:*.lzh=01;31:*.lzma=01;31:*.tlz=01;31:*.txz=01;31:*.tzo=01;31:*.t7z=01;31:*.zip=01;31:*.z=01;31:*.dz=01;31:*.gz=01;31:*.lrz=01;31:*.lz=01;31:*.lzo=01;31:*.xz=01;31:*.zst=01;31:*.tzst=01;31:*.bz2=01;31:*.bz=01;31:*.tbz=01;31:*.tbz2=01;31:*.tz=01;31:*.deb=01;31:*.rpm=01;31:*.jar=01;31:*.war=01;31:*.ear=01;31:*.sar=01;31:*.rar=01;31:*.alz=01;31:*.ace=01;31:*.zoo=01;31:*.cpio=01;31:*.7z=01;31:*.rz=01;31:*.cab=01;31:*.wim=01;31:*.swm=01;31:*.dwm=01;31:*.esd=01;31:*.jpg=01;35:*.jpeg=01;35:*.mjpg=01;35:*.mjpeg=01;35:*.gif=01;35:*.bmp=01;35:*.pbm=01;35:*.pgm=01;35:*.ppm=01;35:*.tga=01;35:*.xbm=01;35:*.xpm=01;35:*.tif=01;35:*.tiff=01;35:*.png=01;35:*.svg=01;35:*.svgz=01;35:*.mng=01;35:*.pcx=01;35:*.mov=01;35:*.mpg=01;35:*.mpeg=01;35:*.m2v=01;35:*.mkv=01;35:*.webm=01;35:*.webp=01;35:*.ogm=01;35:*.mp4=01;35:*.m4v=01;35:*.mp4v=01;35:*.vob=01;35:*.qt=01;35:*.nuv=01;35:*.wmv=01;35:*.asf=01;35:*.rm=01;35:*.rmvb=01;35:*.flc=01;35:*.avi=01;35:*.fli=01;35:*.flv=01;35:*.gl=01;35:*.dl=01;35:*.xcf=01;35:*.xwd=01;35:*.yuv=01;35:*.cgm=01;35:*.emf=01;35:*.ogv=01;35:*.ogx=01;35:*.aac=00;36:*.au=00;36:*.flac=00;36:*.m4a=00;36:*.mid=00;36:*.midi=00;36:*.mka=00;36:*.mp3=00;36:*.mpc=00;36:*.ogg=00;36:*.ra=00;36:*.wav=00;36:*.oga=00;36:*.opus=00;36:*.spx=00;36:*.xspf=00;36:'), ('ROS_DOMAIN_ID', '0'), ('AMENT_PREFIX_PATH', '/dev_ws/install:/opt/ros/humble'), ('DEBIAN_FRONTEND', 'noninteractive'), ('TERMINATOR_UUID', 'urn:uuid:f94316ff-644a-45a6-8ebc-68eacf2d4390'), ('PWD', '/dev_ws/build/ur_dashboard_msgs'), ('LC_ALL', 'C.UTF-8'), ('PYTHONPATH', '/dev_ws/build/easy_handeye2:/dev_ws/install/lib/python3.10/site-packages:/dev_ws/install/local/lib/python3.10/dist-packages:/opt/ros/humble/lib/python3.10/site-packages:/opt/ros/humble/local/lib/python3.10/dist-packages'), ('NVIDIA_VISIBLE_DEVICES', 'all'), ('COLCON', '1'), ('VTE_VERSION', '6800'), ('CMAKE_PREFIX_PATH', '/dev_ws/install:/opt/ros/humble')]), 'shell': False}
[8.012626] (ur_dashboard_msgs) StdoutLine: {'line': b'-- Install configuration: ""\n'}
[8.012733] (ur_dashboard_msgs) StdoutLine: {'line': b'-- Installing: /dev_ws/install/share/ament_index/resource_index/rosidl_interfaces/ur_dashboard_msgs\n'}
[8.012860] (ur_dashboard_msgs) StdoutLine: {'line': b'-- Installing: /dev_ws/install/include/ur_dashboard_msgs/ur_dashboard_msgs\n'}
[8.012924] (ur_dashboard_msgs) StdoutLine: {'line': b'-- Installing: /dev_ws/install/include/ur_dashboard_msgs/ur_dashboard_msgs/msg\n'}
[8.013034] (ur_dashboard_msgs) StdoutLine: {'line': b'-- Installing: /dev_ws/install/include/ur_dashboard_msgs/ur_dashboard_msgs/msg/rosidl_generator_c__visibility_control.h\n'}
[8.013095] (ur_dashboard_msgs) StdoutLine: {'line': b'-- Installing: /dev_ws/install/include/ur_dashboard_msgs/ur_dashboard_msgs/msg/detail\n'}
[8.013212] (ur_dashboard_msgs) StdoutLine: {'line': b'-- Installing: /dev_ws/install/include/ur_dashboard_msgs/ur_dashboard_msgs/msg/detail/safety_mode__functions.c\n'}
[8.013275] (ur_dashboard_msgs) StdoutLine: {'line': b'-- Installing: /dev_ws/install/include/ur_dashboard_msgs/ur_dashboard_msgs/msg/detail/program_state__functions.c\n'}
[8.013369] (ur_dashboard_msgs) StdoutLine: {'line': b'-- Installing: /dev_ws/install/include/ur_dashboard_msgs/ur_dashboard_msgs/msg/detail/safety_mode__functions.h\n'}
[8.013463] (ur_dashboard_msgs) StdoutLine: {'line': b'-- Installing: /dev_ws/install/include/ur_dashboard_msgs/ur_dashboard_msgs/msg/detail/robot_mode__functions.h\n'}
[8.013552] (ur_dashboard_msgs) StdoutLine: {'line': b'-- Installing: /dev_ws/install/include/ur_dashboard_msgs/ur_dashboard_msgs/msg/detail/safety_mode__type_support.h\n'}
[8.013636] (ur_dashboard_msgs) StdoutLine: {'line': b'-- Installing: /dev_ws/install/include/ur_dashboard_msgs/ur_dashboard_msgs/msg/detail/safety_mode__struct.h\n'}
[8.013718] (ur_dashboard_msgs) StdoutLine: {'line': b'-- Installing: /dev_ws/install/include/ur_dashboard_msgs/ur_dashboard_msgs/msg/detail/program_state__type_support.h\n'}
[8.013792] (ur_dashboard_msgs) StdoutLine: {'line': b'-- Installing: /dev_ws/install/include/ur_dashboard_msgs/ur_dashboard_msgs/msg/detail/robot_mode__type_support.h\n'}
[8.013873] (ur_dashboard_msgs) StdoutLine: {'line': b'-- Installing: /dev_ws/install/include/ur_dashboard_msgs/ur_dashboard_msgs/msg/detail/robot_mode__struct.h\n'}
[8.013957] (ur_dashboard_msgs) StdoutLine: {'line': b'-- Installing: /dev_ws/install/include/ur_dashboard_msgs/ur_dashboard_msgs/msg/detail/program_state__functions.h\n'}
[8.014043] (ur_dashboard_msgs) StdoutLine: {'line': b'-- Installing: /dev_ws/install/include/ur_dashboard_msgs/ur_dashboard_msgs/msg/detail/robot_mode__functions.c\n'}
[8.014130] (ur_dashboard_msgs) StdoutLine: {'line': b'-- Installing: /dev_ws/install/include/ur_dashboard_msgs/ur_dashboard_msgs/msg/detail/program_state__struct.h\n'}
[8.014232] (ur_dashboard_msgs) StdoutLine: {'line': b'-- Installing: /dev_ws/install/include/ur_dashboard_msgs/ur_dashboard_msgs/msg/safety_mode.h\n'}
[8.014316] (ur_dashboard_msgs) StdoutLine: {'line': b'-- Installing: /dev_ws/install/include/ur_dashboard_msgs/ur_dashboard_msgs/msg/robot_mode.h\n'}
[8.014419] (ur_dashboard_msgs) StdoutLine: {'line': b'-- Installing: /dev_ws/install/include/ur_dashboard_msgs/ur_dashboard_msgs/msg/program_state.h\n'}
[8.014508] (ur_dashboard_msgs) StdoutLine: {'line': b'-- Installing: /dev_ws/install/include/ur_dashboard_msgs/ur_dashboard_msgs/action\n'}
[8.014605] (ur_dashboard_msgs) StdoutLine: {'line': b'-- Installing: /dev_ws/install/include/ur_dashboard_msgs/ur_dashboard_msgs/action/detail\n'}
[8.014664] (ur_dashboard_msgs) StdoutLine: {'line': b'-- Installing: /dev_ws/install/include/ur_dashboard_msgs/ur_dashboard_msgs/action/detail/set_mode__functions.c\n'}
[8.014745] (ur_dashboard_msgs) StdoutLine: {'line': b'-- Installing: /dev_ws/install/include/ur_dashboard_msgs/ur_dashboard_msgs/action/detail/set_mode__type_support.h\n'}
[8.014827] (ur_dashboard_msgs) StdoutLine: {'line': b'-- Installing: /dev_ws/install/include/ur_dashboard_msgs/ur_dashboard_msgs/action/detail/set_mode__struct.h\n'}
[8.014909] (ur_dashboard_msgs) StdoutLine: {'line': b'-- Installing: /dev_ws/install/include/ur_dashboard_msgs/ur_dashboard_msgs/action/detail/set_mode__functions.h\n'}
[8.015022] (ur_dashboard_msgs) StdoutLine: {'line': b'-- Installing: /dev_ws/install/include/ur_dashboard_msgs/ur_dashboard_msgs/action/set_mode.h\n'}
[8.015095] (ur_dashboard_msgs) StdoutLine: {'line': b'-- Installing: /dev_ws/install/include/ur_dashboard_msgs/ur_dashboard_msgs/srv\n'}
[8.015161] (ur_dashboard_msgs) StdoutLine: {'line': b'-- Installing: /dev_ws/install/include/ur_dashboard_msgs/ur_dashboard_msgs/srv/popup.h\n'}
[8.015237] (ur_dashboard_msgs) StdoutLine: {'line': b'-- Installing: /dev_ws/install/include/ur_dashboard_msgs/ur_dashboard_msgs/srv/load.h\n'}
[8.015316] (ur_dashboard_msgs) StdoutLine: {'line': b'-- Installing: /dev_ws/install/include/ur_dashboard_msgs/ur_dashboard_msgs/srv/get_program_state.h\n'}
[8.015392] (ur_dashboard_msgs) StdoutLine: {'line': b'-- Installing: /dev_ws/install/include/ur_dashboard_msgs/ur_dashboard_msgs/srv/is_program_running.h\n'}
[8.015462] (ur_dashboard_msgs) StdoutLine: {'line': b'-- Installing: /dev_ws/install/include/ur_dashboard_msgs/ur_dashboard_msgs/srv/detail\n'}
[8.015527] (ur_dashboard_msgs) StdoutLine: {'line': b'-- Installing: /dev_ws/install/include/ur_dashboard_msgs/ur_dashboard_msgs/srv/detail/get_robot_mode__functions.h\n'}
[8.015612] (ur_dashboard_msgs) StdoutLine: {'line': b'-- Installing: /dev_ws/install/include/ur_dashboard_msgs/ur_dashboard_msgs/srv/detail/is_program_saved__functions.c\n'}
[8.015697] (ur_dashboard_msgs) StdoutLine: {'line': b'-- Installing: /dev_ws/install/include/ur_dashboard_msgs/ur_dashboard_msgs/srv/detail/add_to_log__functions.h\n'}
[8.015781] (ur_dashboard_msgs) StdoutLine: {'line': b'-- Installing: /dev_ws/install/include/ur_dashboard_msgs/ur_dashboard_msgs/srv/detail/raw_request__functions.c\n'}
[8.015870] (ur_dashboard_msgs) StdoutLine: {'line': b'-- Installing: /dev_ws/install/include/ur_dashboard_msgs/ur_dashboard_msgs/srv/detail/get_robot_mode__struct.h\n'}
[8.015945] (ur_dashboard_msgs) StdoutLine: {'line': b'-- Installing: /dev_ws/install/include/ur_dashboard_msgs/ur_dashboard_msgs/srv/detail/raw_request__type_support.h\n'}
[8.016023] (ur_dashboard_msgs) StdoutLine: {'line': b'-- Installing: /dev_ws/install/include/ur_dashboard_msgs/ur_dashboard_msgs/srv/detail/add_to_log__functions.c\n'}
[8.016107] (ur_dashboard_msgs) StdoutLine: {'line': b'-- Installing: /dev_ws/install/include/ur_dashboard_msgs/ur_dashboard_msgs/srv/detail/get_loaded_program__functions.c\n'}
[8.016275] (ur_dashboard_msgs) StdoutLine: {'line': b'-- Installing: /dev_ws/install/include/ur_dashboard_msgs/ur_dashboard_msgs/srv/detail/get_loaded_program__functions.h\n'}
[8.016375] (ur_dashboard_msgs) StdoutLine: {'line': b'-- Installing: /dev_ws/install/include/ur_dashboard_msgs/ur_dashboard_msgs/srv/detail/popup__struct.h\n'}
[8.016425] (ur_dashboard_msgs) StdoutLine: {'line': b'-- Installing: /dev_ws/install/include/ur_dashboard_msgs/ur_dashboard_msgs/srv/detail/is_program_saved__type_support.h\n'}
[8.016500] (ur_dashboard_msgs) StdoutLine: {'line': b'-- Installing: /dev_ws/install/include/ur_dashboard_msgs/ur_dashboard_msgs/srv/detail/get_program_state__struct.h\n'}
[8.016605] (ur_dashboard_msgs) StdoutLine: {'line': b'-- Installing: /dev_ws/install/include/ur_dashboard_msgs/ur_dashboard_msgs/srv/detail/load__functions.h\n'}
[8.016644] (ur_dashboard_msgs) StdoutLine: {'line': b'-- Installing: /dev_ws/install/include/ur_dashboard_msgs/ur_dashboard_msgs/srv/detail/add_to_log__struct.h\n'}
[8.016710] (ur_dashboard_msgs) StdoutLine: {'line': b'-- Installing: /dev_ws/install/include/ur_dashboard_msgs/ur_dashboard_msgs/srv/detail/popup__functions.c\n'}
[8.016792] (ur_dashboard_msgs) StdoutLine: {'line': b'-- Installing: /dev_ws/install/include/ur_dashboard_msgs/ur_dashboard_msgs/srv/detail/is_program_running__struct.h\n'}
[8.016858] (ur_dashboard_msgs) StdoutLine: {'line': b'-- Installing: /dev_ws/install/include/ur_dashboard_msgs/ur_dashboard_msgs/srv/detail/is_program_saved__functions.h\n'}
[8.016930] (ur_dashboard_msgs) StdoutLine: {'line': b'-- Installing: /dev_ws/install/include/ur_dashboard_msgs/ur_dashboard_msgs/srv/detail/get_loaded_program__type_support.h\n'}
[8.016985] (ur_dashboard_msgs) StdoutLine: {'line': b'-- Installing: /dev_ws/install/include/ur_dashboard_msgs/ur_dashboard_msgs/srv/detail/popup__functions.h\n'}
[8.017043] (ur_dashboard_msgs) StdoutLine: {'line': b'-- Installing: /dev_ws/install/include/ur_dashboard_msgs/ur_dashboard_msgs/srv/detail/popup__type_support.h\n'}
[8.017118] (ur_dashboard_msgs) StdoutLine: {'line': b'-- Installing: /dev_ws/install/include/ur_dashboard_msgs/ur_dashboard_msgs/srv/detail/load__struct.h\n'}
[8.017192] (ur_dashboard_msgs) StdoutLine: {'line': b'-- Installing: /dev_ws/install/include/ur_dashboard_msgs/ur_dashboard_msgs/srv/detail/get_robot_mode__type_support.h\n'}
[8.017265] (ur_dashboard_msgs) StdoutLine: {'line': b'-- Installing: /dev_ws/install/include/ur_dashboard_msgs/ur_dashboard_msgs/srv/detail/add_to_log__type_support.h\n'}
[8.017336] (ur_dashboard_msgs) StdoutLine: {'line': b'-- Installing: /dev_ws/install/include/ur_dashboard_msgs/ur_dashboard_msgs/srv/detail/get_safety_mode__functions.c\n'}
[8.017418] (ur_dashboard_msgs) StdoutLine: {'line': b'-- Installing: /dev_ws/install/include/ur_dashboard_msgs/ur_dashboard_msgs/srv/detail/get_safety_mode__type_support.h\n'}
[8.017488] (ur_dashboard_msgs) StdoutLine: {'line': b'-- Installing: /dev_ws/install/include/ur_dashboard_msgs/ur_dashboard_msgs/srv/detail/get_robot_mode__functions.c\n'}
[8.017565] (ur_dashboard_msgs) StdoutLine: {'line': b'-- Installing: /dev_ws/install/include/ur_dashboard_msgs/ur_dashboard_msgs/srv/detail/get_program_state__functions.h\n'}
[8.017644] (ur_dashboard_msgs) StdoutLine: {'line': b'-- Installing: /dev_ws/install/include/ur_dashboard_msgs/ur_dashboard_msgs/srv/detail/get_safety_mode__struct.h\n'}
[8.017712] (ur_dashboard_msgs) StdoutLine: {'line': b'-- Installing: /dev_ws/install/include/ur_dashboard_msgs/ur_dashboard_msgs/srv/detail/raw_request__struct.h\n'}
[8.017785] (ur_dashboard_msgs) StdoutLine: {'line': b'-- Installing: /dev_ws/install/include/ur_dashboard_msgs/ur_dashboard_msgs/srv/detail/raw_request__functions.h\n'}
[8.017864] (ur_dashboard_msgs) StdoutLine: {'line': b'-- Installing: /dev_ws/install/include/ur_dashboard_msgs/ur_dashboard_msgs/srv/detail/is_program_saved__struct.h\n'}
[8.017934] (ur_dashboard_msgs) StdoutLine: {'line': b'-- Installing: /dev_ws/install/include/ur_dashboard_msgs/ur_dashboard_msgs/srv/detail/get_safety_mode__functions.h\n'}
[8.018027] (ur_dashboard_msgs) StdoutLine: {'line': b'-- Installing: /dev_ws/install/include/ur_dashboard_msgs/ur_dashboard_msgs/srv/detail/get_program_state__functions.c\n'}
[8.018097] (ur_dashboard_msgs) StdoutLine: {'line': b'-- Installing: /dev_ws/install/include/ur_dashboard_msgs/ur_dashboard_msgs/srv/detail/is_program_running__functions.c\n'}
[8.018172] (ur_dashboard_msgs) StdoutLine: {'line': b'-- Installing: /dev_ws/install/include/ur_dashboard_msgs/ur_dashboard_msgs/srv/detail/is_program_running__functions.h\n'}
[8.018241] (ur_dashboard_msgs) StdoutLine: {'line': b'-- Installing: /dev_ws/install/include/ur_dashboard_msgs/ur_dashboard_msgs/srv/detail/get_program_state__type_support.h\n'}
[8.018301] (ur_dashboard_msgs) StdoutLine: {'line': b'-- Installing: /dev_ws/install/include/ur_dashboard_msgs/ur_dashboard_msgs/srv/detail/is_program_running__type_support.h\n'}
[8.018363] (ur_dashboard_msgs) StdoutLine: {'line': b'-- Installing: /dev_ws/install/include/ur_dashboard_msgs/ur_dashboard_msgs/srv/detail/load__functions.c\n'}
[8.018437] (ur_dashboard_msgs) StdoutLine: {'line': b'-- Installing: /dev_ws/install/include/ur_dashboard_msgs/ur_dashboard_msgs/srv/detail/get_loaded_program__struct.h\n'}
[8.018501] (ur_dashboard_msgs) StdoutLine: {'line': b'-- Installing: /dev_ws/install/include/ur_dashboard_msgs/ur_dashboard_msgs/srv/detail/load__type_support.h\n'}
[8.018561] (ur_dashboard_msgs) StdoutLine: {'line': b'-- Installing: /dev_ws/install/include/ur_dashboard_msgs/ur_dashboard_msgs/srv/is_program_saved.h\n'}
[8.018619] (ur_dashboard_msgs) StdoutLine: {'line': b'-- Installing: /dev_ws/install/include/ur_dashboard_msgs/ur_dashboard_msgs/srv/get_safety_mode.h\n'}
[8.018675] (ur_dashboard_msgs) StdoutLine: {'line': b'-- Installing: /dev_ws/install/include/ur_dashboard_msgs/ur_dashboard_msgs/srv/get_loaded_program.h\n'}
[8.018728] (ur_dashboard_msgs) StdoutLine: {'line': b'-- Installing: /dev_ws/install/include/ur_dashboard_msgs/ur_dashboard_msgs/srv/raw_request.h\n'}
[8.018784] (ur_dashboard_msgs) StdoutLine: {'line': b'-- Installing: /dev_ws/install/include/ur_dashboard_msgs/ur_dashboard_msgs/srv/get_robot_mode.h\n'}
[8.018838] (ur_dashboard_msgs) StdoutLine: {'line': b'-- Installing: /dev_ws/install/include/ur_dashboard_msgs/ur_dashboard_msgs/srv/add_to_log.h\n'}
[8.018969] (ur_dashboard_msgs) StdoutLine: {'line': b'-- Installing: /dev_ws/install/share/ur_dashboard_msgs/environment/library_path.sh\n'}
[8.019052] (ur_dashboard_msgs) StdoutLine: {'line': b'-- Installing: /dev_ws/install/share/ur_dashboard_msgs/environment/library_path.dsv\n'}
[8.019139] (ur_dashboard_msgs) StdoutLine: {'line': b'-- Installing: /dev_ws/install/lib/libur_dashboard_msgs__rosidl_generator_c.so\n'}
[8.019552] (ur_dashboard_msgs) StdoutLine: {'line': b'-- Set runtime path of "/dev_ws/install/lib/libur_dashboard_msgs__rosidl_generator_c.so" to ""\n'}
[8.019589] (ur_dashboard_msgs) StdoutLine: {'line': b'-- Up-to-date: /dev_ws/install/include/ur_dashboard_msgs/ur_dashboard_msgs\n'}
[8.019622] (ur_dashboard_msgs) StdoutLine: {'line': b'-- Up-to-date: /dev_ws/install/include/ur_dashboard_msgs/ur_dashboard_msgs/msg\n'}
[8.019654] (ur_dashboard_msgs) StdoutLine: {'line': b'-- Up-to-date: /dev_ws/install/include/ur_dashboard_msgs/ur_dashboard_msgs/msg/detail\n'}
[8.019706] (ur_dashboard_msgs) StdoutLine: {'line': b'-- Installing: /dev_ws/install/include/ur_dashboard_msgs/ur_dashboard_msgs/msg/detail/robot_mode__rosidl_typesupport_fastrtps_c.h\n'}
[8.019773] (ur_dashboard_msgs) StdoutLine: {'line': b'-- Installing: /dev_ws/install/include/ur_dashboard_msgs/ur_dashboard_msgs/msg/detail/program_state__rosidl_typesupport_fastrtps_c.h\n'}
[8.019806] (ur_dashboard_msgs) StdoutLine: {'line': b'-- Installing: /dev_ws/install/include/ur_dashboard_msgs/ur_dashboard_msgs/msg/detail/safety_mode__rosidl_typesupport_fastrtps_c.h\n'}
[8.019840] (ur_dashboard_msgs) StdoutLine: {'line': b'-- Installing: /dev_ws/install/include/ur_dashboard_msgs/ur_dashboard_msgs/msg/rosidl_typesupport_fastrtps_c__visibility_control.h\n'}
[8.019896] (ur_dashboard_msgs) StdoutLine: {'line': b'-- Up-to-date: /dev_ws/install/include/ur_dashboard_msgs/ur_dashboard_msgs/action\n'}
[8.019954] (ur_dashboard_msgs) StdoutLine: {'line': b'-- Up-to-date: /dev_ws/install/include/ur_dashboard_msgs/ur_dashboard_msgs/action/detail\n'}
[8.019984] (ur_dashboard_msgs) StdoutLine: {'line': b'-- Installing: /dev_ws/install/include/ur_dashboard_msgs/ur_dashboard_msgs/action/detail/set_mode__rosidl_typesupport_fastrtps_c.h\n'}
[8.020035] (ur_dashboard_msgs) StdoutLine: {'line': b'-- Up-to-date: /dev_ws/install/include/ur_dashboard_msgs/ur_dashboard_msgs/srv\n'}
[8.020065] (ur_dashboard_msgs) StdoutLine: {'line': b'-- Up-to-date: /dev_ws/install/include/ur_dashboard_msgs/ur_dashboard_msgs/srv/detail\n'}
[8.020116] (ur_dashboard_msgs) StdoutLine: {'line': b'-- Installing: /dev_ws/install/include/ur_dashboard_msgs/ur_dashboard_msgs/srv/detail/load__rosidl_typesupport_fastrtps_c.h\n'}
[8.020149] (ur_dashboard_msgs) StdoutLine: {'line': b'-- Installing: /dev_ws/install/include/ur_dashboard_msgs/ur_dashboard_msgs/srv/detail/is_program_saved__rosidl_typesupport_fastrtps_c.h\n'}
[8.020199] (ur_dashboard_msgs) StdoutLine: {'line': b'-- Installing: /dev_ws/install/include/ur_dashboard_msgs/ur_dashboard_msgs/srv/detail/get_loaded_program__rosidl_typesupport_fastrtps_c.h\n'}
[8.020250] (ur_dashboard_msgs) StdoutLine: {'line': b'-- Installing: /dev_ws/install/include/ur_dashboard_msgs/ur_dashboard_msgs/srv/detail/get_robot_mode__rosidl_typesupport_fastrtps_c.h\n'}
[8.020281] (ur_dashboard_msgs) StdoutLine: {'line': b'-- Installing: /dev_ws/install/include/ur_dashboard_msgs/ur_dashboard_msgs/srv/detail/get_safety_mode__rosidl_typesupport_fastrtps_c.h\n'}
[8.020336] (ur_dashboard_msgs) StdoutLine: {'line': b'-- Installing: /dev_ws/install/include/ur_dashboard_msgs/ur_dashboard_msgs/srv/detail/raw_request__rosidl_typesupport_fastrtps_c.h\n'}
[8.020377] (ur_dashboard_msgs) StdoutLine: {'line': b'-- Installing: /dev_ws/install/include/ur_dashboard_msgs/ur_dashboard_msgs/srv/detail/popup__rosidl_typesupport_fastrtps_c.h\n'}
[8.020405] (ur_dashboard_msgs) StdoutLine: {'line': b'-- Installing: /dev_ws/install/include/ur_dashboard_msgs/ur_dashboard_msgs/srv/detail/get_program_state__rosidl_typesupport_fastrtps_c.h\n'}
[8.020445] (ur_dashboard_msgs) StdoutLine: {'line': b'-- Installing: /dev_ws/install/include/ur_dashboard_msgs/ur_dashboard_msgs/srv/detail/add_to_log__rosidl_typesupport_fastrtps_c.h\n'}
[8.020491] (ur_dashboard_msgs) StdoutLine: {'line': b'-- Installing: /dev_ws/install/include/ur_dashboard_msgs/ur_dashboard_msgs/srv/detail/is_program_running__rosidl_typesupport_fastrtps_c.h\n'}
[8.020563] (ur_dashboard_msgs) StdoutLine: {'line': b'-- Installing: /dev_ws/install/lib/libur_dashboard_msgs__rosidl_typesupport_fastrtps_c.so\n'}
[8.020810] (ur_dashboard_msgs) StdoutLine: {'line': b'-- Set runtime path of "/dev_ws/install/lib/libur_dashboard_msgs__rosidl_typesupport_fastrtps_c.so" to ""\n'}
[8.020860] (ur_dashboard_msgs) StdoutLine: {'line': b'-- Up-to-date: /dev_ws/install/include/ur_dashboard_msgs/ur_dashboard_msgs\n'}
[8.020919] (ur_dashboard_msgs) StdoutLine: {'line': b'-- Up-to-date: /dev_ws/install/include/ur_dashboard_msgs/ur_dashboard_msgs/msg\n'}
[8.020961] (ur_dashboard_msgs) StdoutLine: {'line': b'-- Up-to-date: /dev_ws/install/include/ur_dashboard_msgs/ur_dashboard_msgs/msg/detail\n'}
[8.020988] (ur_dashboard_msgs) StdoutLine: {'line': b'-- Installing: /dev_ws/install/include/ur_dashboard_msgs/ur_dashboard_msgs/msg/detail/robot_mode__type_support.c\n'}
[8.021027] (ur_dashboard_msgs) StdoutLine: {'line': b'-- Installing: /dev_ws/install/include/ur_dashboard_msgs/ur_dashboard_msgs/msg/detail/robot_mode__rosidl_typesupport_introspection_c.h\n'}
[8.021066] (ur_dashboard_msgs) StdoutLine: {'line': b'-- Installing: /dev_ws/install/include/ur_dashboard_msgs/ur_dashboard_msgs/msg/detail/safety_mode__rosidl_typesupport_introspection_c.h\n'}
[8.021092] (ur_dashboard_msgs) StdoutLine: {'line': b'-- Installing: /dev_ws/install/include/ur_dashboard_msgs/ur_dashboard_msgs/msg/detail/safety_mode__type_support.c\n'}
[8.021130] (ur_dashboard_msgs) StdoutLine: {'line': b'-- Installing: /dev_ws/install/include/ur_dashboard_msgs/ur_dashboard_msgs/msg/detail/program_state__type_support.c\n'}
[8.021180] (ur_dashboard_msgs) StdoutLine: {'line': b'-- Installing: /dev_ws/install/include/ur_dashboard_msgs/ur_dashboard_msgs/msg/detail/program_state__rosidl_typesupport_introspection_c.h\n'}
[8.021227] (ur_dashboard_msgs) StdoutLine: {'line': b'-- Installing: /dev_ws/install/include/ur_dashboard_msgs/ur_dashboard_msgs/msg/rosidl_typesupport_introspection_c__visibility_control.h\n'}
[8.021276] (ur_dashboard_msgs) StdoutLine: {'line': b'-- Up-to-date: /dev_ws/install/include/ur_dashboard_msgs/ur_dashboard_msgs/action\n'}
[8.021326] (ur_dashboard_msgs) StdoutLine: {'line': b'-- Up-to-date: /dev_ws/install/include/ur_dashboard_msgs/ur_dashboard_msgs/action/detail\n'}
[8.021383] (ur_dashboard_msgs) StdoutLine: {'line': b'-- Installing: /dev_ws/install/include/ur_dashboard_msgs/ur_dashboard_msgs/action/detail/set_mode__rosidl_typesupport_introspection_c.h\n'}
[8.021413] (ur_dashboard_msgs) StdoutLine: {'line': b'-- Installing: /dev_ws/install/include/ur_dashboard_msgs/ur_dashboard_msgs/action/detail/set_mode__type_support.c\n'}
[8.021457] (ur_dashboard_msgs) StdoutLine: {'line': b'-- Up-to-date: /dev_ws/install/include/ur_dashboard_msgs/ur_dashboard_msgs/srv\n'}
[8.021513] (ur_dashboard_msgs) StdoutLine: {'line': b'-- Up-to-date: /dev_ws/install/include/ur_dashboard_msgs/ur_dashboard_msgs/srv/detail\n'}
[8.021543] (ur_dashboard_msgs) StdoutLine: {'line': b'-- Installing: /dev_ws/install/include/ur_dashboard_msgs/ur_dashboard_msgs/srv/detail/add_to_log__type_support.c\n'}
[8.021591] (ur_dashboard_msgs) StdoutLine: {'line': b'-- Installing: /dev_ws/install/include/ur_dashboard_msgs/ur_dashboard_msgs/srv/detail/is_program_running__type_support.c\n'}
[8.021641] (ur_dashboard_msgs) StdoutLine: {'line': b'-- Installing: /dev_ws/install/include/ur_dashboard_msgs/ur_dashboard_msgs/srv/detail/popup__type_support.c\n'}
[8.021690] (ur_dashboard_msgs) StdoutLine: {'line': b'-- Installing: /dev_ws/install/include/ur_dashboard_msgs/ur_dashboard_msgs/srv/detail/get_program_state__type_support.c\n'}
[8.021729] (ur_dashboard_msgs) StdoutLine: {'line': b'-- Installing: /dev_ws/install/include/ur_dashboard_msgs/ur_dashboard_msgs/srv/detail/popup__rosidl_typesupport_introspection_c.h\n'}
[8.021783] (ur_dashboard_msgs) StdoutLine: {'line': b'-- Installing: /dev_ws/install/include/ur_dashboard_msgs/ur_dashboard_msgs/srv/detail/get_robot_mode__rosidl_typesupport_introspection_c.h\n'}
[8.021838] (ur_dashboard_msgs) StdoutLine: {'line': b'-- Installing: /dev_ws/install/include/ur_dashboard_msgs/ur_dashboard_msgs/srv/detail/raw_request__type_support.c\n'}
[8.021901] (ur_dashboard_msgs) StdoutLine: {'line': b'-- Installing: /dev_ws/install/include/ur_dashboard_msgs/ur_dashboard_msgs/srv/detail/load__rosidl_typesupport_introspection_c.h\n'}
[8.021956] (ur_dashboard_msgs) StdoutLine: {'line': b'-- Installing: /dev_ws/install/include/ur_dashboard_msgs/ur_dashboard_msgs/srv/detail/add_to_log__rosidl_typesupport_introspection_c.h\n'}
[8.022014] (ur_dashboard_msgs) StdoutLine: {'line': b'-- Installing: /dev_ws/install/include/ur_dashboard_msgs/ur_dashboard_msgs/srv/detail/get_loaded_program__rosidl_typesupport_introspection_c.h\n'}
[8.022071] (ur_dashboard_msgs) StdoutLine: {'line': b'-- Installing: /dev_ws/install/include/ur_dashboard_msgs/ur_dashboard_msgs/srv/detail/load__type_support.c\n'}
[8.022136] (ur_dashboard_msgs) StdoutLine: {'line': b'-- Installing: /dev_ws/install/include/ur_dashboard_msgs/ur_dashboard_msgs/srv/detail/get_safety_mode__type_support.c\n'}
[8.022200] (ur_dashboard_msgs) StdoutLine: {'line': b'-- Installing: /dev_ws/install/include/ur_dashboard_msgs/ur_dashboard_msgs/srv/detail/get_robot_mode__type_support.c\n'}
[8.022266] (ur_dashboard_msgs) StdoutLine: {'line': b'-- Installing: /dev_ws/install/include/ur_dashboard_msgs/ur_dashboard_msgs/srv/detail/get_program_state__rosidl_typesupport_introspection_c.h\n'}
[8.022326] (ur_dashboard_msgs) StdoutLine: {'line': b'-- Installing: /dev_ws/install/include/ur_dashboard_msgs/ur_dashboard_msgs/srv/detail/is_program_saved__type_support.c\n'}
[8.022389] (ur_dashboard_msgs) StdoutLine: {'line': b'-- Installing: /dev_ws/install/include/ur_dashboard_msgs/ur_dashboard_msgs/srv/detail/get_loaded_program__type_support.c\n'}
[8.022450] (ur_dashboard_msgs) StdoutLine: {'line': b'-- Installing: /dev_ws/install/include/ur_dashboard_msgs/ur_dashboard_msgs/srv/detail/raw_request__rosidl_typesupport_introspection_c.h\n'}
[8.022508] (ur_dashboard_msgs) StdoutLine: {'line': b'-- Installing: /dev_ws/install/include/ur_dashboard_msgs/ur_dashboard_msgs/srv/detail/get_safety_mode__rosidl_typesupport_introspection_c.h\n'}
[8.022566] (ur_dashboard_msgs) StdoutLine: {'line': b'-- Installing: /dev_ws/install/include/ur_dashboard_msgs/ur_dashboard_msgs/srv/detail/is_program_running__rosidl_typesupport_introspection_c.h\n'}
[8.022621] (ur_dashboard_msgs) StdoutLine: {'line': b'-- Installing: /dev_ws/install/include/ur_dashboard_msgs/ur_dashboard_msgs/srv/detail/is_program_saved__rosidl_typesupport_introspection_c.h\n'}
[8.022711] (ur_dashboard_msgs) StdoutLine: {'line': b'-- Installing: /dev_ws/install/lib/libur_dashboard_msgs__rosidl_typesupport_introspection_c.so\n'}
[8.022936] (ur_dashboard_msgs) StdoutLine: {'line': b'-- Set runtime path of "/dev_ws/install/lib/libur_dashboard_msgs__rosidl_typesupport_introspection_c.so" to ""\n'}
[8.022986] (ur_dashboard_msgs) StdoutLine: {'line': b'-- Installing: /dev_ws/install/lib/libur_dashboard_msgs__rosidl_typesupport_c.so\n'}
[8.023172] (ur_dashboard_msgs) StdoutLine: {'line': b'-- Set runtime path of "/dev_ws/install/lib/libur_dashboard_msgs__rosidl_typesupport_c.so" to ""\n'}
[8.023221] (ur_dashboard_msgs) StdoutLine: {'line': b'-- Up-to-date: /dev_ws/install/include/ur_dashboard_msgs/ur_dashboard_msgs\n'}
[8.023277] (ur_dashboard_msgs) StdoutLine: {'line': b'-- Up-to-date: /dev_ws/install/include/ur_dashboard_msgs/ur_dashboard_msgs/msg\n'}
[8.023308] (ur_dashboard_msgs) StdoutLine: {'line': b'-- Up-to-date: /dev_ws/install/include/ur_dashboard_msgs/ur_dashboard_msgs/msg/detail\n'}
[8.023355] (ur_dashboard_msgs) StdoutLine: {'line': b'-- Installing: /dev_ws/install/include/ur_dashboard_msgs/ur_dashboard_msgs/msg/detail/safety_mode__traits.hpp\n'}
[8.023406] (ur_dashboard_msgs) StdoutLine: {'line': b'-- Installing: /dev_ws/install/include/ur_dashboard_msgs/ur_dashboard_msgs/msg/detail/robot_mode__builder.hpp\n'}
[8.023437] (ur_dashboard_msgs) StdoutLine: {'line': b'-- Installing: /dev_ws/install/include/ur_dashboard_msgs/ur_dashboard_msgs/msg/detail/program_state__builder.hpp\n'}
[8.023493] (ur_dashboard_msgs) StdoutLine: {'line': b'-- Installing: /dev_ws/install/include/ur_dashboard_msgs/ur_dashboard_msgs/msg/detail/program_state__traits.hpp\n'}
[8.023523] (ur_dashboard_msgs) StdoutLine: {'line': b'-- Installing: /dev_ws/install/include/ur_dashboard_msgs/ur_dashboard_msgs/msg/detail/robot_mode__traits.hpp\n'}
[8.023580] (ur_dashboard_msgs) StdoutLine: {'line': b'-- Installing: /dev_ws/install/include/ur_dashboard_msgs/ur_dashboard_msgs/msg/detail/robot_mode__type_support.hpp\n'}
[8.023609] (ur_dashboard_msgs) StdoutLine: {'line': b'-- Installing: /dev_ws/install/include/ur_dashboard_msgs/ur_dashboard_msgs/msg/detail/robot_mode__struct.hpp\n'}
[8.023656] (ur_dashboard_msgs) StdoutLine: {'line': b'-- Installing: /dev_ws/install/include/ur_dashboard_msgs/ur_dashboard_msgs/msg/detail/program_state__struct.hpp\n'}
[8.023697] (ur_dashboard_msgs) StdoutLine: {'line': b'-- Installing: /dev_ws/install/include/ur_dashboard_msgs/ur_dashboard_msgs/msg/detail/safety_mode__builder.hpp\n'}
[8.023744] (ur_dashboard_msgs) StdoutLine: {'line': b'-- Installing: /dev_ws/install/include/ur_dashboard_msgs/ur_dashboard_msgs/msg/detail/safety_mode__struct.hpp\n'}
[8.023800] (ur_dashboard_msgs) StdoutLine: {'line': b'-- Installing: /dev_ws/install/include/ur_dashboard_msgs/ur_dashboard_msgs/msg/detail/safety_mode__type_support.hpp\n'}
[8.023852] (ur_dashboard_msgs) StdoutLine: {'line': b'-- Installing: /dev_ws/install/include/ur_dashboard_msgs/ur_dashboard_msgs/msg/detail/program_state__type_support.hpp\n'}
[8.023907] (ur_dashboard_msgs) StdoutLine: {'line': b'-- Installing: /dev_ws/install/include/ur_dashboard_msgs/ur_dashboard_msgs/msg/rosidl_generator_cpp__visibility_control.hpp\n'}
[8.023959] (ur_dashboard_msgs) StdoutLine: {'line': b'-- Installing: /dev_ws/install/include/ur_dashboard_msgs/ur_dashboard_msgs/msg/safety_mode.hpp\n'}
[8.024008] (ur_dashboard_msgs) StdoutLine: {'line': b'-- Installing: /dev_ws/install/include/ur_dashboard_msgs/ur_dashboard_msgs/msg/program_state.hpp\n'}
[8.024056] (ur_dashboard_msgs) StdoutLine: {'line': b'-- Installing: /dev_ws/install/include/ur_dashboard_msgs/ur_dashboard_msgs/msg/robot_mode.hpp\n'}
[8.024103] (ur_dashboard_msgs) StdoutLine: {'line': b'-- Up-to-date: /dev_ws/install/include/ur_dashboard_msgs/ur_dashboard_msgs/action\n'}
[8.024154] (ur_dashboard_msgs) StdoutLine: {'line': b'-- Installing: /dev_ws/install/include/ur_dashboard_msgs/ur_dashboard_msgs/action/set_mode.hpp\n'}
[8.024196] (ur_dashboard_msgs) StdoutLine: {'line': b'-- Up-to-date: /dev_ws/install/include/ur_dashboard_msgs/ur_dashboard_msgs/action/detail\n'}
[8.024244] (ur_dashboard_msgs) StdoutLine: {'line': b'-- Installing: /dev_ws/install/include/ur_dashboard_msgs/ur_dashboard_msgs/action/detail/set_mode__struct.hpp\n'}
[8.024288] (ur_dashboard_msgs) StdoutLine: {'line': b'-- Installing: /dev_ws/install/include/ur_dashboard_msgs/ur_dashboard_msgs/action/detail/set_mode__type_support.hpp\n'}
[8.024337] (ur_dashboard_msgs) StdoutLine: {'line': b'-- Installing: /dev_ws/install/include/ur_dashboard_msgs/ur_dashboard_msgs/action/detail/set_mode__builder.hpp\n'}
[8.024382] (ur_dashboard_msgs) StdoutLine: {'line': b'-- Installing: /dev_ws/install/include/ur_dashboard_msgs/ur_dashboard_msgs/action/detail/set_mode__traits.hpp\n'}
[8.024431] (ur_dashboard_msgs) StdoutLine: {'line': b'-- Up-to-date: /dev_ws/install/include/ur_dashboard_msgs/ur_dashboard_msgs/srv\n'}
[8.024479] (ur_dashboard_msgs) StdoutLine: {'line': b'-- Installing: /dev_ws/install/include/ur_dashboard_msgs/ur_dashboard_msgs/srv/get_safety_mode.hpp\n'}
[8.024526] (ur_dashboard_msgs) StdoutLine: {'line': b'-- Installing: /dev_ws/install/include/ur_dashboard_msgs/ur_dashboard_msgs/srv/get_robot_mode.hpp\n'}
[8.024573] (ur_dashboard_msgs) StdoutLine: {'line': b'-- Installing: /dev_ws/install/include/ur_dashboard_msgs/ur_dashboard_msgs/srv/is_program_saved.hpp\n'}
[8.024620] (ur_dashboard_msgs) StdoutLine: {'line': b'-- Installing: /dev_ws/install/include/ur_dashboard_msgs/ur_dashboard_msgs/srv/is_program_running.hpp\n'}
[8.024666] (ur_dashboard_msgs) StdoutLine: {'line': b'-- Up-to-date: /dev_ws/install/include/ur_dashboard_msgs/ur_dashboard_msgs/srv/detail\n'}
[8.024705] (ur_dashboard_msgs) StdoutLine: {'line': b'-- Installing: /dev_ws/install/include/ur_dashboard_msgs/ur_dashboard_msgs/srv/detail/is_program_running__struct.hpp\n'}
[8.024750] (ur_dashboard_msgs) StdoutLine: {'line': b'-- Installing: /dev_ws/install/include/ur_dashboard_msgs/ur_dashboard_msgs/srv/detail/get_loaded_program__type_support.hpp\n'}
[8.024802] (ur_dashboard_msgs) StdoutLine: {'line': b'-- Installing: /dev_ws/install/include/ur_dashboard_msgs/ur_dashboard_msgs/srv/detail/is_program_running__builder.hpp\n'}
[8.024860] (ur_dashboard_msgs) StdoutLine: {'line': b'-- Installing: /dev_ws/install/include/ur_dashboard_msgs/ur_dashboard_msgs/srv/detail/is_program_saved__traits.hpp\n'}
[8.024920] (ur_dashboard_msgs) StdoutLine: {'line': b'-- Installing: /dev_ws/install/include/ur_dashboard_msgs/ur_dashboard_msgs/srv/detail/load__traits.hpp\n'}
[8.024978] (ur_dashboard_msgs) StdoutLine: {'line': b'-- Installing: /dev_ws/install/include/ur_dashboard_msgs/ur_dashboard_msgs/srv/detail/get_robot_mode__traits.hpp\n'}
[8.025039] (ur_dashboard_msgs) StdoutLine: {'line': b'-- Installing: /dev_ws/install/include/ur_dashboard_msgs/ur_dashboard_msgs/srv/detail/get_loaded_program__traits.hpp\n'}
[8.025101] (ur_dashboard_msgs) StdoutLine: {'line': b'-- Installing: /dev_ws/install/include/ur_dashboard_msgs/ur_dashboard_msgs/srv/detail/get_safety_mode__builder.hpp\n'}
[8.025165] (ur_dashboard_msgs) StdoutLine: {'line': b'-- Installing: /dev_ws/install/include/ur_dashboard_msgs/ur_dashboard_msgs/srv/detail/raw_request__struct.hpp\n'}
[8.025228] (ur_dashboard_msgs) StdoutLine: {'line': b'-- Installing: /dev_ws/install/include/ur_dashboard_msgs/ur_dashboard_msgs/srv/detail/is_program_saved__type_support.hpp\n'}
[8.025286] (ur_dashboard_msgs) StdoutLine: {'line': b'-- Installing: /dev_ws/install/include/ur_dashboard_msgs/ur_dashboard_msgs/srv/detail/raw_request__traits.hpp\n'}
[8.025346] (ur_dashboard_msgs) StdoutLine: {'line': b'-- Installing: /dev_ws/install/include/ur_dashboard_msgs/ur_dashboard_msgs/srv/detail/add_to_log__traits.hpp\n'}
[8.025407] (ur_dashboard_msgs) StdoutLine: {'line': b'-- Installing: /dev_ws/install/include/ur_dashboard_msgs/ur_dashboard_msgs/srv/detail/get_robot_mode__builder.hpp\n'}
[8.025466] (ur_dashboard_msgs) StdoutLine: {'line': b'-- Installing: /dev_ws/install/include/ur_dashboard_msgs/ur_dashboard_msgs/srv/detail/get_program_state__struct.hpp\n'}
[8.025529] (ur_dashboard_msgs) StdoutLine: {'line': b'-- Installing: /dev_ws/install/include/ur_dashboard_msgs/ur_dashboard_msgs/srv/detail/get_safety_mode__type_support.hpp\n'}
[8.025588] (ur_dashboard_msgs) StdoutLine: {'line': b'-- Installing: /dev_ws/install/include/ur_dashboard_msgs/ur_dashboard_msgs/srv/detail/get_program_state__builder.hpp\n'}
[8.025648] (ur_dashboard_msgs) StdoutLine: {'line': b'-- Installing: /dev_ws/install/include/ur_dashboard_msgs/ur_dashboard_msgs/srv/detail/raw_request__type_support.hpp\n'}
[8.025708] (ur_dashboard_msgs) StdoutLine: {'line': b'-- Installing: /dev_ws/install/include/ur_dashboard_msgs/ur_dashboard_msgs/srv/detail/get_loaded_program__struct.hpp\n'}
[8.025771] (ur_dashboard_msgs) StdoutLine: {'line': b'-- Installing: /dev_ws/install/include/ur_dashboard_msgs/ur_dashboard_msgs/srv/detail/is_program_running__traits.hpp\n'}
[8.025832] (ur_dashboard_msgs) StdoutLine: {'line': b'-- Installing: /dev_ws/install/include/ur_dashboard_msgs/ur_dashboard_msgs/srv/detail/popup__type_support.hpp\n'}
[8.025892] (ur_dashboard_msgs) StdoutLine: {'line': b'-- Installing: /dev_ws/install/include/ur_dashboard_msgs/ur_dashboard_msgs/srv/detail/popup__builder.hpp\n'}
[8.025955] (ur_dashboard_msgs) StdoutLine: {'line': b'-- Installing: /dev_ws/install/include/ur_dashboard_msgs/ur_dashboard_msgs/srv/detail/add_to_log__builder.hpp\n'}
[8.026016] (ur_dashboard_msgs) StdoutLine: {'line': b'-- Installing: /dev_ws/install/include/ur_dashboard_msgs/ur_dashboard_msgs/srv/detail/popup__struct.hpp\n'}
[8.026081] (ur_dashboard_msgs) StdoutLine: {'line': b'-- Installing: /dev_ws/install/include/ur_dashboard_msgs/ur_dashboard_msgs/srv/detail/raw_request__builder.hpp\n'}
[8.026142] (ur_dashboard_msgs) StdoutLine: {'line': b'-- Installing: /dev_ws/install/include/ur_dashboard_msgs/ur_dashboard_msgs/srv/detail/get_loaded_program__builder.hpp\n'}
[8.026202] (ur_dashboard_msgs) StdoutLine: {'line': b'-- Installing: /dev_ws/install/include/ur_dashboard_msgs/ur_dashboard_msgs/srv/detail/popup__traits.hpp\n'}
[8.026267] (ur_dashboard_msgs) StdoutLine: {'line': b'-- Installing: /dev_ws/install/include/ur_dashboard_msgs/ur_dashboard_msgs/srv/detail/get_robot_mode__type_support.hpp\n'}
[8.026326] (ur_dashboard_msgs) StdoutLine: {'line': b'-- Installing: /dev_ws/install/include/ur_dashboard_msgs/ur_dashboard_msgs/srv/detail/load__type_support.hpp\n'}
[8.026386] (ur_dashboard_msgs) StdoutLine: {'line': b'-- Installing: /dev_ws/install/include/ur_dashboard_msgs/ur_dashboard_msgs/srv/detail/load__struct.hpp\n'}
[8.026450] (ur_dashboard_msgs) StdoutLine: {'line': b'-- Installing: /dev_ws/install/include/ur_dashboard_msgs/ur_dashboard_msgs/srv/detail/load__builder.hpp\n'}
[8.026512] (ur_dashboard_msgs) StdoutLine: {'line': b'-- Installing: /dev_ws/install/include/ur_dashboard_msgs/ur_dashboard_msgs/srv/detail/get_safety_mode__traits.hpp\n'}
[8.026571] (ur_dashboard_msgs) StdoutLine: {'line': b'-- Installing: /dev_ws/install/include/ur_dashboard_msgs/ur_dashboard_msgs/srv/detail/is_program_saved__struct.hpp\n'}
[8.026663] (ur_dashboard_msgs) StdoutLine: {'line': b'-- Installing: /dev_ws/install/include/ur_dashboard_msgs/ur_dashboard_msgs/srv/detail/get_program_state__type_support.hpp\n'}
[8.026721] (ur_dashboard_msgs) StdoutLine: {'line': b'-- Installing: /dev_ws/install/include/ur_dashboard_msgs/ur_dashboard_msgs/srv/detail/add_to_log__struct.hpp\n'}
[8.026782] (ur_dashboard_msgs) StdoutLine: {'line': b'-- Installing: /dev_ws/install/include/ur_dashboard_msgs/ur_dashboard_msgs/srv/detail/get_program_state__traits.hpp\n'}
[8.026843] (ur_dashboard_msgs) StdoutLine: {'line': b'-- Installing: /dev_ws/install/include/ur_dashboard_msgs/ur_dashboard_msgs/srv/detail/is_program_saved__builder.hpp\n'}
[8.026898] (ur_dashboard_msgs) StdoutLine: {'line': b'-- Installing: /dev_ws/install/include/ur_dashboard_msgs/ur_dashboard_msgs/srv/detail/add_to_log__type_support.hpp\n'}
[8.026955] (ur_dashboard_msgs) StdoutLine: {'line': b'-- Installing: /dev_ws/install/include/ur_dashboard_msgs/ur_dashboard_msgs/srv/detail/get_safety_mode__struct.hpp\n'}
[8.027015] (ur_dashboard_msgs) StdoutLine: {'line': b'-- Installing: /dev_ws/install/include/ur_dashboard_msgs/ur_dashboard_msgs/srv/detail/get_robot_mode__struct.hpp\n'}
[8.027078] (ur_dashboard_msgs) StdoutLine: {'line': b'-- Installing: /dev_ws/install/include/ur_dashboard_msgs/ur_dashboard_msgs/srv/detail/is_program_running__type_support.hpp\n'}
[8.027138] (ur_dashboard_msgs) StdoutLine: {'line': b'-- Installing: /dev_ws/install/include/ur_dashboard_msgs/ur_dashboard_msgs/srv/load.hpp\n'}
[8.027207] (ur_dashboard_msgs) StdoutLine: {'line': b'-- Installing: /dev_ws/install/include/ur_dashboard_msgs/ur_dashboard_msgs/srv/add_to_log.hpp\n'}
[8.027256] (ur_dashboard_msgs) StdoutLine: {'line': b'-- Installing: /dev_ws/install/include/ur_dashboard_msgs/ur_dashboard_msgs/srv/get_program_state.hpp\n'}
[8.027308] (ur_dashboard_msgs) StdoutLine: {'line': b'-- Installing: /dev_ws/install/include/ur_dashboard_msgs/ur_dashboard_msgs/srv/get_loaded_program.hpp\n'}
[8.027360] (ur_dashboard_msgs) StdoutLine: {'line': b'-- Installing: /dev_ws/install/include/ur_dashboard_msgs/ur_dashboard_msgs/srv/popup.hpp\n'}
[8.027416] (ur_dashboard_msgs) StdoutLine: {'line': b'-- Installing: /dev_ws/install/include/ur_dashboard_msgs/ur_dashboard_msgs/srv/raw_request.hpp\n'}
[8.027494] (ur_dashboard_msgs) StdoutLine: {'line': b'-- Up-to-date: /dev_ws/install/include/ur_dashboard_msgs/ur_dashboard_msgs\n'}
[8.027543] (ur_dashboard_msgs) StdoutLine: {'line': b'-- Up-to-date: /dev_ws/install/include/ur_dashboard_msgs/ur_dashboard_msgs/msg\n'}
[8.027596] (ur_dashboard_msgs) StdoutLine: {'line': b'-- Up-to-date: /dev_ws/install/include/ur_dashboard_msgs/ur_dashboard_msgs/msg/detail\n'}
[8.027635] (ur_dashboard_msgs) StdoutLine: {'line': b'-- Installing: /dev_ws/install/include/ur_dashboard_msgs/ur_dashboard_msgs/msg/detail/robot_mode__rosidl_typesupport_fastrtps_cpp.hpp\n'}
[8.027664] (ur_dashboard_msgs) StdoutLine: {'line': b'-- Installing: /dev_ws/install/include/ur_dashboard_msgs/ur_dashboard_msgs/msg/detail/safety_mode__rosidl_typesupport_fastrtps_cpp.hpp\n'}
[8.027712] (ur_dashboard_msgs) StdoutLine: {'line': b'-- Installing: /dev_ws/install/include/ur_dashboard_msgs/ur_dashboard_msgs/msg/detail/dds_fastrtps\n'}
[8.027738] (ur_dashboard_msgs) StdoutLine: {'line': b'-- Installing: /dev_ws/install/include/ur_dashboard_msgs/ur_dashboard_msgs/msg/detail/program_state__rosidl_typesupport_fastrtps_cpp.hpp\n'}
[8.027777] (ur_dashboard_msgs) StdoutLine: {'line': b'-- Installing: /dev_ws/install/include/ur_dashboard_msgs/ur_dashboard_msgs/msg/rosidl_typesupport_fastrtps_cpp__visibility_control.h\n'}
[8.027825] (ur_dashboard_msgs) StdoutLine: {'line': b'-- Up-to-date: /dev_ws/install/include/ur_dashboard_msgs/ur_dashboard_msgs/action\n'}
[8.027875] (ur_dashboard_msgs) StdoutLine: {'line': b'-- Up-to-date: /dev_ws/install/include/ur_dashboard_msgs/ur_dashboard_msgs/action/detail\n'}
[8.027942] (ur_dashboard_msgs) StdoutLine: {'line': b'-- Installing: /dev_ws/install/include/ur_dashboard_msgs/ur_dashboard_msgs/action/detail/dds_fastrtps\n'}
[8.027985] (ur_dashboard_msgs) StdoutLine: {'line': b'-- Installing: /dev_ws/install/include/ur_dashboard_msgs/ur_dashboard_msgs/action/detail/set_mode__rosidl_typesupport_fastrtps_cpp.hpp\n'}
[8.028012] (ur_dashboard_msgs) StdoutLine: {'line': b'-- Up-to-date: /dev_ws/install/include/ur_dashboard_msgs/ur_dashboard_msgs/srv\n'}
[8.028050] (ur_dashboard_msgs) StdoutLine: {'line': b'-- Up-to-date: /dev_ws/install/include/ur_dashboard_msgs/ur_dashboard_msgs/srv/detail\n'}
[8.028077] (ur_dashboard_msgs) StdoutLine: {'line': b'-- Installing: /dev_ws/install/include/ur_dashboard_msgs/ur_dashboard_msgs/srv/detail/popup__rosidl_typesupport_fastrtps_cpp.hpp\n'}
[8.028106] (ur_dashboard_msgs) StdoutLine: {'line': b'-- Installing: /dev_ws/install/include/ur_dashboard_msgs/ur_dashboard_msgs/srv/detail/is_program_saved__rosidl_typesupport_fastrtps_cpp.hpp\n'}
[8.028156] (ur_dashboard_msgs) StdoutLine: {'line': b'-- Installing: /dev_ws/install/include/ur_dashboard_msgs/ur_dashboard_msgs/srv/detail/get_robot_mode__rosidl_typesupport_fastrtps_cpp.hpp\n'}
[8.028206] (ur_dashboard_msgs) StdoutLine: {'line': b'-- Installing: /dev_ws/install/include/ur_dashboard_msgs/ur_dashboard_msgs/srv/detail/is_program_running__rosidl_typesupport_fastrtps_cpp.hpp\n'}
[8.028255] (ur_dashboard_msgs) StdoutLine: {'line': b'-- Installing: /dev_ws/install/include/ur_dashboard_msgs/ur_dashboard_msgs/srv/detail/get_loaded_program__rosidl_typesupport_fastrtps_cpp.hpp\n'}
[8.028322] (ur_dashboard_msgs) StdoutLine: {'line': b'-- Installing: /dev_ws/install/include/ur_dashboard_msgs/ur_dashboard_msgs/srv/detail/get_program_state__rosidl_typesupport_fastrtps_cpp.hpp\n'}
[8.028369] (ur_dashboard_msgs) StdoutLine: {'line': b'-- Installing: /dev_ws/install/include/ur_dashboard_msgs/ur_dashboard_msgs/srv/detail/raw_request__rosidl_typesupport_fastrtps_cpp.hpp\n'}
[8.028409] (ur_dashboard_msgs) StdoutLine: {'line': b'-- Installing: /dev_ws/install/include/ur_dashboard_msgs/ur_dashboard_msgs/srv/detail/dds_fastrtps\n'}
[8.028452] (ur_dashboard_msgs) StdoutLine: {'line': b'-- Installing: /dev_ws/install/include/ur_dashboard_msgs/ur_dashboard_msgs/srv/detail/add_to_log__rosidl_typesupport_fastrtps_cpp.hpp\n'}
[8.028508] (ur_dashboard_msgs) StdoutLine: {'line': b'-- Installing: /dev_ws/install/include/ur_dashboard_msgs/ur_dashboard_msgs/srv/detail/get_safety_mode__rosidl_typesupport_fastrtps_cpp.hpp\n'}
[8.028635] (ur_dashboard_msgs) StdoutLine: {'line': b'-- Installing: /dev_ws/install/include/ur_dashboard_msgs/ur_dashboard_msgs/srv/detail/load__rosidl_typesupport_fastrtps_cpp.hpp\n'}
[8.028737] (ur_dashboard_msgs) StdoutLine: {'line': b'-- Installing: /dev_ws/install/lib/libur_dashboard_msgs__rosidl_typesupport_fastrtps_cpp.so\n'}
[8.029075] (ur_dashboard_msgs) StdoutLine: {'line': b'-- Set runtime path of "/dev_ws/install/lib/libur_dashboard_msgs__rosidl_typesupport_fastrtps_cpp.so" to ""\n'}
[8.029108] (ur_dashboard_msgs) StdoutLine: {'line': b'-- Up-to-date: /dev_ws/install/include/ur_dashboard_msgs/ur_dashboard_msgs\n'}
[8.029170] (ur_dashboard_msgs) StdoutLine: {'line': b'-- Up-to-date: /dev_ws/install/include/ur_dashboard_msgs/ur_dashboard_msgs/msg\n'}
[8.029199] (ur_dashboard_msgs) StdoutLine: {'line': b'-- Up-to-date: /dev_ws/install/include/ur_dashboard_msgs/ur_dashboard_msgs/msg/detail\n'}
[8.029225] (ur_dashboard_msgs) StdoutLine: {'line': b'-- Installing: /dev_ws/install/include/ur_dashboard_msgs/ur_dashboard_msgs/msg/detail/safety_mode__rosidl_typesupport_introspection_cpp.hpp\n'}
[8.029251] (ur_dashboard_msgs) StdoutLine: {'line': b'-- Installing: /dev_ws/install/include/ur_dashboard_msgs/ur_dashboard_msgs/msg/detail/program_state__rosidl_typesupport_introspection_cpp.hpp\n'}
[8.029311] (ur_dashboard_msgs) StdoutLine: {'line': b'-- Installing: /dev_ws/install/include/ur_dashboard_msgs/ur_dashboard_msgs/msg/detail/robot_mode__rosidl_typesupport_introspection_cpp.hpp\n'}
[8.029342] (ur_dashboard_msgs) StdoutLine: {'line': b'-- Installing: /dev_ws/install/include/ur_dashboard_msgs/ur_dashboard_msgs/msg/detail/robot_mode__type_support.cpp\n'}
[8.029389] (ur_dashboard_msgs) StdoutLine: {'line': b'-- Installing: /dev_ws/install/include/ur_dashboard_msgs/ur_dashboard_msgs/msg/detail/program_state__type_support.cpp\n'}
[8.029488] (ur_dashboard_msgs) StdoutLine: {'line': b'-- Installing: /dev_ws/install/include/ur_dashboard_msgs/ur_dashboard_msgs/msg/detail/safety_mode__type_support.cpp\n'}
[8.029601] (ur_dashboard_msgs) StdoutLine: {'line': b'-- Up-to-date: /dev_ws/install/include/ur_dashboard_msgs/ur_dashboard_msgs/action\n'}
[8.029632] (ur_dashboard_msgs) StdoutLine: {'line': b'-- Up-to-date: /dev_ws/install/include/ur_dashboard_msgs/ur_dashboard_msgs/action/detail\n'}
[8.029663] (ur_dashboard_msgs) StdoutLine: {'line': b'-- Installing: /dev_ws/install/include/ur_dashboard_msgs/ur_dashboard_msgs/action/detail/set_mode__rosidl_typesupport_introspection_cpp.hpp\n'}
[8.029718] (ur_dashboard_msgs) StdoutLine: {'line': b'-- Installing: /dev_ws/install/include/ur_dashboard_msgs/ur_dashboard_msgs/action/detail/set_mode__type_support.cpp\n'}
[8.029750] (ur_dashboard_msgs) StdoutLine: {'line': b'-- Up-to-date: /dev_ws/install/include/ur_dashboard_msgs/ur_dashboard_msgs/srv\n'}
[8.029805] (ur_dashboard_msgs) StdoutLine: {'line': b'-- Up-to-date: /dev_ws/install/include/ur_dashboard_msgs/ur_dashboard_msgs/srv/detail\n'}
[8.029838] (ur_dashboard_msgs) StdoutLine: {'line': b'-- Installing: /dev_ws/install/include/ur_dashboard_msgs/ur_dashboard_msgs/srv/detail/is_program_running__type_support.cpp\n'}
[8.029868] (ur_dashboard_msgs) StdoutLine: {'line': b'-- Installing: /dev_ws/install/include/ur_dashboard_msgs/ur_dashboard_msgs/srv/detail/get_safety_mode__rosidl_typesupport_introspection_cpp.hpp\n'}
[8.029918] (ur_dashboard_msgs) StdoutLine: {'line': b'-- Installing: /dev_ws/install/include/ur_dashboard_msgs/ur_dashboard_msgs/srv/detail/load__rosidl_typesupport_introspection_cpp.hpp\n'}
[8.029970] (ur_dashboard_msgs) StdoutLine: {'line': b'-- Installing: /dev_ws/install/include/ur_dashboard_msgs/ur_dashboard_msgs/srv/detail/popup__rosidl_typesupport_introspection_cpp.hpp\n'}
[8.030002] (ur_dashboard_msgs) StdoutLine: {'line': b'-- Installing: /dev_ws/install/include/ur_dashboard_msgs/ur_dashboard_msgs/srv/detail/add_to_log__type_support.cpp\n'}
[8.030051] (ur_dashboard_msgs) StdoutLine: {'line': b'-- Installing: /dev_ws/install/include/ur_dashboard_msgs/ur_dashboard_msgs/srv/detail/load__type_support.cpp\n'}
[8.030102] (ur_dashboard_msgs) StdoutLine: {'line': b'-- Installing: /dev_ws/install/include/ur_dashboard_msgs/ur_dashboard_msgs/srv/detail/get_robot_mode__rosidl_typesupport_introspection_cpp.hpp\n'}
[8.030156] (ur_dashboard_msgs) StdoutLine: {'line': b'-- Installing: /dev_ws/install/include/ur_dashboard_msgs/ur_dashboard_msgs/srv/detail/get_loaded_program__rosidl_typesupport_introspection_cpp.hpp\n'}
[8.030203] (ur_dashboard_msgs) StdoutLine: {'line': b'-- Installing: /dev_ws/install/include/ur_dashboard_msgs/ur_dashboard_msgs/srv/detail/popup__type_support.cpp\n'}
[8.030254] (ur_dashboard_msgs) StdoutLine: {'line': b'-- Installing: /dev_ws/install/include/ur_dashboard_msgs/ur_dashboard_msgs/srv/detail/is_program_running__rosidl_typesupport_introspection_cpp.hpp\n'}
[8.030294] (ur_dashboard_msgs) StdoutLine: {'line': b'-- Installing: /dev_ws/install/include/ur_dashboard_msgs/ur_dashboard_msgs/srv/detail/get_safety_mode__type_support.cpp\n'}
[8.030335] (ur_dashboard_msgs) StdoutLine: {'line': b'-- Installing: /dev_ws/install/include/ur_dashboard_msgs/ur_dashboard_msgs/srv/detail/raw_request__type_support.cpp\n'}
[8.030397] (ur_dashboard_msgs) StdoutLine: {'line': b'-- Installing: /dev_ws/install/include/ur_dashboard_msgs/ur_dashboard_msgs/srv/detail/add_to_log__rosidl_typesupport_introspection_cpp.hpp\n'}
[8.030456] (ur_dashboard_msgs) StdoutLine: {'line': b'-- Installing: /dev_ws/install/include/ur_dashboard_msgs/ur_dashboard_msgs/srv/detail/get_loaded_program__type_support.cpp\n'}
[8.030523] (ur_dashboard_msgs) StdoutLine: {'line': b'-- Installing: /dev_ws/install/include/ur_dashboard_msgs/ur_dashboard_msgs/srv/detail/is_program_saved__rosidl_typesupport_introspection_cpp.hpp\n'}
[8.030583] (ur_dashboard_msgs) StdoutLine: {'line': b'-- Installing: /dev_ws/install/include/ur_dashboard_msgs/ur_dashboard_msgs/srv/detail/get_program_state__type_support.cpp\n'}
[8.030651] (ur_dashboard_msgs) StdoutLine: {'line': b'-- Installing: /dev_ws/install/include/ur_dashboard_msgs/ur_dashboard_msgs/srv/detail/get_program_state__rosidl_typesupport_introspection_cpp.hpp\n'}
[8.030706] (ur_dashboard_msgs) StdoutLine: {'line': b'-- Installing: /dev_ws/install/include/ur_dashboard_msgs/ur_dashboard_msgs/srv/detail/is_program_saved__type_support.cpp\n'}
[8.030773] (ur_dashboard_msgs) StdoutLine: {'line': b'-- Installing: /dev_ws/install/include/ur_dashboard_msgs/ur_dashboard_msgs/srv/detail/raw_request__rosidl_typesupport_introspection_cpp.hpp\n'}
[8.030832] (ur_dashboard_msgs) StdoutLine: {'line': b'-- Installing: /dev_ws/install/include/ur_dashboard_msgs/ur_dashboard_msgs/srv/detail/get_robot_mode__type_support.cpp\n'}
[8.030934] (ur_dashboard_msgs) StdoutLine: {'line': b'-- Installing: /dev_ws/install/lib/libur_dashboard_msgs__rosidl_typesupport_introspection_cpp.so\n'}
[8.031374] (ur_dashboard_msgs) StdoutLine: {'line': b'-- Set runtime path of "/dev_ws/install/lib/libur_dashboard_msgs__rosidl_typesupport_introspection_cpp.so" to ""\n'}
[8.031412] (ur_dashboard_msgs) StdoutLine: {'line': b'-- Installing: /dev_ws/install/lib/libur_dashboard_msgs__rosidl_typesupport_cpp.so\n'}
[8.031551] (ur_dashboard_msgs) StdoutLine: {'line': b'-- Set runtime path of "/dev_ws/install/lib/libur_dashboard_msgs__rosidl_typesupport_cpp.so" to ""\n'}
[8.031601] (ur_dashboard_msgs) StdoutLine: {'line': b'-- Installing: /dev_ws/install/share/ur_dashboard_msgs/environment/pythonpath.sh\n'}
[8.031648] (ur_dashboard_msgs) StdoutLine: {'line': b'-- Installing: /dev_ws/install/share/ur_dashboard_msgs/environment/pythonpath.dsv\n'}
[8.031713] (ur_dashboard_msgs) StdoutLine: {'line': b'-- Installing: /dev_ws/install/local/lib/python3.10/dist-packages/ur_dashboard_msgs-2.2.16-py3.10.egg-info\n'}
[8.031762] (ur_dashboard_msgs) StdoutLine: {'line': b'-- Installing: /dev_ws/install/local/lib/python3.10/dist-packages/ur_dashboard_msgs-2.2.16-py3.10.egg-info/SOURCES.txt\n'}
[8.031811] (ur_dashboard_msgs) StdoutLine: {'line': b'-- Installing: /dev_ws/install/local/lib/python3.10/dist-packages/ur_dashboard_msgs-2.2.16-py3.10.egg-info/dependency_links.txt\n'}
[8.031858] (ur_dashboard_msgs) StdoutLine: {'line': b'-- Installing: /dev_ws/install/local/lib/python3.10/dist-packages/ur_dashboard_msgs-2.2.16-py3.10.egg-info/top_level.txt\n'}
[8.031897] (ur_dashboard_msgs) StdoutLine: {'line': b'-- Installing: /dev_ws/install/local/lib/python3.10/dist-packages/ur_dashboard_msgs-2.2.16-py3.10.egg-info/PKG-INFO\n'}
[8.031970] (ur_dashboard_msgs) StdoutLine: {'line': b'-- Installing: /dev_ws/install/local/lib/python3.10/dist-packages/ur_dashboard_msgs\n'}
[8.032011] (ur_dashboard_msgs) StdoutLine: {'line': b'-- Installing: /dev_ws/install/local/lib/python3.10/dist-packages/ur_dashboard_msgs/libur_dashboard_msgs__rosidl_generator_py.so\n'}
[8.032119] (ur_dashboard_msgs) StdoutLine: {'line': b'-- Installing: /dev_ws/install/local/lib/python3.10/dist-packages/ur_dashboard_msgs/msg\n'}
[8.032163] (ur_dashboard_msgs) StdoutLine: {'line': b'-- Installing: /dev_ws/install/local/lib/python3.10/dist-packages/ur_dashboard_msgs/msg/_program_state.py\n'}
[8.032217] (ur_dashboard_msgs) StdoutLine: {'line': b'-- Installing: /dev_ws/install/local/lib/python3.10/dist-packages/ur_dashboard_msgs/msg/_safety_mode_s.c\n'}
[8.032266] (ur_dashboard_msgs) StdoutLine: {'line': b'-- Installing: /dev_ws/install/local/lib/python3.10/dist-packages/ur_dashboard_msgs/msg/_robot_mode_s.c\n'}
[8.032315] (ur_dashboard_msgs) StdoutLine: {'line': b'-- Installing: /dev_ws/install/local/lib/python3.10/dist-packages/ur_dashboard_msgs/msg/_safety_mode.py\n'}
[8.032372] (ur_dashboard_msgs) StdoutLine: {'line': b'-- Installing: /dev_ws/install/local/lib/python3.10/dist-packages/ur_dashboard_msgs/msg/__init__.py\n'}
[8.032423] (ur_dashboard_msgs) StdoutLine: {'line': b'-- Installing: /dev_ws/install/local/lib/python3.10/dist-packages/ur_dashboard_msgs/msg/_program_state_s.c\n'}
[8.032473] (ur_dashboard_msgs) StdoutLine: {'line': b'-- Installing: /dev_ws/install/local/lib/python3.10/dist-packages/ur_dashboard_msgs/msg/_robot_mode.py\n'}
[8.032528] (ur_dashboard_msgs) StdoutLine: {'line': b'-- Installing: /dev_ws/install/local/lib/python3.10/dist-packages/ur_dashboard_msgs/ur_dashboard_msgs_s__rosidl_typesupport_fastrtps_c.cpython-310-x86_64-linux-gnu.so\n'}
[8.032628] (ur_dashboard_msgs) StdoutLine: {'line': b'-- Installing: /dev_ws/install/local/lib/python3.10/dist-packages/ur_dashboard_msgs/action\n'}
[8.032677] (ur_dashboard_msgs) StdoutLine: {'line': b'-- Installing: /dev_ws/install/local/lib/python3.10/dist-packages/ur_dashboard_msgs/action/_set_mode_s.c\n'}
[8.032723] (ur_dashboard_msgs) StdoutLine: {'line': b'-- Installing: /dev_ws/install/local/lib/python3.10/dist-packages/ur_dashboard_msgs/action/_set_mode.py\n'}
[8.032798] (ur_dashboard_msgs) StdoutLine: {'line': b'-- Installing: /dev_ws/install/local/lib/python3.10/dist-packages/ur_dashboard_msgs/action/__init__.py\n'}
[8.032849] (ur_dashboard_msgs) StdoutLine: {'line': b'-- Installing: /dev_ws/install/local/lib/python3.10/dist-packages/ur_dashboard_msgs/_ur_dashboard_msgs_s.ep.rosidl_typesupport_c.c\n'}
[8.032991] (ur_dashboard_msgs) StdoutLine: {'line': b'-- Installing: /dev_ws/install/local/lib/python3.10/dist-packages/ur_dashboard_msgs/ur_dashboard_msgs_s__rosidl_typesupport_introspection_c.cpython-310-x86_64-linux-gnu.so\n'}
[8.033096] (ur_dashboard_msgs) StdoutLine: {'line': b'-- Installing: /dev_ws/install/local/lib/python3.10/dist-packages/ur_dashboard_msgs/_ur_dashboard_msgs_s.ep.rosidl_typesupport_introspection_c.c\n'}
[8.033233] (ur_dashboard_msgs) StdoutLine: {'line': b'-- Installing: /dev_ws/install/local/lib/python3.10/dist-packages/ur_dashboard_msgs/srv\n'}
[8.033278] (ur_dashboard_msgs) StdoutLine: {'line': b'-- Installing: /dev_ws/install/local/lib/python3.10/dist-packages/ur_dashboard_msgs/srv/_raw_request.py\n'}
[8.033328] (ur_dashboard_msgs) StdoutLine: {'line': b'-- Installing: /dev_ws/install/local/lib/python3.10/dist-packages/ur_dashboard_msgs/srv/_get_program_state.py\n'}
[8.033379] (ur_dashboard_msgs) StdoutLine: {'line': b'-- Installing: /dev_ws/install/local/lib/python3.10/dist-packages/ur_dashboard_msgs/srv/_is_program_saved.py\n'}
[8.033432] (ur_dashboard_msgs) StdoutLine: {'line': b'-- Installing: /dev_ws/install/local/lib/python3.10/dist-packages/ur_dashboard_msgs/srv/_get_loaded_program.py\n'}
[8.033489] (ur_dashboard_msgs) StdoutLine: {'line': b'-- Installing: /dev_ws/install/local/lib/python3.10/dist-packages/ur_dashboard_msgs/srv/_get_loaded_program_s.c\n'}
[8.033541] (ur_dashboard_msgs) StdoutLine: {'line': b'-- Installing: /dev_ws/install/local/lib/python3.10/dist-packages/ur_dashboard_msgs/srv/_load_s.c\n'}
[8.033593] (ur_dashboard_msgs) StdoutLine: {'line': b'-- Installing: /dev_ws/install/local/lib/python3.10/dist-packages/ur_dashboard_msgs/srv/_is_program_running.py\n'}
[8.033647] (ur_dashboard_msgs) StdoutLine: {'line': b'-- Installing: /dev_ws/install/local/lib/python3.10/dist-packages/ur_dashboard_msgs/srv/_get_robot_mode.py\n'}
[8.033701] (ur_dashboard_msgs) StdoutLine: {'line': b'-- Installing: /dev_ws/install/local/lib/python3.10/dist-packages/ur_dashboard_msgs/srv/_get_safety_mode.py\n'}
[8.033757] (ur_dashboard_msgs) StdoutLine: {'line': b'-- Installing: /dev_ws/install/local/lib/python3.10/dist-packages/ur_dashboard_msgs/srv/_load.py\n'}
[8.033810] (ur_dashboard_msgs) StdoutLine: {'line': b'-- Installing: /dev_ws/install/local/lib/python3.10/dist-packages/ur_dashboard_msgs/srv/_get_safety_mode_s.c\n'}
[8.033864] (ur_dashboard_msgs) StdoutLine: {'line': b'-- Installing: /dev_ws/install/local/lib/python3.10/dist-packages/ur_dashboard_msgs/srv/_popup_s.c\n'}
[8.033920] (ur_dashboard_msgs) StdoutLine: {'line': b'-- Installing: /dev_ws/install/local/lib/python3.10/dist-packages/ur_dashboard_msgs/srv/_add_to_log_s.c\n'}
[8.033972] (ur_dashboard_msgs) StdoutLine: {'line': b'-- Installing: /dev_ws/install/local/lib/python3.10/dist-packages/ur_dashboard_msgs/srv/_popup.py\n'}
[8.034027] (ur_dashboard_msgs) StdoutLine: {'line': b'-- Installing: /dev_ws/install/local/lib/python3.10/dist-packages/ur_dashboard_msgs/srv/_get_robot_mode_s.c\n'}
[8.034079] (ur_dashboard_msgs) StdoutLine: {'line': b'-- Installing: /dev_ws/install/local/lib/python3.10/dist-packages/ur_dashboard_msgs/srv/_add_to_log.py\n'}
[8.034138] (ur_dashboard_msgs) StdoutLine: {'line': b'-- Installing: /dev_ws/install/local/lib/python3.10/dist-packages/ur_dashboard_msgs/srv/_raw_request_s.c\n'}
[8.034192] (ur_dashboard_msgs) StdoutLine: {'line': b'-- Installing: /dev_ws/install/local/lib/python3.10/dist-packages/ur_dashboard_msgs/srv/__init__.py\n'}
[8.034247] (ur_dashboard_msgs) StdoutLine: {'line': b'-- Installing: /dev_ws/install/local/lib/python3.10/dist-packages/ur_dashboard_msgs/srv/_is_program_saved_s.c\n'}
[8.034303] (ur_dashboard_msgs) StdoutLine: {'line': b'-- Installing: /dev_ws/install/local/lib/python3.10/dist-packages/ur_dashboard_msgs/srv/_is_program_running_s.c\n'}
[8.034358] (ur_dashboard_msgs) StdoutLine: {'line': b'-- Installing: /dev_ws/install/local/lib/python3.10/dist-packages/ur_dashboard_msgs/srv/_get_program_state_s.c\n'}
[8.034416] (ur_dashboard_msgs) StdoutLine: {'line': b'-- Installing: /dev_ws/install/local/lib/python3.10/dist-packages/ur_dashboard_msgs/_ur_dashboard_msgs_s.ep.rosidl_typesupport_fastrtps_c.c\n'}
[8.034549] (ur_dashboard_msgs) StdoutLine: {'line': b'-- Installing: /dev_ws/install/local/lib/python3.10/dist-packages/ur_dashboard_msgs/__init__.py\n'}
[8.034577] (-) TimerEvent: {}
[8.034648] (ur_dashboard_msgs) StdoutLine: {'line': b'-- Installing: /dev_ws/install/local/lib/python3.10/dist-packages/ur_dashboard_msgs/ur_dashboard_msgs_s__rosidl_typesupport_c.cpython-310-x86_64-linux-gnu.so\n'}
[8.074385] (ur_dashboard_msgs) StdoutLine: {'line': b"Listing '/dev_ws/install/local/lib/python3.10/dist-packages/ur_dashboard_msgs'...\n"}
[8.074500] (ur_dashboard_msgs) StdoutLine: {'line': b"Compiling '/dev_ws/install/local/lib/python3.10/dist-packages/ur_dashboard_msgs/__init__.py'...\n"}
[8.074541] (ur_dashboard_msgs) StdoutLine: {'line': b"Listing '/dev_ws/install/local/lib/python3.10/dist-packages/ur_dashboard_msgs/action'...\n"}
[8.074575] (ur_dashboard_msgs) StdoutLine: {'line': b"Compiling '/dev_ws/install/local/lib/python3.10/dist-packages/ur_dashboard_msgs/action/__init__.py'...\n"}
[8.074608] (ur_dashboard_msgs) StdoutLine: {'line': b"Compiling '/dev_ws/install/local/lib/python3.10/dist-packages/ur_dashboard_msgs/action/_set_mode.py'...\n"}
[8.074644] (ur_dashboard_msgs) StdoutLine: {'line': b"Listing '/dev_ws/install/local/lib/python3.10/dist-packages/ur_dashboard_msgs/msg'...\n"}
[8.074682] (ur_dashboard_msgs) StdoutLine: {'line': b"Compiling '/dev_ws/install/local/lib/python3.10/dist-packages/ur_dashboard_msgs/msg/__init__.py'...\n"}
[8.074717] (ur_dashboard_msgs) StdoutLine: {'line': b"Compiling '/dev_ws/install/local/lib/python3.10/dist-packages/ur_dashboard_msgs/msg/_program_state.py'...\n"}
[8.074752] (ur_dashboard_msgs) StdoutLine: {'line': b"Compiling '/dev_ws/install/local/lib/python3.10/dist-packages/ur_dashboard_msgs/msg/_robot_mode.py'...\n"}
[8.074788] (ur_dashboard_msgs) StdoutLine: {'line': b"Compiling '/dev_ws/install/local/lib/python3.10/dist-packages/ur_dashboard_msgs/msg/_safety_mode.py'...\n"}
[8.074821] (ur_dashboard_msgs) StdoutLine: {'line': b"Listing '/dev_ws/install/local/lib/python3.10/dist-packages/ur_dashboard_msgs/srv'...\n"}
[8.074852] (ur_dashboard_msgs) StdoutLine: {'line': b"Compiling '/dev_ws/install/local/lib/python3.10/dist-packages/ur_dashboard_msgs/srv/__init__.py'...\n"}
[8.074882] (ur_dashboard_msgs) StdoutLine: {'line': b"Compiling '/dev_ws/install/local/lib/python3.10/dist-packages/ur_dashboard_msgs/srv/_add_to_log.py'...\n"}
[8.074913] (ur_dashboard_msgs) StdoutLine: {'line': b"Compiling '/dev_ws/install/local/lib/python3.10/dist-packages/ur_dashboard_msgs/srv/_get_loaded_program.py'...\n"}
[8.074949] (ur_dashboard_msgs) StdoutLine: {'line': b"Compiling '/dev_ws/install/local/lib/python3.10/dist-packages/ur_dashboard_msgs/srv/_get_program_state.py'...\n"}
[8.074979] (ur_dashboard_msgs) StdoutLine: {'line': b"Compiling '/dev_ws/install/local/lib/python3.10/dist-packages/ur_dashboard_msgs/srv/_get_robot_mode.py'...\n"}
[8.075006] (ur_dashboard_msgs) StdoutLine: {'line': b"Compiling '/dev_ws/install/local/lib/python3.10/dist-packages/ur_dashboard_msgs/srv/_get_safety_mode.py'...\n"}
[8.075034] (ur_dashboard_msgs) StdoutLine: {'line': b"Compiling '/dev_ws/install/local/lib/python3.10/dist-packages/ur_dashboard_msgs/srv/_is_program_running.py'...\n"}
[8.075062] (ur_dashboard_msgs) StdoutLine: {'line': b"Compiling '/dev_ws/install/local/lib/python3.10/dist-packages/ur_dashboard_msgs/srv/_is_program_saved.py'...\n"}
[8.075090] (ur_dashboard_msgs) StdoutLine: {'line': b"Compiling '/dev_ws/install/local/lib/python3.10/dist-packages/ur_dashboard_msgs/srv/_load.py'...\n"}
[8.075118] (ur_dashboard_msgs) StdoutLine: {'line': b"Compiling '/dev_ws/install/local/lib/python3.10/dist-packages/ur_dashboard_msgs/srv/_popup.py'...\n"}
[8.075154] (ur_dashboard_msgs) StdoutLine: {'line': b"Compiling '/dev_ws/install/local/lib/python3.10/dist-packages/ur_dashboard_msgs/srv/_raw_request.py'...\n"}
[8.077450] (ur_dashboard_msgs) StdoutLine: {'line': b'-- Installing: /dev_ws/install/local/lib/python3.10/dist-packages/ur_dashboard_msgs/ur_dashboard_msgs_s__rosidl_typesupport_fastrtps_c.cpython-310-x86_64-linux-gnu.so\n'}
[8.077737] (ur_dashboard_msgs) StdoutLine: {'line': b'-- Set runtime path of "/dev_ws/install/local/lib/python3.10/dist-packages/ur_dashboard_msgs/ur_dashboard_msgs_s__rosidl_typesupport_fastrtps_c.cpython-310-x86_64-linux-gnu.so" to ""\n'}
[8.077820] (ur_dashboard_msgs) StdoutLine: {'line': b'-- Installing: /dev_ws/install/local/lib/python3.10/dist-packages/ur_dashboard_msgs/ur_dashboard_msgs_s__rosidl_typesupport_introspection_c.cpython-310-x86_64-linux-gnu.so\n'}
[8.078019] (ur_dashboard_msgs) StdoutLine: {'line': b'-- Set runtime path of "/dev_ws/install/local/lib/python3.10/dist-packages/ur_dashboard_msgs/ur_dashboard_msgs_s__rosidl_typesupport_introspection_c.cpython-310-x86_64-linux-gnu.so" to ""\n'}
[8.078097] (ur_dashboard_msgs) StdoutLine: {'line': b'-- Installing: /dev_ws/install/local/lib/python3.10/dist-packages/ur_dashboard_msgs/ur_dashboard_msgs_s__rosidl_typesupport_c.cpython-310-x86_64-linux-gnu.so\n'}
[8.078295] (ur_dashboard_msgs) StdoutLine: {'line': b'-- Set runtime path of "/dev_ws/install/local/lib/python3.10/dist-packages/ur_dashboard_msgs/ur_dashboard_msgs_s__rosidl_typesupport_c.cpython-310-x86_64-linux-gnu.so" to ""\n'}
[8.078376] (ur_dashboard_msgs) StdoutLine: {'line': b'-- Installing: /dev_ws/install/lib/libur_dashboard_msgs__rosidl_generator_py.so\n'}
[8.078596] (ur_dashboard_msgs) StdoutLine: {'line': b'-- Set runtime path of "/dev_ws/install/lib/libur_dashboard_msgs__rosidl_generator_py.so" to ""\n'}
[8.078679] (ur_dashboard_msgs) StdoutLine: {'line': b'-- Installing: /dev_ws/install/share/ur_dashboard_msgs/msg/ProgramState.idl\n'}
[8.078816] (ur_dashboard_msgs) StdoutLine: {'line': b'-- Installing: /dev_ws/install/share/ur_dashboard_msgs/msg/RobotMode.idl\n'}
[8.078892] (ur_dashboard_msgs) StdoutLine: {'line': b'-- Installing: /dev_ws/install/share/ur_dashboard_msgs/msg/SafetyMode.idl\n'}
[8.078933] (ur_dashboard_msgs) StdoutLine: {'line': b'-- Installing: /dev_ws/install/share/ur_dashboard_msgs/srv/AddToLog.idl\n'}
[8.079000] (ur_dashboard_msgs) StdoutLine: {'line': b'-- Installing: /dev_ws/install/share/ur_dashboard_msgs/srv/GetLoadedProgram.idl\n'}
[8.079065] (ur_dashboard_msgs) StdoutLine: {'line': b'-- Installing: /dev_ws/install/share/ur_dashboard_msgs/srv/GetProgramState.idl\n'}
[8.079100] (ur_dashboard_msgs) StdoutLine: {'line': b'-- Installing: /dev_ws/install/share/ur_dashboard_msgs/srv/GetRobotMode.idl\n'}
[8.079235] (ur_dashboard_msgs) StdoutLine: {'line': b'-- Installing: /dev_ws/install/share/ur_dashboard_msgs/srv/GetSafetyMode.idl\n'}
[8.079322] (ur_dashboard_msgs) StdoutLine: {'line': b'-- Installing: /dev_ws/install/share/ur_dashboard_msgs/srv/IsProgramRunning.idl\n'}
[8.079363] (ur_dashboard_msgs) StdoutLine: {'line': b'-- Installing: /dev_ws/install/share/ur_dashboard_msgs/srv/IsProgramSaved.idl\n'}
[8.079396] (ur_dashboard_msgs) StdoutLine: {'line': b'-- Installing: /dev_ws/install/share/ur_dashboard_msgs/srv/Load.idl\n'}
[8.079451] (ur_dashboard_msgs) StdoutLine: {'line': b'-- Installing: /dev_ws/install/share/ur_dashboard_msgs/srv/Popup.idl\n'}
[8.079515] (ur_dashboard_msgs) StdoutLine: {'line': b'-- Installing: /dev_ws/install/share/ur_dashboard_msgs/srv/RawRequest.idl\n'}
[8.079561] (ur_dashboard_msgs) StdoutLine: {'line': b'-- Installing: /dev_ws/install/share/ur_dashboard_msgs/action/SetMode.idl\n'}
[8.079591] (ur_dashboard_msgs) StdoutLine: {'line': b'-- Installing: /dev_ws/install/share/ur_dashboard_msgs/msg/ProgramState.msg\n'}
[8.079641] (ur_dashboard_msgs) StdoutLine: {'line': b'-- Installing: /dev_ws/install/share/ur_dashboard_msgs/msg/RobotMode.msg\n'}
[8.079696] (ur_dashboard_msgs) StdoutLine: {'line': b'-- Installing: /dev_ws/install/share/ur_dashboard_msgs/msg/SafetyMode.msg\n'}
[8.079760] (ur_dashboard_msgs) StdoutLine: {'line': b'-- Installing: /dev_ws/install/share/ur_dashboard_msgs/srv/AddToLog.srv\n'}
[8.079836] (ur_dashboard_msgs) StdoutLine: {'line': b'-- Installing: /dev_ws/install/share/ur_dashboard_msgs/srv/AddToLog_Request.msg\n'}
[8.079912] (ur_dashboard_msgs) StdoutLine: {'line': b'-- Installing: /dev_ws/install/share/ur_dashboard_msgs/srv/AddToLog_Response.msg\n'}
[8.079982] (ur_dashboard_msgs) StdoutLine: {'line': b'-- Installing: /dev_ws/install/share/ur_dashboard_msgs/srv/GetLoadedProgram.srv\n'}
[8.080052] (ur_dashboard_msgs) StdoutLine: {'line': b'-- Installing: /dev_ws/install/share/ur_dashboard_msgs/srv/GetLoadedProgram_Request.msg\n'}
[8.080122] (ur_dashboard_msgs) StdoutLine: {'line': b'-- Installing: /dev_ws/install/share/ur_dashboard_msgs/srv/GetLoadedProgram_Response.msg\n'}
[8.080194] (ur_dashboard_msgs) StdoutLine: {'line': b'-- Installing: /dev_ws/install/share/ur_dashboard_msgs/srv/GetProgramState.srv\n'}
[8.080267] (ur_dashboard_msgs) StdoutLine: {'line': b'-- Installing: /dev_ws/install/share/ur_dashboard_msgs/srv/GetProgramState_Request.msg\n'}
[8.080329] (ur_dashboard_msgs) StdoutLine: {'line': b'-- Installing: /dev_ws/install/share/ur_dashboard_msgs/srv/GetProgramState_Response.msg\n'}
[8.080402] (ur_dashboard_msgs) StdoutLine: {'line': b'-- Installing: /dev_ws/install/share/ur_dashboard_msgs/srv/GetRobotMode.srv\n'}
[8.080475] (ur_dashboard_msgs) StdoutLine: {'line': b'-- Installing: /dev_ws/install/share/ur_dashboard_msgs/srv/GetRobotMode_Request.msg\n'}
[8.080545] (ur_dashboard_msgs) StdoutLine: {'line': b'-- Installing: /dev_ws/install/share/ur_dashboard_msgs/srv/GetRobotMode_Response.msg\n'}
[8.080608] (ur_dashboard_msgs) StdoutLine: {'line': b'-- Installing: /dev_ws/install/share/ur_dashboard_msgs/srv/GetSafetyMode.srv\n'}
[8.080685] (ur_dashboard_msgs) StdoutLine: {'line': b'-- Installing: /dev_ws/install/share/ur_dashboard_msgs/srv/GetSafetyMode_Request.msg\n'}
[8.080754] (ur_dashboard_msgs) StdoutLine: {'line': b'-- Installing: /dev_ws/install/share/ur_dashboard_msgs/srv/GetSafetyMode_Response.msg\n'}
[8.080825] (ur_dashboard_msgs) StdoutLine: {'line': b'-- Installing: /dev_ws/install/share/ur_dashboard_msgs/srv/IsProgramRunning.srv\n'}
[8.080893] (ur_dashboard_msgs) StdoutLine: {'line': b'-- Installing: /dev_ws/install/share/ur_dashboard_msgs/srv/IsProgramRunning_Request.msg\n'}
[8.080967] (ur_dashboard_msgs) StdoutLine: {'line': b'-- Installing: /dev_ws/install/share/ur_dashboard_msgs/srv/IsProgramRunning_Response.msg\n'}
[8.081040] (ur_dashboard_msgs) StdoutLine: {'line': b'-- Installing: /dev_ws/install/share/ur_dashboard_msgs/srv/IsProgramSaved.srv\n'}
[8.081116] (ur_dashboard_msgs) StdoutLine: {'line': b'-- Installing: /dev_ws/install/share/ur_dashboard_msgs/srv/IsProgramSaved_Request.msg\n'}
[8.081183] (ur_dashboard_msgs) StdoutLine: {'line': b'-- Installing: /dev_ws/install/share/ur_dashboard_msgs/srv/IsProgramSaved_Response.msg\n'}
[8.081262] (ur_dashboard_msgs) StdoutLine: {'line': b'-- Installing: /dev_ws/install/share/ur_dashboard_msgs/srv/Load.srv\n'}
[8.081338] (ur_dashboard_msgs) StdoutLine: {'line': b'-- Installing: /dev_ws/install/share/ur_dashboard_msgs/srv/Load_Request.msg\n'}
[8.081413] (ur_dashboard_msgs) StdoutLine: {'line': b'-- Installing: /dev_ws/install/share/ur_dashboard_msgs/srv/Load_Response.msg\n'}
[8.081480] (ur_dashboard_msgs) StdoutLine: {'line': b'-- Installing: /dev_ws/install/share/ur_dashboard_msgs/srv/Popup.srv\n'}
[8.081558] (ur_dashboard_msgs) StdoutLine: {'line': b'-- Installing: /dev_ws/install/share/ur_dashboard_msgs/srv/Popup_Request.msg\n'}
[8.081631] (ur_dashboard_msgs) StdoutLine: {'line': b'-- Installing: /dev_ws/install/share/ur_dashboard_msgs/srv/Popup_Response.msg\n'}
[8.081704] (ur_dashboard_msgs) StdoutLine: {'line': b'-- Installing: /dev_ws/install/share/ur_dashboard_msgs/srv/RawRequest.srv\n'}
[8.081771] (ur_dashboard_msgs) StdoutLine: {'line': b'-- Installing: /dev_ws/install/share/ur_dashboard_msgs/srv/RawRequest_Request.msg\n'}
[8.081850] (ur_dashboard_msgs) StdoutLine: {'line': b'-- Installing: /dev_ws/install/share/ur_dashboard_msgs/srv/RawRequest_Response.msg\n'}
[8.081921] (ur_dashboard_msgs) StdoutLine: {'line': b'-- Installing: /dev_ws/install/share/ur_dashboard_msgs/action/SetMode.action\n'}
[8.081998] (ur_dashboard_msgs) StdoutLine: {'line': b'-- Installing: /dev_ws/install/share/ament_index/resource_index/package_run_dependencies/ur_dashboard_msgs\n'}
[8.082066] (ur_dashboard_msgs) StdoutLine: {'line': b'-- Installing: /dev_ws/install/share/ament_index/resource_index/parent_prefix_path/ur_dashboard_msgs\n'}
[8.082153] (ur_dashboard_msgs) StdoutLine: {'line': b'-- Installing: /dev_ws/install/share/ur_dashboard_msgs/environment/ament_prefix_path.sh\n'}
[8.082224] (ur_dashboard_msgs) StdoutLine: {'line': b'-- Installing: /dev_ws/install/share/ur_dashboard_msgs/environment/ament_prefix_path.dsv\n'}
[8.082296] (ur_dashboard_msgs) StdoutLine: {'line': b'-- Installing: /dev_ws/install/share/ur_dashboard_msgs/environment/path.sh\n'}
[8.082358] (ur_dashboard_msgs) StdoutLine: {'line': b'-- Installing: /dev_ws/install/share/ur_dashboard_msgs/environment/path.dsv\n'}
[8.082432] (ur_dashboard_msgs) StdoutLine: {'line': b'-- Installing: /dev_ws/install/share/ur_dashboard_msgs/local_setup.bash\n'}
[8.082502] (ur_dashboard_msgs) StdoutLine: {'line': b'-- Installing: /dev_ws/install/share/ur_dashboard_msgs/local_setup.sh\n'}
[8.082576] (ur_dashboard_msgs) StdoutLine: {'line': b'-- Installing: /dev_ws/install/share/ur_dashboard_msgs/local_setup.zsh\n'}
[8.082640] (ur_dashboard_msgs) StdoutLine: {'line': b'-- Installing: /dev_ws/install/share/ur_dashboard_msgs/local_setup.dsv\n'}
[8.082716] (ur_dashboard_msgs) StdoutLine: {'line': b'-- Installing: /dev_ws/install/share/ur_dashboard_msgs/package.dsv\n'}
[8.082789] (ur_dashboard_msgs) StdoutLine: {'line': b'-- Installing: /dev_ws/install/share/ament_index/resource_index/packages/ur_dashboard_msgs\n'}
[8.082893] (ur_dashboard_msgs) StdoutLine: {'line': b'-- Installing: /dev_ws/install/share/ur_dashboard_msgs/cmake/export_ur_dashboard_msgs__rosidl_generator_cExport.cmake\n'}
[8.082967] (ur_dashboard_msgs) StdoutLine: {'line': b'-- Installing: /dev_ws/install/share/ur_dashboard_msgs/cmake/export_ur_dashboard_msgs__rosidl_generator_cExport-noconfig.cmake\n'}
[8.083054] (ur_dashboard_msgs) StdoutLine: {'line': b'-- Installing: /dev_ws/install/share/ur_dashboard_msgs/cmake/export_ur_dashboard_msgs__rosidl_typesupport_fastrtps_cExport.cmake\n'}
[8.083129] (ur_dashboard_msgs) StdoutLine: {'line': b'-- Installing: /dev_ws/install/share/ur_dashboard_msgs/cmake/export_ur_dashboard_msgs__rosidl_typesupport_fastrtps_cExport-noconfig.cmake\n'}
[8.083214] (ur_dashboard_msgs) StdoutLine: {'line': b'-- Installing: /dev_ws/install/share/ur_dashboard_msgs/cmake/ur_dashboard_msgs__rosidl_typesupport_introspection_cExport.cmake\n'}
[8.083284] (ur_dashboard_msgs) StdoutLine: {'line': b'-- Installing: /dev_ws/install/share/ur_dashboard_msgs/cmake/ur_dashboard_msgs__rosidl_typesupport_introspection_cExport-noconfig.cmake\n'}
[8.083369] (ur_dashboard_msgs) StdoutLine: {'line': b'-- Installing: /dev_ws/install/share/ur_dashboard_msgs/cmake/ur_dashboard_msgs__rosidl_typesupport_cExport.cmake\n'}
[8.083440] (ur_dashboard_msgs) StdoutLine: {'line': b'-- Installing: /dev_ws/install/share/ur_dashboard_msgs/cmake/ur_dashboard_msgs__rosidl_typesupport_cExport-noconfig.cmake\n'}
[8.083520] (ur_dashboard_msgs) StdoutLine: {'line': b'-- Installing: /dev_ws/install/share/ur_dashboard_msgs/cmake/export_ur_dashboard_msgs__rosidl_generator_cppExport.cmake\n'}
[8.083599] (ur_dashboard_msgs) StdoutLine: {'line': b'-- Installing: /dev_ws/install/share/ur_dashboard_msgs/cmake/export_ur_dashboard_msgs__rosidl_typesupport_fastrtps_cppExport.cmake\n'}
[8.083677] (ur_dashboard_msgs) StdoutLine: {'line': b'-- Installing: /dev_ws/install/share/ur_dashboard_msgs/cmake/export_ur_dashboard_msgs__rosidl_typesupport_fastrtps_cppExport-noconfig.cmake\n'}
[8.083768] (ur_dashboard_msgs) StdoutLine: {'line': b'-- Installing: /dev_ws/install/share/ur_dashboard_msgs/cmake/ur_dashboard_msgs__rosidl_typesupport_introspection_cppExport.cmake\n'}
[8.083836] (ur_dashboard_msgs) StdoutLine: {'line': b'-- Installing: /dev_ws/install/share/ur_dashboard_msgs/cmake/ur_dashboard_msgs__rosidl_typesupport_introspection_cppExport-noconfig.cmake\n'}
[8.083912] (ur_dashboard_msgs) StdoutLine: {'line': b'-- Installing: /dev_ws/install/share/ur_dashboard_msgs/cmake/ur_dashboard_msgs__rosidl_typesupport_cppExport.cmake\n'}
[8.083989] (ur_dashboard_msgs) StdoutLine: {'line': b'-- Installing: /dev_ws/install/share/ur_dashboard_msgs/cmake/ur_dashboard_msgs__rosidl_typesupport_cppExport-noconfig.cmake\n'}
[8.084067] (ur_dashboard_msgs) StdoutLine: {'line': b'-- Installing: /dev_ws/install/share/ur_dashboard_msgs/cmake/export_ur_dashboard_msgs__rosidl_generator_pyExport.cmake\n'}
[8.084147] (ur_dashboard_msgs) StdoutLine: {'line': b'-- Installing: /dev_ws/install/share/ur_dashboard_msgs/cmake/export_ur_dashboard_msgs__rosidl_generator_pyExport-noconfig.cmake\n'}
[8.084215] (ur_dashboard_msgs) StdoutLine: {'line': b'-- Installing: /dev_ws/install/share/ur_dashboard_msgs/cmake/rosidl_cmake-extras.cmake\n'}
[8.084292] (ur_dashboard_msgs) StdoutLine: {'line': b'-- Installing: /dev_ws/install/share/ur_dashboard_msgs/cmake/ament_cmake_export_dependencies-extras.cmake\n'}
[8.084362] (ur_dashboard_msgs) StdoutLine: {'line': b'-- Installing: /dev_ws/install/share/ur_dashboard_msgs/cmake/ament_cmake_export_include_directories-extras.cmake\n'}
[8.084435] (ur_dashboard_msgs) StdoutLine: {'line': b'-- Installing: /dev_ws/install/share/ur_dashboard_msgs/cmake/ament_cmake_export_libraries-extras.cmake\n'}
[8.084508] (ur_dashboard_msgs) StdoutLine: {'line': b'-- Installing: /dev_ws/install/share/ur_dashboard_msgs/cmake/ament_cmake_export_targets-extras.cmake\n'}
[8.084581] (ur_dashboard_msgs) StdoutLine: {'line': b'-- Installing: /dev_ws/install/share/ur_dashboard_msgs/cmake/rosidl_cmake_export_typesupport_targets-extras.cmake\n'}
[8.084646] (ur_dashboard_msgs) StdoutLine: {'line': b'-- Installing: /dev_ws/install/share/ur_dashboard_msgs/cmake/rosidl_cmake_export_typesupport_libraries-extras.cmake\n'}
[8.084718] (ur_dashboard_msgs) StdoutLine: {'line': b'-- Installing: /dev_ws/install/share/ur_dashboard_msgs/cmake/ur_dashboard_msgsConfig.cmake\n'}
[8.084772] (ur_dashboard_msgs) StdoutLine: {'line': b'-- Installing: /dev_ws/install/share/ur_dashboard_msgs/cmake/ur_dashboard_msgsConfig-version.cmake\n'}
[8.084842] (ur_dashboard_msgs) StdoutLine: {'line': b'-- Installing: /dev_ws/install/share/ur_dashboard_msgs/package.xml\n'}
[8.086708] (ur_dashboard_msgs) CommandEnded: {'returncode': 0}
[8.098237] (ur_dashboard_msgs) JobEnded: {'identifier': 'ur_dashboard_msgs', 'rc': 0}
[8.098910] (ur_controllers) JobStarted: {'identifier': 'ur_controllers'}
[8.104745] (ur_controllers) JobProgress: {'identifier': 'ur_controllers', 'progress': 'cmake'}
[8.105038] (ur_controllers) Command: {'cmd': ['/usr/bin/cmake', '/dev_ws/src/moveit2-introduction/Universal_Robots_ROS2_Driver/ur_controllers', '-DCMAKE_INSTALL_PREFIX=/dev_ws/install'], 'cwd': '/dev_ws/build/ur_controllers', 'env': OrderedDict([('HOSTNAME', 'prottay-Pulse-15-B13VFK'), ('SHLVL', '2'), ('LD_LIBRARY_PATH', '/dev_ws/install/lib:/opt/ros/humble/opt/rviz_ogre_vendor/lib:/opt/ros/humble/lib/x86_64-linux-gnu:/opt/ros/humble/lib'), ('HOME', '/home/prottay'), ('OLDPWD', '/dev_ws/src'), ('ROS_PYTHON_VERSION', '3'), ('COLORTERM', 'truecolor'), ('COLCON_PREFIX_PATH', '/dev_ws/install'), ('ROS_DISTRO', 'humble'), ('_', '/usr/bin/colcon'), ('ROS_VERSION', '2'), ('NVIDIA_DRIVER_CAPABILITIES', 'compute,display,graphics,utility,video'), ('TERM', 'xterm-256color'), ('ROS_LOCALHOST_ONLY', '1'), ('QT_X11_NO_MITSHM', '1'), ('PATH', '/opt/ros/humble/bin:/usr/local/sbin:/usr/local/bin:/usr/sbin:/usr/bin:/sbin:/bin'), ('DISPLAY', ':1'), ('LANG', 'C.UTF-8'), ('RMW_IMPLEMENTATION', 'rmw_fastrtps_cpp'), ('LS_COLORS', 'rs=0:di=01;34:ln=01;36:mh=00:pi=40;33:so=01;35:do=01;35:bd=40;33;01:cd=40;33;01:or=40;31;01:mi=00:su=37;41:sg=30;43:ca=30;41:tw=30;42:ow=34;42:st=37;44:ex=01;32:*.tar=01;31:*.tgz=01;31:*.arc=01;31:*.arj=01;31:*.taz=01;31:*.lha=01;31:*.lz4=01;31:*.lzh=01;31:*.lzma=01;31:*.tlz=01;31:*.txz=01;31:*.tzo=01;31:*.t7z=01;31:*.zip=01;31:*.z=01;31:*.dz=01;31:*.gz=01;31:*.lrz=01;31:*.lz=01;31:*.lzo=01;31:*.xz=01;31:*.zst=01;31:*.tzst=01;31:*.bz2=01;31:*.bz=01;31:*.tbz=01;31:*.tbz2=01;31:*.tz=01;31:*.deb=01;31:*.rpm=01;31:*.jar=01;31:*.war=01;31:*.ear=01;31:*.sar=01;31:*.rar=01;31:*.alz=01;31:*.ace=01;31:*.zoo=01;31:*.cpio=01;31:*.7z=01;31:*.rz=01;31:*.cab=01;31:*.wim=01;31:*.swm=01;31:*.dwm=01;31:*.esd=01;31:*.jpg=01;35:*.jpeg=01;35:*.mjpg=01;35:*.mjpeg=01;35:*.gif=01;35:*.bmp=01;35:*.pbm=01;35:*.pgm=01;35:*.ppm=01;35:*.tga=01;35:*.xbm=01;35:*.xpm=01;35:*.tif=01;35:*.tiff=01;35:*.png=01;35:*.svg=01;35:*.svgz=01;35:*.mng=01;35:*.pcx=01;35:*.mov=01;35:*.mpg=01;35:*.mpeg=01;35:*.m2v=01;35:*.mkv=01;35:*.webm=01;35:*.webp=01;35:*.ogm=01;35:*.mp4=01;35:*.m4v=01;35:*.mp4v=01;35:*.vob=01;35:*.qt=01;35:*.nuv=01;35:*.wmv=01;35:*.asf=01;35:*.rm=01;35:*.rmvb=01;35:*.flc=01;35:*.avi=01;35:*.fli=01;35:*.flv=01;35:*.gl=01;35:*.dl=01;35:*.xcf=01;35:*.xwd=01;35:*.yuv=01;35:*.cgm=01;35:*.emf=01;35:*.ogv=01;35:*.ogx=01;35:*.aac=00;36:*.au=00;36:*.flac=00;36:*.m4a=00;36:*.mid=00;36:*.midi=00;36:*.mka=00;36:*.mp3=00;36:*.mpc=00;36:*.ogg=00;36:*.ra=00;36:*.wav=00;36:*.oga=00;36:*.opus=00;36:*.spx=00;36:*.xspf=00;36:'), ('ROS_DOMAIN_ID', '0'), ('AMENT_PREFIX_PATH', '/dev_ws/install:/opt/ros/humble'), ('DEBIAN_FRONTEND', 'noninteractive'), ('TERMINATOR_UUID', 'urn:uuid:f94316ff-644a-45a6-8ebc-68eacf2d4390'), ('PWD', '/dev_ws/build/ur_controllers'), ('LC_ALL', 'C.UTF-8'), ('PYTHONPATH', '/dev_ws/install/lib/python3.10/site-packages:/dev_ws/build/easy_handeye2:/dev_ws/install/local/lib/python3.10/dist-packages:/opt/ros/humble/lib/python3.10/site-packages:/opt/ros/humble/local/lib/python3.10/dist-packages'), ('NVIDIA_VISIBLE_DEVICES', 'all'), ('COLCON', '1'), ('VTE_VERSION', '6800'), ('CMAKE_PREFIX_PATH', '/dev_ws/install:/opt/ros/humble')]), 'shell': False}
[8.134761] (-) TimerEvent: {}
[8.159888] (ur_controllers) StdoutLine: {'line': b'-- The C compiler identification is GNU 11.4.0\n'}
[8.211474] (ur_controllers) StdoutLine: {'line': b'-- The CXX compiler identification is GNU 11.4.0\n'}
[8.216725] (ur_controllers) StdoutLine: {'line': b'-- Detecting C compiler ABI info\n'}
[8.234969] (-) TimerEvent: {}
[8.335504] (-) TimerEvent: {}
[8.337315] (ur_controllers) StdoutLine: {'line': b'-- Detecting C compiler ABI info - done\n'}
[8.342444] (ur_controllers) StdoutLine: {'line': b'-- Check for working C compiler: /usr/bin/cc - skipped\n'}
[8.342713] (ur_controllers) StdoutLine: {'line': b'-- Detecting C compile features\n'}
[8.342990] (ur_controllers) StdoutLine: {'line': b'-- Detecting C compile features - done\n'}
[8.346502] (ur_controllers) StdoutLine: {'line': b'-- Detecting CXX compiler ABI info\n'}
[8.435853] (-) TimerEvent: {}
[8.468009] (ur_controllers) StdoutLine: {'line': b'-- Detecting CXX compiler ABI info - done\n'}
[8.480093] (ur_controllers) StdoutLine: {'line': b'-- Check for working CXX compiler: /usr/bin/c++ - skipped\n'}
[8.480661] (ur_controllers) StdoutLine: {'line': b'-- Detecting CXX compile features\n'}
[8.481351] (ur_controllers) StdoutLine: {'line': b'-- Detecting CXX compile features - done\n'}
[8.485059] (ur_controllers) StdoutLine: {'line': b'-- Found ament_cmake: 1.3.11 (/opt/ros/humble/share/ament_cmake/cmake)\n'}
[8.536033] (-) TimerEvent: {}
[8.608327] (ur_controllers) StdoutLine: {'line': b'-- Found Python3: /usr/bin/python3 (found version "3.10.12") found components: Interpreter \n'}
[8.636170] (-) TimerEvent: {}
[8.673653] (ur_controllers) StdoutLine: {'line': b'-- Found angles: 1.15.0 (/opt/ros/humble/share/angles/cmake)\n'}
[8.675695] (ur_controllers) StdoutLine: {'line': b'-- Found controller_interface: 2.50.0 (/opt/ros/humble/share/controller_interface/cmake)\n'}
[8.706123] (ur_controllers) StdoutLine: {'line': b'-- Found rosidl_generator_c: 3.1.6 (/opt/ros/humble/share/rosidl_generator_c/cmake)\n'}
[8.709948] (ur_controllers) StdoutLine: {'line': b'-- Found rosidl_adapter: 3.1.6 (/opt/ros/humble/share/rosidl_adapter/cmake)\n'}
[8.716017] (ur_controllers) StdoutLine: {'line': b'-- Found rosidl_generator_cpp: 3.1.6 (/opt/ros/humble/share/rosidl_generator_cpp/cmake)\n'}
[8.724485] (ur_controllers) StdoutLine: {'line': b'-- Using all available rosidl_typesupport_c: rosidl_typesupport_fastrtps_c;rosidl_typesupport_introspection_c\n'}
[8.735830] (ur_controllers) StdoutLine: {'line': b'-- Using all available rosidl_typesupport_cpp: rosidl_typesupport_fastrtps_cpp;rosidl_typesupport_introspection_cpp\n'}
[8.736232] (-) TimerEvent: {}
[8.836577] (-) TimerEvent: {}
[8.879909] (ur_controllers) StdoutLine: {'line': b'-- Found rmw_implementation_cmake: 6.1.2 (/opt/ros/humble/share/rmw_implementation_cmake/cmake)\n'}
[8.882016] (ur_controllers) StdoutLine: {'line': b'-- Found rmw_fastrtps_cpp: 6.2.7 (/opt/ros/humble/share/rmw_fastrtps_cpp/cmake)\n'}
[8.900473] (ur_controllers) StdoutLine: {'line': b'-- Found TinyXML2 via Config file: TinyXML2_DIR-NOTFOUND\n'}
[8.936808] (-) TimerEvent: {}
[9.011010] (ur_controllers) StdoutLine: {'line': b'-- Found OpenSSL: /usr/lib/x86_64-linux-gnu/libcrypto.so (found version "3.0.2")  \n'}
[9.015051] (ur_controllers) StdoutLine: {'line': b'-- Found TinyXML2 via Config file: TinyXML2_DIR-NOTFOUND\n'}
[9.037051] (-) TimerEvent: {}
[9.039857] (ur_controllers) StdoutLine: {'line': b'-- Found FastRTPS: /opt/ros/humble/include  \n'}
[9.042174] (ur_controllers) StdoutLine: {'line': b'-- Found TinyXML2 via Config file: TinyXML2_DIR-NOTFOUND\n'}
[9.052596] (ur_controllers) StdoutLine: {'line': b'-- Found TinyXML2 via Config file: TinyXML2_DIR-NOTFOUND\n'}
[9.062992] (ur_controllers) StdoutLine: {'line': b"-- Using RMW implementation 'rmw_fastrtps_cpp' as default\n"}
[9.075921] (ur_controllers) StdoutLine: {'line': b'-- Looking for pthread.h\n'}
[9.137319] (-) TimerEvent: {}
[9.200119] (ur_controllers) StdoutLine: {'line': b'-- Looking for pthread.h - found\n'}
[9.200395] (ur_controllers) StdoutLine: {'line': b'-- Performing Test CMAKE_HAVE_LIBC_PTHREAD\n'}
[9.237480] (-) TimerEvent: {}
[9.331912] (ur_controllers) StdoutLine: {'line': b'-- Performing Test CMAKE_HAVE_LIBC_PTHREAD - Success\n'}
[9.332773] (ur_controllers) StdoutLine: {'line': b'-- Found Threads: TRUE  \n'}
[9.337523] (-) TimerEvent: {}
[9.369809] (ur_controllers) StdoutLine: {'line': b'-- Found joint_trajectory_controller: 2.44.0 (/opt/ros/humble/share/joint_trajectory_controller/cmake)\n'}
[9.420453] (ur_controllers) StdoutLine: {'line': b'-- Found std_srvs: 4.8.0 (/opt/ros/humble/share/std_srvs/cmake)\n'}
[9.426526] (ur_controllers) StdoutLine: {'line': b'-- Found ur_dashboard_msgs: 2.2.16 (/dev_ws/install/share/ur_dashboard_msgs/cmake)\n'}
[9.437757] (-) TimerEvent: {}
[9.438022] (ur_controllers) StdoutLine: {'line': b'-- Found ur_msgs: 2.2.0 (/opt/ros/humble/share/ur_msgs/cmake)\n'}
[9.500888] (ur_controllers) StdoutLine: {'line': b'-- Configuring done\n'}
[9.520916] (ur_controllers) StdoutLine: {'line': b'-- Generating done\n'}
[9.525147] (ur_controllers) StdoutLine: {'line': b'-- Build files have been written to: /dev_ws/build/ur_controllers\n'}
[9.531717] (ur_controllers) CommandEnded: {'returncode': 0}
[9.532253] (ur_controllers) JobProgress: {'identifier': 'ur_controllers', 'progress': 'build'}
[9.532744] (ur_controllers) Command: {'cmd': ['/usr/bin/cmake', '--build', '/dev_ws/build/ur_controllers', '--', '-j20', '-l20'], 'cwd': '/dev_ws/build/ur_controllers', 'env': OrderedDict([('HOSTNAME', 'prottay-Pulse-15-B13VFK'), ('SHLVL', '2'), ('LD_LIBRARY_PATH', '/dev_ws/install/lib:/opt/ros/humble/opt/rviz_ogre_vendor/lib:/opt/ros/humble/lib/x86_64-linux-gnu:/opt/ros/humble/lib'), ('HOME', '/home/prottay'), ('OLDPWD', '/dev_ws/src'), ('ROS_PYTHON_VERSION', '3'), ('COLORTERM', 'truecolor'), ('COLCON_PREFIX_PATH', '/dev_ws/install'), ('ROS_DISTRO', 'humble'), ('_', '/usr/bin/colcon'), ('ROS_VERSION', '2'), ('NVIDIA_DRIVER_CAPABILITIES', 'compute,display,graphics,utility,video'), ('TERM', 'xterm-256color'), ('ROS_LOCALHOST_ONLY', '1'), ('QT_X11_NO_MITSHM', '1'), ('PATH', '/opt/ros/humble/bin:/usr/local/sbin:/usr/local/bin:/usr/sbin:/usr/bin:/sbin:/bin'), ('DISPLAY', ':1'), ('LANG', 'C.UTF-8'), ('RMW_IMPLEMENTATION', 'rmw_fastrtps_cpp'), ('LS_COLORS', 'rs=0:di=01;34:ln=01;36:mh=00:pi=40;33:so=01;35:do=01;35:bd=40;33;01:cd=40;33;01:or=40;31;01:mi=00:su=37;41:sg=30;43:ca=30;41:tw=30;42:ow=34;42:st=37;44:ex=01;32:*.tar=01;31:*.tgz=01;31:*.arc=01;31:*.arj=01;31:*.taz=01;31:*.lha=01;31:*.lz4=01;31:*.lzh=01;31:*.lzma=01;31:*.tlz=01;31:*.txz=01;31:*.tzo=01;31:*.t7z=01;31:*.zip=01;31:*.z=01;31:*.dz=01;31:*.gz=01;31:*.lrz=01;31:*.lz=01;31:*.lzo=01;31:*.xz=01;31:*.zst=01;31:*.tzst=01;31:*.bz2=01;31:*.bz=01;31:*.tbz=01;31:*.tbz2=01;31:*.tz=01;31:*.deb=01;31:*.rpm=01;31:*.jar=01;31:*.war=01;31:*.ear=01;31:*.sar=01;31:*.rar=01;31:*.alz=01;31:*.ace=01;31:*.zoo=01;31:*.cpio=01;31:*.7z=01;31:*.rz=01;31:*.cab=01;31:*.wim=01;31:*.swm=01;31:*.dwm=01;31:*.esd=01;31:*.jpg=01;35:*.jpeg=01;35:*.mjpg=01;35:*.mjpeg=01;35:*.gif=01;35:*.bmp=01;35:*.pbm=01;35:*.pgm=01;35:*.ppm=01;35:*.tga=01;35:*.xbm=01;35:*.xpm=01;35:*.tif=01;35:*.tiff=01;35:*.png=01;35:*.svg=01;35:*.svgz=01;35:*.mng=01;35:*.pcx=01;35:*.mov=01;35:*.mpg=01;35:*.mpeg=01;35:*.m2v=01;35:*.mkv=01;35:*.webm=01;35:*.webp=01;35:*.ogm=01;35:*.mp4=01;35:*.m4v=01;35:*.mp4v=01;35:*.vob=01;35:*.qt=01;35:*.nuv=01;35:*.wmv=01;35:*.asf=01;35:*.rm=01;35:*.rmvb=01;35:*.flc=01;35:*.avi=01;35:*.fli=01;35:*.flv=01;35:*.gl=01;35:*.dl=01;35:*.xcf=01;35:*.xwd=01;35:*.yuv=01;35:*.cgm=01;35:*.emf=01;35:*.ogv=01;35:*.ogx=01;35:*.aac=00;36:*.au=00;36:*.flac=00;36:*.m4a=00;36:*.mid=00;36:*.midi=00;36:*.mka=00;36:*.mp3=00;36:*.mpc=00;36:*.ogg=00;36:*.ra=00;36:*.wav=00;36:*.oga=00;36:*.opus=00;36:*.spx=00;36:*.xspf=00;36:'), ('ROS_DOMAIN_ID', '0'), ('AMENT_PREFIX_PATH', '/dev_ws/install:/opt/ros/humble'), ('DEBIAN_FRONTEND', 'noninteractive'), ('TERMINATOR_UUID', 'urn:uuid:f94316ff-644a-45a6-8ebc-68eacf2d4390'), ('PWD', '/dev_ws/build/ur_controllers'), ('LC_ALL', 'C.UTF-8'), ('PYTHONPATH', '/dev_ws/install/lib/python3.10/site-packages:/dev_ws/build/easy_handeye2:/dev_ws/install/local/lib/python3.10/dist-packages:/opt/ros/humble/lib/python3.10/site-packages:/opt/ros/humble/local/lib/python3.10/dist-packages'), ('NVIDIA_VISIBLE_DEVICES', 'all'), ('COLCON', '1'), ('VTE_VERSION', '6800'), ('CMAKE_PREFIX_PATH', '/dev_ws/install:/opt/ros/humble')]), 'shell': False}
[9.537865] (-) TimerEvent: {}
[9.603564] (ur_controllers) StdoutLine: {'line': b'[  7%] \x1b[34m\x1b[1mRunning `/opt/ros/humble/bin/generate_parameter_library_cpp /dev_ws/build/ur_controllers/include/ur_controllers/ur_configuration_controller_parameters.hpp /dev_ws/src/moveit2-introduction/Universal_Robots_ROS2_Driver/ur_controllers/src/ur_configuration_controller_parameters.yaml `\x1b[0m\n'}
[9.605441] (ur_controllers) StdoutLine: {'line': b'[ 15%] \x1b[34m\x1b[1mRunning `/opt/ros/humble/bin/generate_parameter_library_cpp /dev_ws/build/ur_controllers/include/ur_controllers/gpio_controller_parameters.hpp /dev_ws/src/moveit2-introduction/Universal_Robots_ROS2_Driver/ur_controllers/src/gpio_controller_parameters.yaml `\x1b[0m\n'}
[9.605661] (ur_controllers) StdoutLine: {'line': b'[ 23%] \x1b[34m\x1b[1mRunning `/opt/ros/humble/bin/generate_parameter_library_cpp /dev_ws/build/ur_controllers/include/ur_controllers/speed_scaling_state_broadcaster_parameters.hpp /dev_ws/src/moveit2-introduction/Universal_Robots_ROS2_Driver/ur_controllers/src/speed_scaling_state_broadcaster_parameters.yaml `\x1b[0m\n'}
[9.606351] (ur_controllers) StdoutLine: {'line': b'[ 30%] \x1b[34m\x1b[1mRunning `/opt/ros/humble/bin/generate_parameter_library_cpp /dev_ws/build/ur_controllers/include/ur_controllers/scaled_joint_trajectory_controller_parameters.hpp /dev_ws/src/moveit2-introduction/Universal_Robots_ROS2_Driver/ur_controllers/src/scaled_joint_trajectory_controller_parameters.yaml `\x1b[0m\n'}
[9.638099] (-) TimerEvent: {}
[9.703345] (ur_controllers) StdoutLine: {'line': b'[ 38%] \x1b[34m\x1b[1mCreating deprecated header file /dev_ws/build/ur_controllers/include/ur_configuration_controller_parameters.hpp\x1b[0m\n'}
[9.713495] (ur_controllers) StdoutLine: {'line': b'[ 46%] \x1b[34m\x1b[1mCreating deprecated header file /dev_ws/build/ur_controllers/include/gpio_controller_parameters.hpp\x1b[0m\n'}
[9.716604] (ur_controllers) StdoutLine: {'line': b'[ 53%] \x1b[34m\x1b[1mCreating deprecated header file /dev_ws/build/ur_controllers/include/speed_scaling_state_broadcaster_parameters.hpp\x1b[0m\n'}
[9.719191] (ur_controllers) StdoutLine: {'line': b'[ 61%] \x1b[34m\x1b[1mCreating deprecated header file /dev_ws/build/ur_controllers/include/scaled_joint_trajectory_controller_parameters.hpp\x1b[0m\n'}
[9.735379] (ur_controllers) StdoutLine: {'line': b'[ 61%] Built target ur_configuration_controller_parameters\n'}
[9.738307] (-) TimerEvent: {}
[9.745507] (ur_controllers) StdoutLine: {'line': b'[ 61%] Built target gpio_controller_parameters\n'}
[9.745890] (ur_controllers) StdoutLine: {'line': b'[ 61%] Built target scaled_joint_trajectory_controller_parameters\n'}
[9.750401] (ur_controllers) StdoutLine: {'line': b'[ 61%] Built target speed_scaling_state_broadcaster_parameters\n'}
[9.773859] (ur_controllers) StdoutLine: {'line': b'[ 69%] \x1b[32mBuilding CXX object CMakeFiles/ur_controllers.dir/src/scaled_joint_trajectory_controller.cpp.o\x1b[0m\n'}
[9.774256] (ur_controllers) StdoutLine: {'line': b'[ 76%] \x1b[32mBuilding CXX object CMakeFiles/ur_controllers.dir/src/gpio_controller.cpp.o\x1b[0m\n'}
[9.775220] (ur_controllers) StdoutLine: {'line': b'[ 84%] \x1b[32mBuilding CXX object CMakeFiles/ur_controllers.dir/src/ur_configuration_controller.cpp.o\x1b[0m\n'}
[9.775514] (ur_controllers) StdoutLine: {'line': b'[ 92%] \x1b[32mBuilding CXX object CMakeFiles/ur_controllers.dir/src/speed_scaling_state_broadcaster.cpp.o\x1b[0m\n'}
[9.838482] (-) TimerEvent: {}
[9.938891] (-) TimerEvent: {}
[10.039292] (-) TimerEvent: {}
[10.139706] (-) TimerEvent: {}
[10.215113] (ur_controllers) StderrLine: {'line': b'In file included from \x1b[01m\x1b[K/dev_ws/src/moveit2-introduction/Universal_Robots_ROS2_Driver/ur_controllers/include/ur_controllers/ur_configuration_controller.hpp:46\x1b[m\x1b[K,\n'}
[10.215335] (ur_controllers) StderrLine: {'line': b'                 from \x1b[01m\x1b[K/dev_ws/src/moveit2-introduction/Universal_Robots_ROS2_Driver/ur_controllers/src/ur_configuration_controller.cpp:41\x1b[m\x1b[K:\n'}
[10.215421] (ur_controllers) StderrLine: {'line': b"\x1b[01m\x1b[K/opt/ros/humble/include/realtime_tools/realtime_tools/realtime_box_best_effort.h:38:109:\x1b[m\x1b[K \x1b[01;36m\x1b[Knote: \x1b[m\x1b[K\xe2\x80\x98\x1b[01m\x1b[K#pragma message: This header include is deprecated. Please update your code to use 'realtime_box_best_effort.hpp' header.\x1b[m\x1b[K\xe2\x80\x99\n"}
[10.215503] (ur_controllers) StderrLine: {'line': b'   38 |   "This header include is deprecated. Please update your code to use \'realtime_box_best_effort.hpp\' header."\x1b[01;36m\x1b[K)\x1b[m\x1b[K  //NOLINT\n'}
[10.215579] (ur_controllers) StderrLine: {'line': b'      |                                                                                                             \x1b[01;36m\x1b[K^\x1b[m\x1b[K\n'}
[10.239932] (-) TimerEvent: {}
[10.340345] (-) TimerEvent: {}
[10.440752] (-) TimerEvent: {}
[10.541175] (-) TimerEvent: {}
[10.641607] (-) TimerEvent: {}
[10.742036] (-) TimerEvent: {}
[10.842470] (-) TimerEvent: {}
[10.942900] (-) TimerEvent: {}
[11.043325] (-) TimerEvent: {}
[11.143764] (-) TimerEvent: {}
[11.244203] (-) TimerEvent: {}
[11.344629] (-) TimerEvent: {}
[11.395151] (ur_controllers) StderrLine: {'line': b'In file included from \x1b[01m\x1b[K/dev_ws/src/moveit2-introduction/Universal_Robots_ROS2_Driver/ur_controllers/include/ur_controllers/speed_scaling_state_broadcaster.hpp:51\x1b[m\x1b[K,\n'}
[11.395349] (ur_controllers) StderrLine: {'line': b'                 from \x1b[01m\x1b[K/dev_ws/src/moveit2-introduction/Universal_Robots_ROS2_Driver/ur_controllers/src/speed_scaling_state_broadcaster.cpp:38\x1b[m\x1b[K:\n'}
[11.395434] (ur_controllers) StderrLine: {'line': b'\x1b[01m\x1b[K/dev_ws/build/ur_controllers/include/speed_scaling_state_broadcaster_parameters.hpp:1:179:\x1b[m\x1b[K \x1b[01;36m\x1b[Knote: \x1b[m\x1b[K\xe2\x80\x98\x1b[01m\x1b[K#pragma message: #include "speed_scaling_state_broadcaster_parameters.hpp" is deprecated. Use #include <ur_controllers/speed_scaling_state_broadcaster_parameters.hpp> instead.\x1b[m\x1b[K\xe2\x80\x99\n'}
[11.395527] (ur_controllers) StderrLine: {'line': b'    1 | #pragma message("#include \\"speed_scaling_state_broadcaster_parameters.hpp\\" is deprecated. Use #include <ur_controllers/speed_scaling_state_broadcaster_parameters.hpp> instead."\x1b[01;36m\x1b[K)\x1b[m\x1b[K\n'}
[11.395609] (ur_controllers) StderrLine: {'line': b'      |                                                                                                                                                                                   \x1b[01;36m\x1b[K^\x1b[m\x1b[K\n'}
[11.403153] (ur_controllers) StderrLine: {'line': b'In file included from \x1b[01m\x1b[K/dev_ws/src/moveit2-introduction/Universal_Robots_ROS2_Driver/ur_controllers/include/ur_controllers/ur_configuration_controller.hpp:53\x1b[m\x1b[K,\n'}
[11.403346] (ur_controllers) StderrLine: {'line': b'                 from \x1b[01m\x1b[K/dev_ws/src/moveit2-introduction/Universal_Robots_ROS2_Driver/ur_controllers/src/ur_configuration_controller.cpp:41\x1b[m\x1b[K:\n'}
[11.403434] (ur_controllers) StderrLine: {'line': b'\x1b[01m\x1b[K/dev_ws/build/ur_controllers/include/ur_configuration_controller_parameters.hpp:1:171:\x1b[m\x1b[K \x1b[01;36m\x1b[Knote: \x1b[m\x1b[K\xe2\x80\x98\x1b[01m\x1b[K#pragma message: #include "ur_configuration_controller_parameters.hpp" is deprecated. Use #include <ur_controllers/ur_configuration_controller_parameters.hpp> instead.\x1b[m\x1b[K\xe2\x80\x99\n'}
[11.403517] (ur_controllers) StderrLine: {'line': b'    1 | #pragma message("#include \\"ur_configuration_controller_parameters.hpp\\" is deprecated. Use #include <ur_controllers/ur_configuration_controller_parameters.hpp> instead."\x1b[01;36m\x1b[K)\x1b[m\x1b[K\n'}
[11.403597] (ur_controllers) StderrLine: {'line': b'      |                                                                                                                                                                           \x1b[01;36m\x1b[K^\x1b[m\x1b[K\n'}
[11.426870] (ur_controllers) StderrLine: {'line': b'In file included from \x1b[01m\x1b[K/dev_ws/src/moveit2-introduction/Universal_Robots_ROS2_Driver/ur_controllers/include/ur_controllers/gpio_controller.hpp:60\x1b[m\x1b[K,\n'}
[11.427056] (ur_controllers) StderrLine: {'line': b'                 from \x1b[01m\x1b[K/dev_ws/src/moveit2-introduction/Universal_Robots_ROS2_Driver/ur_controllers/src/gpio_controller.cpp:38\x1b[m\x1b[K:\n'}
[11.427145] (ur_controllers) StderrLine: {'line': b'\x1b[01m\x1b[K/dev_ws/build/ur_controllers/include/gpio_controller_parameters.hpp:1:147:\x1b[m\x1b[K \x1b[01;36m\x1b[Knote: \x1b[m\x1b[K\xe2\x80\x98\x1b[01m\x1b[K#pragma message: #include "gpio_controller_parameters.hpp" is deprecated. Use #include <ur_controllers/gpio_controller_parameters.hpp> instead.\x1b[m\x1b[K\xe2\x80\x99\n'}
[11.427246] (ur_controllers) StderrLine: {'line': b'    1 | #pragma message("#include \\"gpio_controller_parameters.hpp\\" is deprecated. Use #include <ur_controllers/gpio_controller_parameters.hpp> instead."\x1b[01;36m\x1b[K)\x1b[m\x1b[K\n'}
[11.427324] (ur_controllers) StderrLine: {'line': b'      |                                                                                                                                                   \x1b[01;36m\x1b[K^\x1b[m\x1b[K\n'}
[11.444857] (-) TimerEvent: {}
[11.474703] (ur_controllers) StderrLine: {'line': b'In file included from \x1b[01m\x1b[K/dev_ws/src/moveit2-introduction/Universal_Robots_ROS2_Driver/ur_controllers/src/ur_configuration_controller.cpp:42\x1b[m\x1b[K:\n'}
[11.474907] (ur_controllers) StderrLine: {'line': b"\x1b[01m\x1b[K/opt/ros/humble/include/realtime_tools/realtime_tools/realtime_box.h:22:97:\x1b[m\x1b[K \x1b[01;36m\x1b[Knote: \x1b[m\x1b[K\xe2\x80\x98\x1b[01m\x1b[K#pragma message: This header include is deprecated. Please update your code to use 'realtime_box.hpp' header.\x1b[m\x1b[K\xe2\x80\x99\n"}
[11.475016] (ur_controllers) StderrLine: {'line': b'   22 |   "This header include is deprecated. Please update your code to use \'realtime_box.hpp\' header."\x1b[01;36m\x1b[K)\x1b[m\x1b[K  //NOLINT\n'}
[11.475101] (ur_controllers) StderrLine: {'line': b'      |                                                                                                 \x1b[01;36m\x1b[K^\x1b[m\x1b[K\n'}
[11.545086] (-) TimerEvent: {}
[11.590248] (ur_controllers) StderrLine: {'line': b'\x1b[01m\x1b[K/dev_ws/src/moveit2-introduction/Universal_Robots_ROS2_Driver/ur_controllers/src/gpio_controller.cpp:\x1b[m\x1b[K In member function \xe2\x80\x98\x1b[01m\x1b[Kbool ur_controllers::GPIOController::setAnalogOutput(ur_msgs::srv::SetAnalogOutput_Request_<std::allocator<void> >::SharedPtr, ur_msgs::srv::SetAnalogOutput_Response_<std::allocator<void> >::SharedPtr)\x1b[m\x1b[K\xe2\x80\x99:\n'}
[11.590449] (ur_controllers) StderrLine: {'line': b'\x1b[01m\x1b[K/dev_ws/src/moveit2-introduction/Universal_Robots_ROS2_Driver/ur_controllers/src/gpio_controller.cpp:410:21:\x1b[m\x1b[K \x1b[01;35m\x1b[Kwarning: \x1b[m\x1b[Kcomparison is always false due to limited range of data type [\x1b[01;35m\x1b[K\x1b]8;;https://gcc.gnu.org/onlinedocs/gcc/Warning-Options.html#index-Wtype-limits\x07-Wtype-limits\x1b]8;;\x07\x1b[m\x1b[K]\n'}
[11.590543] (ur_controllers) StderrLine: {'line': b'  410 |   if (\x1b[01;35m\x1b[Kreq->data.pin < 0\x1b[m\x1b[K || req->data.pin > 1) {\n'}
[11.590663] (ur_controllers) StderrLine: {'line': b'      |       \x1b[01;35m\x1b[K~~~~~~~~~~~~~~^~~\x1b[m\x1b[K\n'}
[11.645347] (-) TimerEvent: {}
[11.745763] (-) TimerEvent: {}
[11.776329] (ur_controllers) StderrLine: {'line': b'In file included from \x1b[01m\x1b[K/dev_ws/src/moveit2-introduction/Universal_Robots_ROS2_Driver/ur_controllers/include/ur_controllers/scaled_joint_trajectory_controller.hpp:48\x1b[m\x1b[K,\n'}
[11.776527] (ur_controllers) StderrLine: {'line': b'                 from \x1b[01m\x1b[K/dev_ws/src/moveit2-introduction/Universal_Robots_ROS2_Driver/ur_controllers/src/scaled_joint_trajectory_controller.cpp:41\x1b[m\x1b[K:\n'}
[11.776619] (ur_controllers) StderrLine: {'line': b'\x1b[01m\x1b[K/dev_ws/build/ur_controllers/include/scaled_joint_trajectory_controller_parameters.hpp:1:185:\x1b[m\x1b[K \x1b[01;36m\x1b[Knote: \x1b[m\x1b[K\xe2\x80\x98\x1b[01m\x1b[K#pragma message: #include "scaled_joint_trajectory_controller_parameters.hpp" is deprecated. Use #include <ur_controllers/scaled_joint_trajectory_controller_parameters.hpp> instead.\x1b[m\x1b[K\xe2\x80\x99\n'}
[11.776707] (ur_controllers) StderrLine: {'line': b'    1 | "scaled_joint_trajectory_controller_parameters.hpp\\" is deprecated. Use #include <ur_controllers/scaled_joint_trajectory_controller_parameters.hpp> instead."\x1b[01;36m\x1b[K)\x1b[m\x1b[K\n'}
[11.776788] (ur_controllers) StderrLine: {'line': b'      |                                                                                                                                                              \x1b[01;36m\x1b[K^\x1b[m\x1b[K\n'}
[11.776869] (ur_controllers) StderrLine: {'line': b'\n'}
[11.845994] (-) TimerEvent: {}
[11.946354] (-) TimerEvent: {}
[12.046786] (-) TimerEvent: {}
[12.147109] (-) TimerEvent: {}
[12.247540] (-) TimerEvent: {}
[12.347952] (-) TimerEvent: {}
[12.448368] (-) TimerEvent: {}
[12.548768] (-) TimerEvent: {}
[12.649112] (-) TimerEvent: {}
[12.749524] (-) TimerEvent: {}
[12.849929] (-) TimerEvent: {}
[12.950339] (-) TimerEvent: {}
[13.050746] (-) TimerEvent: {}
[13.151170] (-) TimerEvent: {}
[13.251733] (-) TimerEvent: {}
[13.352080] (-) TimerEvent: {}
[13.452428] (-) TimerEvent: {}
[13.552753] (-) TimerEvent: {}
[13.653069] (-) TimerEvent: {}
[13.753397] (-) TimerEvent: {}
[13.853707] (-) TimerEvent: {}
[13.954031] (-) TimerEvent: {}
[14.054362] (-) TimerEvent: {}
[14.154700] (-) TimerEvent: {}
[14.255017] (-) TimerEvent: {}
[14.355333] (-) TimerEvent: {}
[14.455646] (-) TimerEvent: {}
[14.555967] (-) TimerEvent: {}
[14.656280] (-) TimerEvent: {}
[14.756529] (-) TimerEvent: {}
[14.856848] (-) TimerEvent: {}
[14.957179] (-) TimerEvent: {}
[15.057627] (-) TimerEvent: {}
[15.157960] (-) TimerEvent: {}
[15.258286] (-) TimerEvent: {}
[15.358534] (-) TimerEvent: {}
[15.458843] (-) TimerEvent: {}
[15.559186] (-) TimerEvent: {}
[15.659425] (-) TimerEvent: {}
[15.759686] (-) TimerEvent: {}
[15.786359] (ur_controllers) StdoutLine: {'line': b'[100%] \x1b[32m\x1b[1mLinking CXX shared library libur_controllers.so\x1b[0m\n'}
[15.859883] (-) TimerEvent: {}
[15.960229] (-) TimerEvent: {}
[16.060561] (-) TimerEvent: {}
[16.160815] (-) TimerEvent: {}
[16.261170] (-) TimerEvent: {}
[16.328092] (ur_controllers) StdoutLine: {'line': b'[100%] Built target ur_controllers\n'}
[16.335822] (ur_controllers) CommandEnded: {'returncode': 0}
[16.336246] (ur_controllers) JobProgress: {'identifier': 'ur_controllers', 'progress': 'install'}
[16.336412] (ur_controllers) Command: {'cmd': ['/usr/bin/cmake', '--install', '/dev_ws/build/ur_controllers'], 'cwd': '/dev_ws/build/ur_controllers', 'env': OrderedDict([('HOSTNAME', 'prottay-Pulse-15-B13VFK'), ('SHLVL', '2'), ('LD_LIBRARY_PATH', '/dev_ws/install/lib:/opt/ros/humble/opt/rviz_ogre_vendor/lib:/opt/ros/humble/lib/x86_64-linux-gnu:/opt/ros/humble/lib'), ('HOME', '/home/prottay'), ('OLDPWD', '/dev_ws/src'), ('ROS_PYTHON_VERSION', '3'), ('COLORTERM', 'truecolor'), ('COLCON_PREFIX_PATH', '/dev_ws/install'), ('ROS_DISTRO', 'humble'), ('_', '/usr/bin/colcon'), ('ROS_VERSION', '2'), ('NVIDIA_DRIVER_CAPABILITIES', 'compute,display,graphics,utility,video'), ('TERM', 'xterm-256color'), ('ROS_LOCALHOST_ONLY', '1'), ('QT_X11_NO_MITSHM', '1'), ('PATH', '/opt/ros/humble/bin:/usr/local/sbin:/usr/local/bin:/usr/sbin:/usr/bin:/sbin:/bin'), ('DISPLAY', ':1'), ('LANG', 'C.UTF-8'), ('RMW_IMPLEMENTATION', 'rmw_fastrtps_cpp'), ('LS_COLORS', 'rs=0:di=01;34:ln=01;36:mh=00:pi=40;33:so=01;35:do=01;35:bd=40;33;01:cd=40;33;01:or=40;31;01:mi=00:su=37;41:sg=30;43:ca=30;41:tw=30;42:ow=34;42:st=37;44:ex=01;32:*.tar=01;31:*.tgz=01;31:*.arc=01;31:*.arj=01;31:*.taz=01;31:*.lha=01;31:*.lz4=01;31:*.lzh=01;31:*.lzma=01;31:*.tlz=01;31:*.txz=01;31:*.tzo=01;31:*.t7z=01;31:*.zip=01;31:*.z=01;31:*.dz=01;31:*.gz=01;31:*.lrz=01;31:*.lz=01;31:*.lzo=01;31:*.xz=01;31:*.zst=01;31:*.tzst=01;31:*.bz2=01;31:*.bz=01;31:*.tbz=01;31:*.tbz2=01;31:*.tz=01;31:*.deb=01;31:*.rpm=01;31:*.jar=01;31:*.war=01;31:*.ear=01;31:*.sar=01;31:*.rar=01;31:*.alz=01;31:*.ace=01;31:*.zoo=01;31:*.cpio=01;31:*.7z=01;31:*.rz=01;31:*.cab=01;31:*.wim=01;31:*.swm=01;31:*.dwm=01;31:*.esd=01;31:*.jpg=01;35:*.jpeg=01;35:*.mjpg=01;35:*.mjpeg=01;35:*.gif=01;35:*.bmp=01;35:*.pbm=01;35:*.pgm=01;35:*.ppm=01;35:*.tga=01;35:*.xbm=01;35:*.xpm=01;35:*.tif=01;35:*.tiff=01;35:*.png=01;35:*.svg=01;35:*.svgz=01;35:*.mng=01;35:*.pcx=01;35:*.mov=01;35:*.mpg=01;35:*.mpeg=01;35:*.m2v=01;35:*.mkv=01;35:*.webm=01;35:*.webp=01;35:*.ogm=01;35:*.mp4=01;35:*.m4v=01;35:*.mp4v=01;35:*.vob=01;35:*.qt=01;35:*.nuv=01;35:*.wmv=01;35:*.asf=01;35:*.rm=01;35:*.rmvb=01;35:*.flc=01;35:*.avi=01;35:*.fli=01;35:*.flv=01;35:*.gl=01;35:*.dl=01;35:*.xcf=01;35:*.xwd=01;35:*.yuv=01;35:*.cgm=01;35:*.emf=01;35:*.ogv=01;35:*.ogx=01;35:*.aac=00;36:*.au=00;36:*.flac=00;36:*.m4a=00;36:*.mid=00;36:*.midi=00;36:*.mka=00;36:*.mp3=00;36:*.mpc=00;36:*.ogg=00;36:*.ra=00;36:*.wav=00;36:*.oga=00;36:*.opus=00;36:*.spx=00;36:*.xspf=00;36:'), ('ROS_DOMAIN_ID', '0'), ('AMENT_PREFIX_PATH', '/dev_ws/install:/opt/ros/humble'), ('DEBIAN_FRONTEND', 'noninteractive'), ('TERMINATOR_UUID', 'urn:uuid:f94316ff-644a-45a6-8ebc-68eacf2d4390'), ('PWD', '/dev_ws/build/ur_controllers'), ('LC_ALL', 'C.UTF-8'), ('PYTHONPATH', '/dev_ws/install/lib/python3.10/site-packages:/dev_ws/build/easy_handeye2:/dev_ws/install/local/lib/python3.10/dist-packages:/opt/ros/humble/lib/python3.10/site-packages:/opt/ros/humble/local/lib/python3.10/dist-packages'), ('NVIDIA_VISIBLE_DEVICES', 'all'), ('COLCON', '1'), ('VTE_VERSION', '6800'), ('CMAKE_PREFIX_PATH', '/dev_ws/install:/opt/ros/humble')]), 'shell': False}
[16.344302] (ur_controllers) StdoutLine: {'line': b'-- Install configuration: ""\n'}
[16.344398] (ur_controllers) StdoutLine: {'line': b'-- Installing: /dev_ws/install/include/ur_controllers\n'}
[16.344446] (ur_controllers) StdoutLine: {'line': b'-- Installing: /dev_ws/install/include/ur_controllers/ur_configuration_controller_parameters.hpp\n'}
[16.344484] (ur_controllers) StdoutLine: {'line': b'-- Installing: /dev_ws/install/include/ur_controllers/scaled_joint_trajectory_controller_parameters.hpp\n'}
[16.344578] (ur_controllers) StdoutLine: {'line': b'-- Installing: /dev_ws/install/include/ur_controllers/gpio_controller_parameters.hpp\n'}
[16.344616] (ur_controllers) StdoutLine: {'line': b'-- Installing: /dev_ws/install/include/ur_controllers/speed_scaling_state_broadcaster_parameters.hpp\n'}
[16.344650] (ur_controllers) StdoutLine: {'line': b'-- Up-to-date: /dev_ws/install/include/ur_controllers\n'}
[16.344684] (ur_controllers) StdoutLine: {'line': b'-- Up-to-date: /dev_ws/install/include/ur_controllers/ur_configuration_controller_parameters.hpp\n'}
[16.344719] (ur_controllers) StdoutLine: {'line': b'-- Up-to-date: /dev_ws/install/include/ur_controllers/scaled_joint_trajectory_controller_parameters.hpp\n'}
[16.344753] (ur_controllers) StdoutLine: {'line': b'-- Up-to-date: /dev_ws/install/include/ur_controllers/gpio_controller_parameters.hpp\n'}
[16.344786] (ur_controllers) StdoutLine: {'line': b'-- Up-to-date: /dev_ws/install/include/ur_controllers/speed_scaling_state_broadcaster_parameters.hpp\n'}
[16.344820] (ur_controllers) StdoutLine: {'line': b'-- Up-to-date: /dev_ws/install/include/ur_controllers\n'}
[16.344882] (ur_controllers) StdoutLine: {'line': b'-- Up-to-date: /dev_ws/install/include/ur_controllers/ur_configuration_controller_parameters.hpp\n'}
[16.344915] (ur_controllers) StdoutLine: {'line': b'-- Up-to-date: /dev_ws/install/include/ur_controllers/scaled_joint_trajectory_controller_parameters.hpp\n'}
[16.344946] (ur_controllers) StdoutLine: {'line': b'-- Up-to-date: /dev_ws/install/include/ur_controllers/gpio_controller_parameters.hpp\n'}
[16.344978] (ur_controllers) StdoutLine: {'line': b'-- Up-to-date: /dev_ws/install/include/ur_controllers/speed_scaling_state_broadcaster_parameters.hpp\n'}
[16.345011] (ur_controllers) StdoutLine: {'line': b'-- Up-to-date: /dev_ws/install/include/ur_controllers\n'}
[16.345041] (ur_controllers) StdoutLine: {'line': b'-- Up-to-date: /dev_ws/install/include/ur_controllers/ur_configuration_controller_parameters.hpp\n'}
[16.345074] (ur_controllers) StdoutLine: {'line': b'-- Up-to-date: /dev_ws/install/include/ur_controllers/scaled_joint_trajectory_controller_parameters.hpp\n'}
[16.345105] (ur_controllers) StdoutLine: {'line': b'-- Up-to-date: /dev_ws/install/include/ur_controllers/gpio_controller_parameters.hpp\n'}
[16.345144] (ur_controllers) StdoutLine: {'line': b'-- Up-to-date: /dev_ws/install/include/ur_controllers/speed_scaling_state_broadcaster_parameters.hpp\n'}
[16.345183] (ur_controllers) StdoutLine: {'line': b'-- Installing: /dev_ws/install/share/ur_controllers/controller_plugins.xml\n'}
[16.345215] (ur_controllers) StdoutLine: {'line': b'-- Installing: /dev_ws/install/lib/libur_controllers.so\n'}
[16.349854] (ur_controllers) StdoutLine: {'line': b'-- Set runtime path of "/dev_ws/install/lib/libur_controllers.so" to ""\n'}
[16.349894] (ur_controllers) StdoutLine: {'line': b'-- Up-to-date: /dev_ws/install/include\n'}
[16.349927] (ur_controllers) StdoutLine: {'line': b'-- Up-to-date: /dev_ws/install/include/ur_controllers\n'}
[16.349978] (ur_controllers) StdoutLine: {'line': b'-- Installing: /dev_ws/install/include/ur_controllers/ur_configuration_controller.hpp\n'}
[16.350025] (ur_controllers) StdoutLine: {'line': b'-- Installing: /dev_ws/install/include/ur_controllers/scaled_joint_trajectory_controller.hpp\n'}
[16.350071] (ur_controllers) StdoutLine: {'line': b'-- Installing: /dev_ws/install/include/ur_controllers/gpio_controller.hpp\n'}
[16.350116] (ur_controllers) StdoutLine: {'line': b'-- Installing: /dev_ws/install/include/ur_controllers/speed_scaling_state_broadcaster.hpp\n'}
[16.350167] (ur_controllers) StdoutLine: {'line': b'-- Up-to-date: /dev_ws/install/share/ur_controllers/controller_plugins.xml\n'}
[16.350210] (ur_controllers) StdoutLine: {'line': b'-- Installing: /dev_ws/install/share/ur_controllers/environment/library_path.sh\n'}
[16.350253] (ur_controllers) StdoutLine: {'line': b'-- Installing: /dev_ws/install/share/ur_controllers/environment/library_path.dsv\n'}
[16.350323] (ur_controllers) StdoutLine: {'line': b'-- Installing: /dev_ws/install/share/ament_index/resource_index/package_run_dependencies/ur_controllers\n'}
[16.350392] (ur_controllers) StdoutLine: {'line': b'-- Installing: /dev_ws/install/share/ament_index/resource_index/parent_prefix_path/ur_controllers\n'}
[16.350457] (ur_controllers) StdoutLine: {'line': b'-- Installing: /dev_ws/install/share/ur_controllers/environment/ament_prefix_path.sh\n'}
[16.350517] (ur_controllers) StdoutLine: {'line': b'-- Installing: /dev_ws/install/share/ur_controllers/environment/ament_prefix_path.dsv\n'}
[16.350582] (ur_controllers) StdoutLine: {'line': b'-- Installing: /dev_ws/install/share/ur_controllers/environment/path.sh\n'}
[16.350643] (ur_controllers) StdoutLine: {'line': b'-- Installing: /dev_ws/install/share/ur_controllers/environment/path.dsv\n'}
[16.350710] (ur_controllers) StdoutLine: {'line': b'-- Installing: /dev_ws/install/share/ur_controllers/local_setup.bash\n'}
[16.350763] (ur_controllers) StdoutLine: {'line': b'-- Installing: /dev_ws/install/share/ur_controllers/local_setup.sh\n'}
[16.350825] (ur_controllers) StdoutLine: {'line': b'-- Installing: /dev_ws/install/share/ur_controllers/local_setup.zsh\n'}
[16.350882] (ur_controllers) StdoutLine: {'line': b'-- Installing: /dev_ws/install/share/ur_controllers/local_setup.dsv\n'}
[16.350946] (ur_controllers) StdoutLine: {'line': b'-- Installing: /dev_ws/install/share/ur_controllers/package.dsv\n'}
[16.351009] (ur_controllers) StdoutLine: {'line': b'-- Installing: /dev_ws/install/share/ament_index/resource_index/packages/ur_controllers\n'}
[16.351091] (ur_controllers) StdoutLine: {'line': b'-- Installing: /dev_ws/install/share/ament_index/resource_index/controller_interface__pluginlib__plugin/ur_controllers\n'}
[16.351172] (ur_controllers) StdoutLine: {'line': b'-- Installing: /dev_ws/install/share/ur_controllers/cmake/ament_cmake_export_dependencies-extras.cmake\n'}
[16.351237] (ur_controllers) StdoutLine: {'line': b'-- Installing: /dev_ws/install/share/ur_controllers/cmake/ament_cmake_export_include_directories-extras.cmake\n'}
[16.351300] (ur_controllers) StdoutLine: {'line': b'-- Installing: /dev_ws/install/share/ur_controllers/cmake/ament_cmake_export_libraries-extras.cmake\n'}
[16.351369] (ur_controllers) StdoutLine: {'line': b'-- Installing: /dev_ws/install/share/ur_controllers/cmake/ur_controllersConfig.cmake\n'}
[16.351421] (ur_controllers) StdoutLine: {'line': b'-- Installing: /dev_ws/install/share/ur_controllers/cmake/ur_controllersConfig-version.cmake\n'}
[16.351482] (ur_controllers) StdoutLine: {'line': b'-- Installing: /dev_ws/install/share/ur_controllers/package.xml\n'}
[16.352898] (ur_controllers) CommandEnded: {'returncode': 0}
[16.361235] (-) TimerEvent: {}
[16.365945] (ur_controllers) JobEnded: {'identifier': 'ur_controllers', 'rc': 0}
[16.366789] (ur_robot_driver) JobStarted: {'identifier': 'ur_robot_driver'}
[16.368802] (ur_bringup) JobStarted: {'identifier': 'ur_bringup'}
[16.376668] (ur_robot_driver) JobProgress: {'identifier': 'ur_robot_driver', 'progress': 'cmake'}
[16.377243] (ur_robot_driver) Command: {'cmd': ['/usr/bin/cmake', '/dev_ws/src/moveit2-introduction/Universal_Robots_ROS2_Driver/ur_robot_driver', '-DCMAKE_INSTALL_PREFIX=/dev_ws/install'], 'cwd': '/dev_ws/build/ur_robot_driver', 'env': OrderedDict([('HOSTNAME', 'prottay-Pulse-15-B13VFK'), ('SHLVL', '2'), ('LD_LIBRARY_PATH', '/dev_ws/install/lib:/opt/ros/humble/opt/rviz_ogre_vendor/lib:/opt/ros/humble/lib/x86_64-linux-gnu:/opt/ros/humble/lib'), ('HOME', '/home/prottay'), ('OLDPWD', '/dev_ws/src'), ('ROS_PYTHON_VERSION', '3'), ('COLORTERM', 'truecolor'), ('COLCON_PREFIX_PATH', '/dev_ws/install'), ('ROS_DISTRO', 'humble'), ('_', '/usr/bin/colcon'), ('ROS_VERSION', '2'), ('NVIDIA_DRIVER_CAPABILITIES', 'compute,display,graphics,utility,video'), ('TERM', 'xterm-256color'), ('ROS_LOCALHOST_ONLY', '1'), ('QT_X11_NO_MITSHM', '1'), ('PATH', '/opt/ros/humble/bin:/usr/local/sbin:/usr/local/bin:/usr/sbin:/usr/bin:/sbin:/bin'), ('DISPLAY', ':1'), ('LANG', 'C.UTF-8'), ('RMW_IMPLEMENTATION', 'rmw_fastrtps_cpp'), ('LS_COLORS', 'rs=0:di=01;34:ln=01;36:mh=00:pi=40;33:so=01;35:do=01;35:bd=40;33;01:cd=40;33;01:or=40;31;01:mi=00:su=37;41:sg=30;43:ca=30;41:tw=30;42:ow=34;42:st=37;44:ex=01;32:*.tar=01;31:*.tgz=01;31:*.arc=01;31:*.arj=01;31:*.taz=01;31:*.lha=01;31:*.lz4=01;31:*.lzh=01;31:*.lzma=01;31:*.tlz=01;31:*.txz=01;31:*.tzo=01;31:*.t7z=01;31:*.zip=01;31:*.z=01;31:*.dz=01;31:*.gz=01;31:*.lrz=01;31:*.lz=01;31:*.lzo=01;31:*.xz=01;31:*.zst=01;31:*.tzst=01;31:*.bz2=01;31:*.bz=01;31:*.tbz=01;31:*.tbz2=01;31:*.tz=01;31:*.deb=01;31:*.rpm=01;31:*.jar=01;31:*.war=01;31:*.ear=01;31:*.sar=01;31:*.rar=01;31:*.alz=01;31:*.ace=01;31:*.zoo=01;31:*.cpio=01;31:*.7z=01;31:*.rz=01;31:*.cab=01;31:*.wim=01;31:*.swm=01;31:*.dwm=01;31:*.esd=01;31:*.jpg=01;35:*.jpeg=01;35:*.mjpg=01;35:*.mjpeg=01;35:*.gif=01;35:*.bmp=01;35:*.pbm=01;35:*.pgm=01;35:*.ppm=01;35:*.tga=01;35:*.xbm=01;35:*.xpm=01;35:*.tif=01;35:*.tiff=01;35:*.png=01;35:*.svg=01;35:*.svgz=01;35:*.mng=01;35:*.pcx=01;35:*.mov=01;35:*.mpg=01;35:*.mpeg=01;35:*.m2v=01;35:*.mkv=01;35:*.webm=01;35:*.webp=01;35:*.ogm=01;35:*.mp4=01;35:*.m4v=01;35:*.mp4v=01;35:*.vob=01;35:*.qt=01;35:*.nuv=01;35:*.wmv=01;35:*.asf=01;35:*.rm=01;35:*.rmvb=01;35:*.flc=01;35:*.avi=01;35:*.fli=01;35:*.flv=01;35:*.gl=01;35:*.dl=01;35:*.xcf=01;35:*.xwd=01;35:*.yuv=01;35:*.cgm=01;35:*.emf=01;35:*.ogv=01;35:*.ogx=01;35:*.aac=00;36:*.au=00;36:*.flac=00;36:*.m4a=00;36:*.mid=00;36:*.midi=00;36:*.mka=00;36:*.mp3=00;36:*.mpc=00;36:*.ogg=00;36:*.ra=00;36:*.wav=00;36:*.oga=00;36:*.opus=00;36:*.spx=00;36:*.xspf=00;36:'), ('ROS_DOMAIN_ID', '0'), ('AMENT_PREFIX_PATH', '/dev_ws/install:/opt/ros/humble'), ('DEBIAN_FRONTEND', 'noninteractive'), ('TERMINATOR_UUID', 'urn:uuid:f94316ff-644a-45a6-8ebc-68eacf2d4390'), ('PWD', '/dev_ws/build/ur_robot_driver'), ('LC_ALL', 'C.UTF-8'), ('PYTHONPATH', '/dev_ws/install/lib/python3.10/site-packages:/dev_ws/build/easy_handeye2:/dev_ws/install/local/lib/python3.10/dist-packages:/opt/ros/humble/lib/python3.10/site-packages:/opt/ros/humble/local/lib/python3.10/dist-packages'), ('NVIDIA_VISIBLE_DEVICES', 'all'), ('COLCON', '1'), ('VTE_VERSION', '6800'), ('CMAKE_PREFIX_PATH', '/dev_ws/install:/opt/ros/humble')]), 'shell': False}
[16.380331] (ur_bringup) JobProgress: {'identifier': 'ur_bringup', 'progress': 'cmake'}
[16.380778] (ur_bringup) Command: {'cmd': ['/usr/bin/cmake', '/dev_ws/src/moveit2-introduction/Universal_Robots_ROS2_Driver/ur_bringup', '-DCMAKE_INSTALL_PREFIX=/dev_ws/install'], 'cwd': '/dev_ws/build/ur_bringup', 'env': OrderedDict([('HOSTNAME', 'prottay-Pulse-15-B13VFK'), ('SHLVL', '2'), ('LD_LIBRARY_PATH', '/dev_ws/install/lib:/opt/ros/humble/opt/rviz_ogre_vendor/lib:/opt/ros/humble/lib/x86_64-linux-gnu:/opt/ros/humble/lib'), ('HOME', '/home/prottay'), ('OLDPWD', '/dev_ws/src'), ('ROS_PYTHON_VERSION', '3'), ('COLORTERM', 'truecolor'), ('COLCON_PREFIX_PATH', '/dev_ws/install'), ('ROS_DISTRO', 'humble'), ('_', '/usr/bin/colcon'), ('ROS_VERSION', '2'), ('NVIDIA_DRIVER_CAPABILITIES', 'compute,display,graphics,utility,video'), ('TERM', 'xterm-256color'), ('ROS_LOCALHOST_ONLY', '1'), ('QT_X11_NO_MITSHM', '1'), ('PATH', '/opt/ros/humble/bin:/usr/local/sbin:/usr/local/bin:/usr/sbin:/usr/bin:/sbin:/bin'), ('DISPLAY', ':1'), ('LANG', 'C.UTF-8'), ('RMW_IMPLEMENTATION', 'rmw_fastrtps_cpp'), ('LS_COLORS', 'rs=0:di=01;34:ln=01;36:mh=00:pi=40;33:so=01;35:do=01;35:bd=40;33;01:cd=40;33;01:or=40;31;01:mi=00:su=37;41:sg=30;43:ca=30;41:tw=30;42:ow=34;42:st=37;44:ex=01;32:*.tar=01;31:*.tgz=01;31:*.arc=01;31:*.arj=01;31:*.taz=01;31:*.lha=01;31:*.lz4=01;31:*.lzh=01;31:*.lzma=01;31:*.tlz=01;31:*.txz=01;31:*.tzo=01;31:*.t7z=01;31:*.zip=01;31:*.z=01;31:*.dz=01;31:*.gz=01;31:*.lrz=01;31:*.lz=01;31:*.lzo=01;31:*.xz=01;31:*.zst=01;31:*.tzst=01;31:*.bz2=01;31:*.bz=01;31:*.tbz=01;31:*.tbz2=01;31:*.tz=01;31:*.deb=01;31:*.rpm=01;31:*.jar=01;31:*.war=01;31:*.ear=01;31:*.sar=01;31:*.rar=01;31:*.alz=01;31:*.ace=01;31:*.zoo=01;31:*.cpio=01;31:*.7z=01;31:*.rz=01;31:*.cab=01;31:*.wim=01;31:*.swm=01;31:*.dwm=01;31:*.esd=01;31:*.jpg=01;35:*.jpeg=01;35:*.mjpg=01;35:*.mjpeg=01;35:*.gif=01;35:*.bmp=01;35:*.pbm=01;35:*.pgm=01;35:*.ppm=01;35:*.tga=01;35:*.xbm=01;35:*.xpm=01;35:*.tif=01;35:*.tiff=01;35:*.png=01;35:*.svg=01;35:*.svgz=01;35:*.mng=01;35:*.pcx=01;35:*.mov=01;35:*.mpg=01;35:*.mpeg=01;35:*.m2v=01;35:*.mkv=01;35:*.webm=01;35:*.webp=01;35:*.ogm=01;35:*.mp4=01;35:*.m4v=01;35:*.mp4v=01;35:*.vob=01;35:*.qt=01;35:*.nuv=01;35:*.wmv=01;35:*.asf=01;35:*.rm=01;35:*.rmvb=01;35:*.flc=01;35:*.avi=01;35:*.fli=01;35:*.flv=01;35:*.gl=01;35:*.dl=01;35:*.xcf=01;35:*.xwd=01;35:*.yuv=01;35:*.cgm=01;35:*.emf=01;35:*.ogv=01;35:*.ogx=01;35:*.aac=00;36:*.au=00;36:*.flac=00;36:*.m4a=00;36:*.mid=00;36:*.midi=00;36:*.mka=00;36:*.mp3=00;36:*.mpc=00;36:*.ogg=00;36:*.ra=00;36:*.wav=00;36:*.oga=00;36:*.opus=00;36:*.spx=00;36:*.xspf=00;36:'), ('ROS_DOMAIN_ID', '0'), ('AMENT_PREFIX_PATH', '/dev_ws/install:/opt/ros/humble'), ('DEBIAN_FRONTEND', 'noninteractive'), ('TERMINATOR_UUID', 'urn:uuid:f94316ff-644a-45a6-8ebc-68eacf2d4390'), ('PWD', '/dev_ws/build/ur_bringup'), ('LC_ALL', 'C.UTF-8'), ('PYTHONPATH', '/dev_ws/install/lib/python3.10/site-packages:/dev_ws/build/easy_handeye2:/dev_ws/install/local/lib/python3.10/dist-packages:/opt/ros/humble/lib/python3.10/site-packages:/opt/ros/humble/local/lib/python3.10/dist-packages'), ('NVIDIA_VISIBLE_DEVICES', 'all'), ('COLCON', '1'), ('VTE_VERSION', '6800'), ('CMAKE_PREFIX_PATH', '/dev_ws/install:/opt/ros/humble')]), 'shell': False}
[16.448428] (ur_robot_driver) StdoutLine: {'line': b'-- The C compiler identification is GNU 11.4.0\n'}
[16.448654] (ur_bringup) StdoutLine: {'line': b'-- The C compiler identification is GNU 11.4.0\n'}
[16.461346] (-) TimerEvent: {}
[16.496725] (ur_robot_driver) StdoutLine: {'line': b'-- The CXX compiler identification is GNU 11.4.0\n'}
[16.496943] (ur_bringup) StdoutLine: {'line': b'-- The CXX compiler identification is GNU 11.4.0\n'}
[16.501675] (ur_bringup) StdoutLine: {'line': b'-- Detecting C compiler ABI info\n'}
[16.501806] (ur_robot_driver) StdoutLine: {'line': b'-- Detecting C compiler ABI info\n'}
[16.561583] (-) TimerEvent: {}
[16.586972] (ur_bringup) StdoutLine: {'line': b'-- Detecting C compiler ABI info - done\n'}
[16.587163] (ur_robot_driver) StdoutLine: {'line': b'-- Detecting C compiler ABI info - done\n'}
[16.592622] (ur_robot_driver) StdoutLine: {'line': b'-- Check for working C compiler: /usr/bin/cc - skipped\n'}
[16.592752] (ur_robot_driver) StdoutLine: {'line': b'-- Detecting C compile features\n'}
[16.592829] (ur_bringup) StdoutLine: {'line': b'-- Check for working C compiler: /usr/bin/cc - skipped\n'}
[16.592884] (ur_bringup) StdoutLine: {'line': b'-- Detecting C compile features\n'}
[16.592942] (ur_robot_driver) StdoutLine: {'line': b'-- Detecting C compile features - done\n'}
[16.593139] (ur_bringup) StdoutLine: {'line': b'-- Detecting C compile features - done\n'}
[16.595015] (ur_robot_driver) StdoutLine: {'line': b'-- Detecting CXX compiler ABI info\n'}
[16.595310] (ur_bringup) StdoutLine: {'line': b'-- Detecting CXX compiler ABI info\n'}
[16.661675] (-) TimerEvent: {}
[16.669090] (ur_robot_driver) StdoutLine: {'line': b'-- Detecting CXX compiler ABI info - done\n'}
[16.673620] (ur_bringup) StdoutLine: {'line': b'-- Detecting CXX compiler ABI info - done\n'}
[16.674415] (ur_robot_driver) StdoutLine: {'line': b'-- Check for working CXX compiler: /usr/bin/c++ - skipped\n'}
[16.674603] (ur_robot_driver) StdoutLine: {'line': b'-- Detecting CXX compile features\n'}
[16.674795] (ur_robot_driver) StdoutLine: {'line': b'-- Detecting CXX compile features - done\n'}
[16.675445] (ur_robot_driver) StderrLine: {'line': b"\x1b[0mur_robot_driver: You did not request a specific build type: selecting 'RelWithDebInfo'.\x1b[0m\n"}
[16.676979] (ur_robot_driver) StdoutLine: {'line': b'-- Found ament_cmake: 1.3.11 (/opt/ros/humble/share/ament_cmake/cmake)\n'}
[16.680319] (ur_bringup) StdoutLine: {'line': b'-- Check for working CXX compiler: /usr/bin/c++ - skipped\n'}
[16.680514] (ur_bringup) StdoutLine: {'line': b'-- Detecting CXX compile features\n'}
[16.680866] (ur_bringup) StdoutLine: {'line': b'-- Detecting CXX compile features - done\n'}
[16.683151] (ur_bringup) StdoutLine: {'line': b'-- Found ament_cmake: 1.3.11 (/opt/ros/humble/share/ament_cmake/cmake)\n'}
[16.761795] (-) TimerEvent: {}
[16.794798] (ur_robot_driver) StdoutLine: {'line': b'-- Found Python3: /usr/bin/python3 (found version "3.10.12") found components: Interpreter \n'}
[16.801491] (ur_bringup) StdoutLine: {'line': b'-- Found Python3: /usr/bin/python3 (found version "3.10.12") found components: Interpreter \n'}
[16.861989] (-) TimerEvent: {}
[16.864037] (ur_robot_driver) StdoutLine: {'line': b'-- Found controller_manager: 2.50.0 (/opt/ros/humble/share/controller_manager/cmake)\n'}
[16.898615] (ur_robot_driver) StdoutLine: {'line': b'-- Found rosidl_generator_c: 3.1.6 (/opt/ros/humble/share/rosidl_generator_c/cmake)\n'}
[16.902489] (ur_robot_driver) StdoutLine: {'line': b'-- Found rosidl_adapter: 3.1.6 (/opt/ros/humble/share/rosidl_adapter/cmake)\n'}
[16.908534] (ur_robot_driver) StdoutLine: {'line': b'-- Found rosidl_generator_cpp: 3.1.6 (/opt/ros/humble/share/rosidl_generator_cpp/cmake)\n'}
[16.912454] (ur_bringup) StdoutLine: {'line': b'-- Configuring done\n'}
[16.914061] (ur_bringup) StdoutLine: {'line': b'-- Generating done\n'}
[16.915090] (ur_bringup) StdoutLine: {'line': b'-- Build files have been written to: /dev_ws/build/ur_bringup\n'}
[16.917096] (ur_robot_driver) StdoutLine: {'line': b'-- Using all available rosidl_typesupport_c: rosidl_typesupport_fastrtps_c;rosidl_typesupport_introspection_c\n'}
[16.917707] (ur_bringup) CommandEnded: {'returncode': 0}
[16.918972] (ur_bringup) JobProgress: {'identifier': 'ur_bringup', 'progress': 'build'}
[16.919015] (ur_bringup) Command: {'cmd': ['/usr/bin/cmake', '--build', '/dev_ws/build/ur_bringup', '--', '-j20', '-l20'], 'cwd': '/dev_ws/build/ur_bringup', 'env': OrderedDict([('HOSTNAME', 'prottay-Pulse-15-B13VFK'), ('SHLVL', '2'), ('LD_LIBRARY_PATH', '/dev_ws/install/lib:/opt/ros/humble/opt/rviz_ogre_vendor/lib:/opt/ros/humble/lib/x86_64-linux-gnu:/opt/ros/humble/lib'), ('HOME', '/home/prottay'), ('OLDPWD', '/dev_ws/src'), ('ROS_PYTHON_VERSION', '3'), ('COLORTERM', 'truecolor'), ('COLCON_PREFIX_PATH', '/dev_ws/install'), ('ROS_DISTRO', 'humble'), ('_', '/usr/bin/colcon'), ('ROS_VERSION', '2'), ('NVIDIA_DRIVER_CAPABILITIES', 'compute,display,graphics,utility,video'), ('TERM', 'xterm-256color'), ('ROS_LOCALHOST_ONLY', '1'), ('QT_X11_NO_MITSHM', '1'), ('PATH', '/opt/ros/humble/bin:/usr/local/sbin:/usr/local/bin:/usr/sbin:/usr/bin:/sbin:/bin'), ('DISPLAY', ':1'), ('LANG', 'C.UTF-8'), ('RMW_IMPLEMENTATION', 'rmw_fastrtps_cpp'), ('LS_COLORS', 'rs=0:di=01;34:ln=01;36:mh=00:pi=40;33:so=01;35:do=01;35:bd=40;33;01:cd=40;33;01:or=40;31;01:mi=00:su=37;41:sg=30;43:ca=30;41:tw=30;42:ow=34;42:st=37;44:ex=01;32:*.tar=01;31:*.tgz=01;31:*.arc=01;31:*.arj=01;31:*.taz=01;31:*.lha=01;31:*.lz4=01;31:*.lzh=01;31:*.lzma=01;31:*.tlz=01;31:*.txz=01;31:*.tzo=01;31:*.t7z=01;31:*.zip=01;31:*.z=01;31:*.dz=01;31:*.gz=01;31:*.lrz=01;31:*.lz=01;31:*.lzo=01;31:*.xz=01;31:*.zst=01;31:*.tzst=01;31:*.bz2=01;31:*.bz=01;31:*.tbz=01;31:*.tbz2=01;31:*.tz=01;31:*.deb=01;31:*.rpm=01;31:*.jar=01;31:*.war=01;31:*.ear=01;31:*.sar=01;31:*.rar=01;31:*.alz=01;31:*.ace=01;31:*.zoo=01;31:*.cpio=01;31:*.7z=01;31:*.rz=01;31:*.cab=01;31:*.wim=01;31:*.swm=01;31:*.dwm=01;31:*.esd=01;31:*.jpg=01;35:*.jpeg=01;35:*.mjpg=01;35:*.mjpeg=01;35:*.gif=01;35:*.bmp=01;35:*.pbm=01;35:*.pgm=01;35:*.ppm=01;35:*.tga=01;35:*.xbm=01;35:*.xpm=01;35:*.tif=01;35:*.tiff=01;35:*.png=01;35:*.svg=01;35:*.svgz=01;35:*.mng=01;35:*.pcx=01;35:*.mov=01;35:*.mpg=01;35:*.mpeg=01;35:*.m2v=01;35:*.mkv=01;35:*.webm=01;35:*.webp=01;35:*.ogm=01;35:*.mp4=01;35:*.m4v=01;35:*.mp4v=01;35:*.vob=01;35:*.qt=01;35:*.nuv=01;35:*.wmv=01;35:*.asf=01;35:*.rm=01;35:*.rmvb=01;35:*.flc=01;35:*.avi=01;35:*.fli=01;35:*.flv=01;35:*.gl=01;35:*.dl=01;35:*.xcf=01;35:*.xwd=01;35:*.yuv=01;35:*.cgm=01;35:*.emf=01;35:*.ogv=01;35:*.ogx=01;35:*.aac=00;36:*.au=00;36:*.flac=00;36:*.m4a=00;36:*.mid=00;36:*.midi=00;36:*.mka=00;36:*.mp3=00;36:*.mpc=00;36:*.ogg=00;36:*.ra=00;36:*.wav=00;36:*.oga=00;36:*.opus=00;36:*.spx=00;36:*.xspf=00;36:'), ('ROS_DOMAIN_ID', '0'), ('AMENT_PREFIX_PATH', '/dev_ws/install:/opt/ros/humble'), ('DEBIAN_FRONTEND', 'noninteractive'), ('TERMINATOR_UUID', 'urn:uuid:f94316ff-644a-45a6-8ebc-68eacf2d4390'), ('PWD', '/dev_ws/build/ur_bringup'), ('LC_ALL', 'C.UTF-8'), ('PYTHONPATH', '/dev_ws/install/lib/python3.10/site-packages:/dev_ws/build/easy_handeye2:/dev_ws/install/local/lib/python3.10/dist-packages:/opt/ros/humble/lib/python3.10/site-packages:/opt/ros/humble/local/lib/python3.10/dist-packages'), ('NVIDIA_VISIBLE_DEVICES', 'all'), ('COLCON', '1'), ('VTE_VERSION', '6800'), ('CMAKE_PREFIX_PATH', '/dev_ws/install:/opt/ros/humble')]), 'shell': False}
[16.928651] (ur_robot_driver) StdoutLine: {'line': b'-- Using all available rosidl_typesupport_cpp: rosidl_typesupport_fastrtps_cpp;rosidl_typesupport_introspection_cpp\n'}
[16.949851] (ur_bringup) CommandEnded: {'returncode': 0}
[16.950245] (ur_bringup) JobProgress: {'identifier': 'ur_bringup', 'progress': 'install'}
[16.950899] (ur_bringup) Command: {'cmd': ['/usr/bin/cmake', '--install', '/dev_ws/build/ur_bringup'], 'cwd': '/dev_ws/build/ur_bringup', 'env': OrderedDict([('HOSTNAME', 'prottay-Pulse-15-B13VFK'), ('SHLVL', '2'), ('LD_LIBRARY_PATH', '/dev_ws/install/lib:/opt/ros/humble/opt/rviz_ogre_vendor/lib:/opt/ros/humble/lib/x86_64-linux-gnu:/opt/ros/humble/lib'), ('HOME', '/home/prottay'), ('OLDPWD', '/dev_ws/src'), ('ROS_PYTHON_VERSION', '3'), ('COLORTERM', 'truecolor'), ('COLCON_PREFIX_PATH', '/dev_ws/install'), ('ROS_DISTRO', 'humble'), ('_', '/usr/bin/colcon'), ('ROS_VERSION', '2'), ('NVIDIA_DRIVER_CAPABILITIES', 'compute,display,graphics,utility,video'), ('TERM', 'xterm-256color'), ('ROS_LOCALHOST_ONLY', '1'), ('QT_X11_NO_MITSHM', '1'), ('PATH', '/opt/ros/humble/bin:/usr/local/sbin:/usr/local/bin:/usr/sbin:/usr/bin:/sbin:/bin'), ('DISPLAY', ':1'), ('LANG', 'C.UTF-8'), ('RMW_IMPLEMENTATION', 'rmw_fastrtps_cpp'), ('LS_COLORS', 'rs=0:di=01;34:ln=01;36:mh=00:pi=40;33:so=01;35:do=01;35:bd=40;33;01:cd=40;33;01:or=40;31;01:mi=00:su=37;41:sg=30;43:ca=30;41:tw=30;42:ow=34;42:st=37;44:ex=01;32:*.tar=01;31:*.tgz=01;31:*.arc=01;31:*.arj=01;31:*.taz=01;31:*.lha=01;31:*.lz4=01;31:*.lzh=01;31:*.lzma=01;31:*.tlz=01;31:*.txz=01;31:*.tzo=01;31:*.t7z=01;31:*.zip=01;31:*.z=01;31:*.dz=01;31:*.gz=01;31:*.lrz=01;31:*.lz=01;31:*.lzo=01;31:*.xz=01;31:*.zst=01;31:*.tzst=01;31:*.bz2=01;31:*.bz=01;31:*.tbz=01;31:*.tbz2=01;31:*.tz=01;31:*.deb=01;31:*.rpm=01;31:*.jar=01;31:*.war=01;31:*.ear=01;31:*.sar=01;31:*.rar=01;31:*.alz=01;31:*.ace=01;31:*.zoo=01;31:*.cpio=01;31:*.7z=01;31:*.rz=01;31:*.cab=01;31:*.wim=01;31:*.swm=01;31:*.dwm=01;31:*.esd=01;31:*.jpg=01;35:*.jpeg=01;35:*.mjpg=01;35:*.mjpeg=01;35:*.gif=01;35:*.bmp=01;35:*.pbm=01;35:*.pgm=01;35:*.ppm=01;35:*.tga=01;35:*.xbm=01;35:*.xpm=01;35:*.tif=01;35:*.tiff=01;35:*.png=01;35:*.svg=01;35:*.svgz=01;35:*.mng=01;35:*.pcx=01;35:*.mov=01;35:*.mpg=01;35:*.mpeg=01;35:*.m2v=01;35:*.mkv=01;35:*.webm=01;35:*.webp=01;35:*.ogm=01;35:*.mp4=01;35:*.m4v=01;35:*.mp4v=01;35:*.vob=01;35:*.qt=01;35:*.nuv=01;35:*.wmv=01;35:*.asf=01;35:*.rm=01;35:*.rmvb=01;35:*.flc=01;35:*.avi=01;35:*.fli=01;35:*.flv=01;35:*.gl=01;35:*.dl=01;35:*.xcf=01;35:*.xwd=01;35:*.yuv=01;35:*.cgm=01;35:*.emf=01;35:*.ogv=01;35:*.ogx=01;35:*.aac=00;36:*.au=00;36:*.flac=00;36:*.m4a=00;36:*.mid=00;36:*.midi=00;36:*.mka=00;36:*.mp3=00;36:*.mpc=00;36:*.ogg=00;36:*.ra=00;36:*.wav=00;36:*.oga=00;36:*.opus=00;36:*.spx=00;36:*.xspf=00;36:'), ('ROS_DOMAIN_ID', '0'), ('AMENT_PREFIX_PATH', '/dev_ws/install:/opt/ros/humble'), ('DEBIAN_FRONTEND', 'noninteractive'), ('TERMINATOR_UUID', 'urn:uuid:f94316ff-644a-45a6-8ebc-68eacf2d4390'), ('PWD', '/dev_ws/build/ur_bringup'), ('LC_ALL', 'C.UTF-8'), ('PYTHONPATH', '/dev_ws/install/lib/python3.10/site-packages:/dev_ws/build/easy_handeye2:/dev_ws/install/local/lib/python3.10/dist-packages:/opt/ros/humble/lib/python3.10/site-packages:/opt/ros/humble/local/lib/python3.10/dist-packages'), ('NVIDIA_VISIBLE_DEVICES', 'all'), ('COLCON', '1'), ('VTE_VERSION', '6800'), ('CMAKE_PREFIX_PATH', '/dev_ws/install:/opt/ros/humble')]), 'shell': False}
[16.955848] (ur_bringup) StdoutLine: {'line': b'-- Install configuration: ""\n'}
[16.955932] (ur_bringup) StdoutLine: {'line': b'-- Installing: /dev_ws/install/share/ur_bringup/config\n'}
[16.955999] (ur_bringup) StdoutLine: {'line': b'-- Installing: /dev_ws/install/share/ur_bringup/config/test_goal_publishers_config.yaml\n'}
[16.956032] (ur_bringup) StdoutLine: {'line': b'-- Installing: /dev_ws/install/share/ur_bringup/config/test_velocity_goal_publishers_config.yaml\n'}
[16.956090] (ur_bringup) StdoutLine: {'line': b'-- Installing: /dev_ws/install/share/ur_bringup/config/ur5_update_rate.yaml\n'}
[16.956124] (ur_bringup) StdoutLine: {'line': b'-- Installing: /dev_ws/install/share/ur_bringup/config/ur16e_update_rate.yaml\n'}
[16.956196] (ur_bringup) StdoutLine: {'line': b'-- Installing: /dev_ws/install/share/ur_bringup/config/ur3e_update_rate.yaml\n'}
[16.956231] (ur_bringup) StdoutLine: {'line': b'-- Installing: /dev_ws/install/share/ur_bringup/config/ur10e_update_rate.yaml\n'}
[16.956264] (ur_bringup) StdoutLine: {'line': b'-- Installing: /dev_ws/install/share/ur_bringup/config/ur_controllers.yaml\n'}
[16.956294] (ur_bringup) StdoutLine: {'line': b'-- Installing: /dev_ws/install/share/ur_bringup/config/ur10_update_rate.yaml\n'}
[16.956323] (ur_bringup) StdoutLine: {'line': b'-- Installing: /dev_ws/install/share/ur_bringup/config/ur3_update_rate.yaml\n'}
[16.956379] (ur_bringup) StdoutLine: {'line': b'-- Installing: /dev_ws/install/share/ur_bringup/config/ur5e_update_rate.yaml\n'}
[16.956425] (ur_bringup) StdoutLine: {'line': b'-- Installing: /dev_ws/install/share/ur_bringup/launch\n'}
[16.956465] (ur_bringup) StdoutLine: {'line': b'-- Installing: /dev_ws/install/share/ur_bringup/launch/ur_dashboard_client.launch.py\n'}
[16.956496] (ur_bringup) StdoutLine: {'line': b'-- Installing: /dev_ws/install/share/ur_bringup/launch/ur_control.launch.py\n'}
[16.956527] (ur_bringup) StdoutLine: {'line': b'-- Installing: /dev_ws/install/share/ur_bringup/launch/test_joint_trajectory_controller.launch.py\n'}
[16.956574] (ur_bringup) StdoutLine: {'line': b'-- Installing: /dev_ws/install/share/ur_bringup/launch/test_scaled_joint_trajectory_controller.launch.py\n'}
[16.956605] (ur_bringup) StdoutLine: {'line': b'-- Installing: /dev_ws/install/share/ur_bringup/launch/ur5e.launch.py\n'}
[16.956634] (ur_bringup) StdoutLine: {'line': b'-- Installing: /dev_ws/install/share/ur_bringup/launch/ur16e.launch.py\n'}
[16.956678] (ur_bringup) StdoutLine: {'line': b'-- Installing: /dev_ws/install/share/ur_bringup/launch/ur10.launch.py\n'}
[16.956707] (ur_bringup) StdoutLine: {'line': b'-- Installing: /dev_ws/install/share/ur_bringup/launch/ur10e.launch.py\n'}
[16.956751] (ur_bringup) StdoutLine: {'line': b'-- Installing: /dev_ws/install/share/ur_bringup/launch/test_forward_velocity_controller.launch.py\n'}
[16.956782] (ur_bringup) StdoutLine: {'line': b'-- Installing: /dev_ws/install/share/ur_bringup/launch/ur3e.launch.py\n'}
[16.956823] (ur_bringup) StdoutLine: {'line': b'-- Installing: /dev_ws/install/share/ur_bringup/launch/ur3.launch.py\n'}
[16.956862] (ur_bringup) StdoutLine: {'line': b'-- Installing: /dev_ws/install/share/ur_bringup/launch/ur5.launch.py\n'}
[16.956939] (ur_bringup) StdoutLine: {'line': b'-- Installing: /dev_ws/install/lib/ur_bringup/start_ursim.sh\n'}
[16.957013] (ur_bringup) StdoutLine: {'line': b'-- Installing: /dev_ws/install/share/ament_index/resource_index/package_run_dependencies/ur_bringup\n'}
[16.957082] (ur_bringup) StdoutLine: {'line': b'-- Installing: /dev_ws/install/share/ament_index/resource_index/parent_prefix_path/ur_bringup\n'}
[16.957171] (ur_bringup) StdoutLine: {'line': b'-- Installing: /dev_ws/install/share/ur_bringup/environment/ament_prefix_path.sh\n'}
[16.957235] (ur_bringup) StdoutLine: {'line': b'-- Installing: /dev_ws/install/share/ur_bringup/environment/ament_prefix_path.dsv\n'}
[16.957296] (ur_bringup) StdoutLine: {'line': b'-- Installing: /dev_ws/install/share/ur_bringup/environment/path.sh\n'}
[16.957358] (ur_bringup) StdoutLine: {'line': b'-- Installing: /dev_ws/install/share/ur_bringup/environment/path.dsv\n'}
[16.957416] (ur_bringup) StdoutLine: {'line': b'-- Installing: /dev_ws/install/share/ur_bringup/local_setup.bash\n'}
[16.957481] (ur_bringup) StdoutLine: {'line': b'-- Installing: /dev_ws/install/share/ur_bringup/local_setup.sh\n'}
[16.957543] (ur_bringup) StdoutLine: {'line': b'-- Installing: /dev_ws/install/share/ur_bringup/local_setup.zsh\n'}
[16.957605] (ur_bringup) StdoutLine: {'line': b'-- Installing: /dev_ws/install/share/ur_bringup/local_setup.dsv\n'}
[16.957665] (ur_bringup) StdoutLine: {'line': b'-- Installing: /dev_ws/install/share/ur_bringup/package.dsv\n'}
[16.957730] (ur_bringup) StdoutLine: {'line': b'-- Installing: /dev_ws/install/share/ament_index/resource_index/packages/ur_bringup\n'}
[16.957850] (ur_bringup) StdoutLine: {'line': b'-- Installing: /dev_ws/install/share/ur_bringup/cmake/ur_bringupConfig.cmake\n'}
[16.957892] (ur_bringup) StdoutLine: {'line': b'-- Installing: /dev_ws/install/share/ur_bringup/cmake/ur_bringupConfig-version.cmake\n'}
[16.957931] (ur_bringup) StdoutLine: {'line': b'-- Installing: /dev_ws/install/share/ur_bringup/package.xml\n'}
[16.959419] (ur_bringup) CommandEnded: {'returncode': 0}
[16.962290] (-) TimerEvent: {}
[16.970976] (ur_bringup) JobEnded: {'identifier': 'ur_bringup', 'rc': 0}
[17.062476] (-) TimerEvent: {}
[17.069528] (ur_robot_driver) StdoutLine: {'line': b'-- Found rmw_implementation_cmake: 6.1.2 (/opt/ros/humble/share/rmw_implementation_cmake/cmake)\n'}
[17.071539] (ur_robot_driver) StdoutLine: {'line': b'-- Found rmw_fastrtps_cpp: 6.2.7 (/opt/ros/humble/share/rmw_fastrtps_cpp/cmake)\n'}
[17.089769] (ur_robot_driver) StdoutLine: {'line': b'-- Found TinyXML2 via Config file: TinyXML2_DIR-NOTFOUND\n'}
[17.162728] (-) TimerEvent: {}
[17.230492] (ur_robot_driver) StdoutLine: {'line': b'-- Found OpenSSL: /usr/lib/x86_64-linux-gnu/libcrypto.so (found version "3.0.2")  \n'}
[17.235825] (ur_robot_driver) StdoutLine: {'line': b'-- Found TinyXML2 via Config file: TinyXML2_DIR-NOTFOUND\n'}
[17.262937] (-) TimerEvent: {}
[17.269314] (ur_robot_driver) StdoutLine: {'line': b'-- Found FastRTPS: /opt/ros/humble/include  \n'}
[17.274748] (ur_robot_driver) StdoutLine: {'line': b'-- Found TinyXML2 via Config file: TinyXML2_DIR-NOTFOUND\n'}
[17.287652] (ur_robot_driver) StdoutLine: {'line': b'-- Found TinyXML2 via Config file: TinyXML2_DIR-NOTFOUND\n'}
[17.302742] (ur_robot_driver) StdoutLine: {'line': b"-- Using RMW implementation 'rmw_fastrtps_cpp' as default\n"}
[17.309384] (ur_robot_driver) StdoutLine: {'line': b'-- Looking for pthread.h\n'}
[17.363039] (-) TimerEvent: {}
[17.388246] (ur_robot_driver) StdoutLine: {'line': b'-- Looking for pthread.h - found\n'}
[17.388512] (ur_robot_driver) StdoutLine: {'line': b'-- Performing Test CMAKE_HAVE_LIBC_PTHREAD\n'}
[17.463335] (-) TimerEvent: {}
[17.539447] (ur_robot_driver) StdoutLine: {'line': b'-- Performing Test CMAKE_HAVE_LIBC_PTHREAD - Success\n'}
[17.540809] (ur_robot_driver) StdoutLine: {'line': b'-- Found Threads: TRUE  \n'}
[17.563377] (-) TimerEvent: {}
[17.602632] (ur_robot_driver) StdoutLine: {'line': b'-- Found rclpy: 3.3.16 (/opt/ros/humble/share/rclpy/cmake)\n'}
[17.604022] (ur_robot_driver) StdoutLine: {'line': b'-- Found std_srvs: 4.8.0 (/opt/ros/humble/share/std_srvs/cmake)\n'}
[17.610914] (ur_robot_driver) StdoutLine: {'line': b'-- Found tf2_geometry_msgs: 0.25.12 (/opt/ros/humble/share/tf2_geometry_msgs/cmake)\n'}
[17.621859] (ur_robot_driver) StdoutLine: {'line': b'-- Found eigen3_cmake_module: 0.1.1 (/opt/ros/humble/share/eigen3_cmake_module/cmake)\n'}
[17.622860] (ur_robot_driver) StdoutLine: {'line': b'-- Found Eigen3: TRUE (found version "3.4.0") \n'}
[17.623005] (ur_robot_driver) StdoutLine: {'line': b'-- Ensuring Eigen3 include directory is part of orocos-kdl CMake target\n'}
[17.663601] (-) TimerEvent: {}
[17.664438] (ur_robot_driver) StdoutLine: {'line': b'-- Found ur_dashboard_msgs: 2.2.16 (/dev_ws/install/share/ur_dashboard_msgs/cmake)\n'}
[17.763739] (-) TimerEvent: {}
[17.836433] (ur_robot_driver) StdoutLine: {'line': b'-- Found ur_controllers: 2.2.16 (/dev_ws/install/share/ur_controllers/cmake)\n'}
[17.863881] (-) TimerEvent: {}
[17.903960] (ur_robot_driver) StdoutLine: {'line': b'-- Found ur_description: 2.5.0 (/opt/ros/humble/share/ur_description/cmake)\n'}
[17.905427] (ur_robot_driver) StdoutLine: {'line': b'-- Found launch_testing_ament_cmake: 1.0.8 (/opt/ros/humble/share/launch_testing_ament_cmake/cmake)\n'}
[17.906667] (ur_robot_driver) StdoutLine: {'line': b'-- Found python_cmake_module: 0.10.0 (/opt/ros/humble/share/python_cmake_module/cmake)\n'}
[17.921641] (ur_robot_driver) StdoutLine: {'line': b'-- Found PythonInterp: /usr/bin/python3 (found suitable version "3.10.12", minimum required is "3.6") \n'}
[17.924373] (ur_robot_driver) StdoutLine: {'line': b'-- Found PythonLibs: /usr/lib/x86_64-linux-gnu/libpython3.10.so (found suitable version "3.10.12", minimum required is "3.5") \n'}
[17.924456] (ur_robot_driver) StdoutLine: {'line': b'-- Using PYTHON_EXECUTABLE: /usr/bin/python3\n'}
[17.924501] (ur_robot_driver) StdoutLine: {'line': b'-- Using PYTHON_INCLUDE_DIRS: /usr/include/python3.10\n'}
[17.924532] (ur_robot_driver) StdoutLine: {'line': b'-- Using PYTHON_LIBRARIES: /usr/lib/x86_64-linux-gnu/libpython3.10.so\n'}
[17.940389] (ur_robot_driver) StdoutLine: {'line': b'-- Found PythonExtra: .so  \n'}
[17.940609] (ur_robot_driver) StdoutLine: {'line': b'-- Configuring done\n'}
[17.964082] (-) TimerEvent: {}
[18.016259] (ur_robot_driver) StdoutLine: {'line': b'-- Generating done\n'}
[18.028238] (ur_robot_driver) StdoutLine: {'line': b'-- Build files have been written to: /dev_ws/build/ur_robot_driver\n'}
[18.036204] (ur_robot_driver) CommandEnded: {'returncode': 0}
[18.036834] (ur_robot_driver) JobProgress: {'identifier': 'ur_robot_driver', 'progress': 'build'}
[18.036909] (ur_robot_driver) Command: {'cmd': ['/usr/bin/cmake', '--build', '/dev_ws/build/ur_robot_driver', '--', '-j20', '-l20'], 'cwd': '/dev_ws/build/ur_robot_driver', 'env': OrderedDict([('HOSTNAME', 'prottay-Pulse-15-B13VFK'), ('SHLVL', '2'), ('LD_LIBRARY_PATH', '/dev_ws/install/lib:/opt/ros/humble/opt/rviz_ogre_vendor/lib:/opt/ros/humble/lib/x86_64-linux-gnu:/opt/ros/humble/lib'), ('HOME', '/home/prottay'), ('OLDPWD', '/dev_ws/src'), ('ROS_PYTHON_VERSION', '3'), ('COLORTERM', 'truecolor'), ('COLCON_PREFIX_PATH', '/dev_ws/install'), ('ROS_DISTRO', 'humble'), ('_', '/usr/bin/colcon'), ('ROS_VERSION', '2'), ('NVIDIA_DRIVER_CAPABILITIES', 'compute,display,graphics,utility,video'), ('TERM', 'xterm-256color'), ('ROS_LOCALHOST_ONLY', '1'), ('QT_X11_NO_MITSHM', '1'), ('PATH', '/opt/ros/humble/bin:/usr/local/sbin:/usr/local/bin:/usr/sbin:/usr/bin:/sbin:/bin'), ('DISPLAY', ':1'), ('LANG', 'C.UTF-8'), ('RMW_IMPLEMENTATION', 'rmw_fastrtps_cpp'), ('LS_COLORS', 'rs=0:di=01;34:ln=01;36:mh=00:pi=40;33:so=01;35:do=01;35:bd=40;33;01:cd=40;33;01:or=40;31;01:mi=00:su=37;41:sg=30;43:ca=30;41:tw=30;42:ow=34;42:st=37;44:ex=01;32:*.tar=01;31:*.tgz=01;31:*.arc=01;31:*.arj=01;31:*.taz=01;31:*.lha=01;31:*.lz4=01;31:*.lzh=01;31:*.lzma=01;31:*.tlz=01;31:*.txz=01;31:*.tzo=01;31:*.t7z=01;31:*.zip=01;31:*.z=01;31:*.dz=01;31:*.gz=01;31:*.lrz=01;31:*.lz=01;31:*.lzo=01;31:*.xz=01;31:*.zst=01;31:*.tzst=01;31:*.bz2=01;31:*.bz=01;31:*.tbz=01;31:*.tbz2=01;31:*.tz=01;31:*.deb=01;31:*.rpm=01;31:*.jar=01;31:*.war=01;31:*.ear=01;31:*.sar=01;31:*.rar=01;31:*.alz=01;31:*.ace=01;31:*.zoo=01;31:*.cpio=01;31:*.7z=01;31:*.rz=01;31:*.cab=01;31:*.wim=01;31:*.swm=01;31:*.dwm=01;31:*.esd=01;31:*.jpg=01;35:*.jpeg=01;35:*.mjpg=01;35:*.mjpeg=01;35:*.gif=01;35:*.bmp=01;35:*.pbm=01;35:*.pgm=01;35:*.ppm=01;35:*.tga=01;35:*.xbm=01;35:*.xpm=01;35:*.tif=01;35:*.tiff=01;35:*.png=01;35:*.svg=01;35:*.svgz=01;35:*.mng=01;35:*.pcx=01;35:*.mov=01;35:*.mpg=01;35:*.mpeg=01;35:*.m2v=01;35:*.mkv=01;35:*.webm=01;35:*.webp=01;35:*.ogm=01;35:*.mp4=01;35:*.m4v=01;35:*.mp4v=01;35:*.vob=01;35:*.qt=01;35:*.nuv=01;35:*.wmv=01;35:*.asf=01;35:*.rm=01;35:*.rmvb=01;35:*.flc=01;35:*.avi=01;35:*.fli=01;35:*.flv=01;35:*.gl=01;35:*.dl=01;35:*.xcf=01;35:*.xwd=01;35:*.yuv=01;35:*.cgm=01;35:*.emf=01;35:*.ogv=01;35:*.ogx=01;35:*.aac=00;36:*.au=00;36:*.flac=00;36:*.m4a=00;36:*.mid=00;36:*.midi=00;36:*.mka=00;36:*.mp3=00;36:*.mpc=00;36:*.ogg=00;36:*.ra=00;36:*.wav=00;36:*.oga=00;36:*.opus=00;36:*.spx=00;36:*.xspf=00;36:'), ('ROS_DOMAIN_ID', '0'), ('AMENT_PREFIX_PATH', '/dev_ws/install:/opt/ros/humble'), ('DEBIAN_FRONTEND', 'noninteractive'), ('TERMINATOR_UUID', 'urn:uuid:f94316ff-644a-45a6-8ebc-68eacf2d4390'), ('PWD', '/dev_ws/build/ur_robot_driver'), ('LC_ALL', 'C.UTF-8'), ('PYTHONPATH', '/dev_ws/install/lib/python3.10/site-packages:/dev_ws/build/easy_handeye2:/dev_ws/install/local/lib/python3.10/dist-packages:/opt/ros/humble/lib/python3.10/site-packages:/opt/ros/humble/local/lib/python3.10/dist-packages'), ('NVIDIA_VISIBLE_DEVICES', 'all'), ('COLCON', '1'), ('VTE_VERSION', '6800'), ('CMAKE_PREFIX_PATH', '/dev_ws/install:/opt/ros/humble')]), 'shell': False}
[18.064344] (-) TimerEvent: {}
[18.088084] (ur_robot_driver) StdoutLine: {'line': b'[  6%] \x1b[32mBuilding CXX object CMakeFiles/ur_robot_driver_plugin.dir/src/hardware_interface.cpp.o\x1b[0m\n'}
[18.088702] (ur_robot_driver) StdoutLine: {'line': b'[ 13%] \x1b[32mBuilding CXX object CMakeFiles/controller_stopper_node.dir/src/controller_stopper.cpp.o\x1b[0m\n'}
[18.088929] (ur_robot_driver) StdoutLine: {'line': b'[ 20%] \x1b[32mBuilding CXX object CMakeFiles/controller_stopper_node.dir/src/controller_stopper_node.cpp.o\x1b[0m\n'}
[18.089056] (ur_robot_driver) StdoutLine: {'line': b'[ 26%] \x1b[32mBuilding CXX object CMakeFiles/dashboard_client.dir/src/urcl_log_handler.cpp.o\x1b[0m\n'}
[18.089624] (ur_robot_driver) StdoutLine: {'line': b'[ 33%] \x1b[32mBuilding CXX object CMakeFiles/urscript_interface.dir/src/urscript_interface.cpp.o\x1b[0m\n'}
[18.090490] (ur_robot_driver) StdoutLine: {'line': b'[ 40%] \x1b[32mBuilding CXX object CMakeFiles/dashboard_client.dir/src/dashboard_client_ros.cpp.o\x1b[0m\n'}
[18.090742] (ur_robot_driver) StdoutLine: {'line': b'[ 46%] \x1b[32mBuilding CXX object CMakeFiles/dashboard_client.dir/src/dashboard_client_node.cpp.o\x1b[0m\n'}
[18.091610] (ur_robot_driver) StdoutLine: {'line': b'[ 60%] \x1b[32mBuilding CXX object CMakeFiles/ur_robot_driver_plugin.dir/src/dashboard_client_ros.cpp.o\x1b[0m\n'}
[18.092017] (ur_robot_driver) StdoutLine: {'line': b'[ 60%] \x1b[32mBuilding CXX object CMakeFiles/ur_ros2_control_node.dir/src/ur_ros2_control_node.cpp.o\x1b[0m\n'}
[18.092350] (ur_robot_driver) StdoutLine: {'line': b'[ 66%] \x1b[32mBuilding CXX object CMakeFiles/ur_robot_driver_plugin.dir/src/urcl_log_handler.cpp.o\x1b[0m\n'}
[18.101987] (ur_robot_driver) StdoutLine: {'line': b'[ 66%] Built target ament_cmake_python_copy_ur_robot_driver\n'}
[18.164483] (-) TimerEvent: {}
[18.264773] (-) TimerEvent: {}
[18.309323] (ur_robot_driver) StdoutLine: {'line': b'running egg_info\n'}
[18.309781] (ur_robot_driver) StdoutLine: {'line': b'creating ur_robot_driver.egg-info\n'}
[18.309961] (ur_robot_driver) StdoutLine: {'line': b'writing ur_robot_driver.egg-info/PKG-INFO\n'}
[18.310082] (ur_robot_driver) StdoutLine: {'line': b'writing dependency_links to ur_robot_driver.egg-info/dependency_links.txt\n'}
[18.310284] (ur_robot_driver) StdoutLine: {'line': b'writing top-level names to ur_robot_driver.egg-info/top_level.txt\n'}
[18.310427] (ur_robot_driver) StdoutLine: {'line': b"writing manifest file 'ur_robot_driver.egg-info/SOURCES.txt'\n"}
[18.311897] (ur_robot_driver) StdoutLine: {'line': b"reading manifest file 'ur_robot_driver.egg-info/SOURCES.txt'\n"}
[18.312442] (ur_robot_driver) StdoutLine: {'line': b"writing manifest file 'ur_robot_driver.egg-info/SOURCES.txt'\n"}
[18.337315] (ur_robot_driver) StdoutLine: {'line': b'[ 66%] Built target ament_cmake_python_build_ur_robot_driver_egg\n'}
[18.365007] (-) TimerEvent: {}
[18.465319] (-) TimerEvent: {}
[18.523583] (ur_robot_driver) StderrLine: {'line': b'In file included from \x1b[01m\x1b[K/dev_ws/src/moveit2-introduction/Universal_Robots_ROS2_Driver/ur_robot_driver/src/ur_ros2_control_node.cpp:44\x1b[m\x1b[K:\n'}
[18.523788] (ur_robot_driver) StderrLine: {'line': b'\x1b[01m\x1b[K/opt/ros/humble/include/realtime_tools/realtime_tools/thread_priority.hpp:39:2:\x1b[m\x1b[K \x1b[01;35m\x1b[Kwarning: \x1b[m\x1b[K#warning "This header include is deprecated. Please update your code to use \'realtime_helpers.hpp\' header and link against \'realtime_tools\' library." [\x1b[01;35m\x1b[K\x1b]8;;https://gcc.gnu.org/onlinedocs/gcc/Warning-Options.html#index-Wcpp\x07-Wcpp\x1b]8;;\x07\x1b[m\x1b[K]\n'}
[18.523896] (ur_robot_driver) StderrLine: {'line': b'   39 | #\x1b[01;35m\x1b[Kwarning\x1b[m\x1b[K \\\n'}
[18.523984] (ur_robot_driver) StderrLine: {'line': b'      |  \x1b[01;35m\x1b[K^~~~~~~\x1b[m\x1b[K\n'}
[18.565429] (-) TimerEvent: {}
[18.665783] (-) TimerEvent: {}
[18.766174] (-) TimerEvent: {}
[18.866549] (-) TimerEvent: {}
[18.967015] (-) TimerEvent: {}
[19.067401] (-) TimerEvent: {}
[19.167738] (-) TimerEvent: {}
[19.268120] (-) TimerEvent: {}
[19.368516] (-) TimerEvent: {}
[19.468872] (-) TimerEvent: {}
[19.569255] (-) TimerEvent: {}
[19.669631] (-) TimerEvent: {}
[19.770065] (-) TimerEvent: {}
[19.870443] (-) TimerEvent: {}
[19.970813] (-) TimerEvent: {}
[20.071202] (-) TimerEvent: {}
[20.171573] (-) TimerEvent: {}
[20.271952] (-) TimerEvent: {}
[20.372338] (-) TimerEvent: {}
[20.472714] (-) TimerEvent: {}
[20.573099] (-) TimerEvent: {}
[20.673459] (-) TimerEvent: {}
[20.773855] (-) TimerEvent: {}
[20.874321] (-) TimerEvent: {}
[20.974774] (-) TimerEvent: {}
[21.075232] (-) TimerEvent: {}
[21.175563] (-) TimerEvent: {}
[21.275939] (-) TimerEvent: {}
[21.376298] (-) TimerEvent: {}
[21.476632] (-) TimerEvent: {}
[21.577103] (-) TimerEvent: {}
[21.677485] (-) TimerEvent: {}
[21.777854] (-) TimerEvent: {}
[21.878217] (-) TimerEvent: {}
[21.978581] (-) TimerEvent: {}
[22.078939] (-) TimerEvent: {}
[22.179330] (-) TimerEvent: {}
[22.279783] (-) TimerEvent: {}
[22.380100] (-) TimerEvent: {}
[22.480448] (-) TimerEvent: {}
[22.580829] (-) TimerEvent: {}
[22.681175] (-) TimerEvent: {}
[22.781580] (-) TimerEvent: {}
[22.882020] (-) TimerEvent: {}
[22.936013] (ur_robot_driver) StdoutLine: {'line': b'[ 73%] \x1b[32m\x1b[1mLinking CXX executable ur_ros2_control_node\x1b[0m\n'}
[22.982257] (-) TimerEvent: {}
[23.082699] (-) TimerEvent: {}
[23.101650] (ur_robot_driver) StdoutLine: {'line': b'[ 73%] Built target ur_ros2_control_node\n'}
[23.182911] (-) TimerEvent: {}
[23.283359] (-) TimerEvent: {}
[23.383805] (-) TimerEvent: {}
[23.484247] (-) TimerEvent: {}
[23.584673] (-) TimerEvent: {}
[23.685102] (-) TimerEvent: {}
[23.785486] (-) TimerEvent: {}
[23.885913] (-) TimerEvent: {}
[23.986338] (-) TimerEvent: {}
[24.086771] (-) TimerEvent: {}
[24.187201] (-) TimerEvent: {}
[24.287505] (-) TimerEvent: {}
[24.387947] (-) TimerEvent: {}
[24.488380] (-) TimerEvent: {}
[24.588802] (-) TimerEvent: {}
[24.689256] (-) TimerEvent: {}
[24.789681] (-) TimerEvent: {}
[24.890092] (-) TimerEvent: {}
[24.990542] (-) TimerEvent: {}
[25.090954] (-) TimerEvent: {}
[25.191234] (-) TimerEvent: {}
[25.291604] (-) TimerEvent: {}
[25.392018] (-) TimerEvent: {}
[25.492449] (-) TimerEvent: {}
[25.592865] (-) TimerEvent: {}
[25.693211] (-) TimerEvent: {}
[25.793510] (-) TimerEvent: {}
[25.893840] (-) TimerEvent: {}
[25.994292] (-) TimerEvent: {}
[26.094713] (-) TimerEvent: {}
[26.195142] (-) TimerEvent: {}
[26.295484] (-) TimerEvent: {}
[26.395920] (-) TimerEvent: {}
[26.496187] (-) TimerEvent: {}
[26.596573] (-) TimerEvent: {}
[26.696934] (-) TimerEvent: {}
[26.797281] (-) TimerEvent: {}
[26.897524] (-) TimerEvent: {}
[26.997893] (-) TimerEvent: {}
[27.098233] (-) TimerEvent: {}
[27.198584] (-) TimerEvent: {}
[27.298938] (-) TimerEvent: {}
[27.399269] (-) TimerEvent: {}
[27.499617] (-) TimerEvent: {}
[27.599960] (-) TimerEvent: {}
[27.700318] (-) TimerEvent: {}
[27.800659] (-) TimerEvent: {}
[27.900890] (-) TimerEvent: {}
[28.001229] (-) TimerEvent: {}
[28.101574] (-) TimerEvent: {}
[28.201925] (-) TimerEvent: {}
[28.302278] (-) TimerEvent: {}
[28.402509] (-) TimerEvent: {}
[28.502892] (-) TimerEvent: {}
[28.603233] (-) TimerEvent: {}
[28.712888] (-) TimerEvent: {}
[28.813232] (-) TimerEvent: {}
[28.913566] (-) TimerEvent: {}
[29.013909] (-) TimerEvent: {}
[29.114243] (-) TimerEvent: {}
[29.214578] (-) TimerEvent: {}
[29.314912] (-) TimerEvent: {}
[29.415272] (-) TimerEvent: {}
[29.515525] (-) TimerEvent: {}
[29.530563] (ur_robot_driver) StdoutLine: {'line': b'[ 80%] \x1b[32m\x1b[1mLinking CXX executable urscript_interface\x1b[0m\n'}
[29.615721] (-) TimerEvent: {}
[29.716057] (-) TimerEvent: {}
[29.767979] (ur_robot_driver) StdoutLine: {'line': b'[ 80%] Built target urscript_interface\n'}
[29.816254] (-) TimerEvent: {}
[29.916581] (-) TimerEvent: {}
[30.016913] (-) TimerEvent: {}
[30.117246] (-) TimerEvent: {}
[30.217573] (-) TimerEvent: {}
[30.317912] (-) TimerEvent: {}
[30.418253] (-) TimerEvent: {}
[30.518582] (-) TimerEvent: {}
[30.618814] (-) TimerEvent: {}
[30.719180] (-) TimerEvent: {}
[30.819529] (-) TimerEvent: {}
[30.919871] (-) TimerEvent: {}
[31.020203] (-) TimerEvent: {}
[31.120552] (-) TimerEvent: {}
[31.220884] (-) TimerEvent: {}
[31.321234] (-) TimerEvent: {}
[31.421593] (-) TimerEvent: {}
[31.521932] (-) TimerEvent: {}
[31.622268] (-) TimerEvent: {}
[31.722536] (-) TimerEvent: {}
[31.822805] (-) TimerEvent: {}
[31.923148] (-) TimerEvent: {}
[32.023487] (-) TimerEvent: {}
[32.123753] (-) TimerEvent: {}
[32.224080] (-) TimerEvent: {}
[32.324318] (-) TimerEvent: {}
[32.424651] (-) TimerEvent: {}
[32.525002] (-) TimerEvent: {}
[32.625366] (-) TimerEvent: {}
[32.725729] (-) TimerEvent: {}
[32.826089] (-) TimerEvent: {}
[32.926399] (-) TimerEvent: {}
[33.019625] (ur_robot_driver) StdoutLine: {'line': b'[ 86%] \x1b[32m\x1b[1mLinking CXX executable controller_stopper_node\x1b[0m\n'}
[33.026473] (-) TimerEvent: {}
[33.126784] (-) TimerEvent: {}
[33.227026] (-) TimerEvent: {}
[33.272511] (ur_robot_driver) StdoutLine: {'line': b'[ 86%] Built target controller_stopper_node\n'}
[33.327217] (-) TimerEvent: {}
[33.427530] (-) TimerEvent: {}
[33.527854] (-) TimerEvent: {}
[33.628195] (-) TimerEvent: {}
[33.728552] (-) TimerEvent: {}
[33.828902] (-) TimerEvent: {}
[33.929267] (-) TimerEvent: {}
[33.932330] (ur_robot_driver) StdoutLine: {'line': b'[ 93%] \x1b[32m\x1b[1mLinking CXX shared library libur_robot_driver_plugin.so\x1b[0m\n'}
[34.029358] (-) TimerEvent: {}
[34.091855] (ur_robot_driver) StdoutLine: {'line': b'[100%] \x1b[32m\x1b[1mLinking CXX executable dashboard_client\x1b[0m\n'}
[34.129448] (-) TimerEvent: {}
[34.216351] (ur_robot_driver) StdoutLine: {'line': b'[100%] Built target ur_robot_driver_plugin\n'}
[34.229517] (-) TimerEvent: {}
[34.329714] (-) TimerEvent: {}
[34.346961] (ur_robot_driver) StdoutLine: {'line': b'[100%] Built target dashboard_client\n'}
[34.355932] (ur_robot_driver) CommandEnded: {'returncode': 0}
[34.356892] (ur_robot_driver) JobProgress: {'identifier': 'ur_robot_driver', 'progress': 'install'}
[34.357583] (ur_robot_driver) Command: {'cmd': ['/usr/bin/cmake', '--install', '/dev_ws/build/ur_robot_driver'], 'cwd': '/dev_ws/build/ur_robot_driver', 'env': OrderedDict([('HOSTNAME', 'prottay-Pulse-15-B13VFK'), ('SHLVL', '2'), ('LD_LIBRARY_PATH', '/dev_ws/install/lib:/opt/ros/humble/opt/rviz_ogre_vendor/lib:/opt/ros/humble/lib/x86_64-linux-gnu:/opt/ros/humble/lib'), ('HOME', '/home/prottay'), ('OLDPWD', '/dev_ws/src'), ('ROS_PYTHON_VERSION', '3'), ('COLORTERM', 'truecolor'), ('COLCON_PREFIX_PATH', '/dev_ws/install'), ('ROS_DISTRO', 'humble'), ('_', '/usr/bin/colcon'), ('ROS_VERSION', '2'), ('NVIDIA_DRIVER_CAPABILITIES', 'compute,display,graphics,utility,video'), ('TERM', 'xterm-256color'), ('ROS_LOCALHOST_ONLY', '1'), ('QT_X11_NO_MITSHM', '1'), ('PATH', '/opt/ros/humble/bin:/usr/local/sbin:/usr/local/bin:/usr/sbin:/usr/bin:/sbin:/bin'), ('DISPLAY', ':1'), ('LANG', 'C.UTF-8'), ('RMW_IMPLEMENTATION', 'rmw_fastrtps_cpp'), ('LS_COLORS', 'rs=0:di=01;34:ln=01;36:mh=00:pi=40;33:so=01;35:do=01;35:bd=40;33;01:cd=40;33;01:or=40;31;01:mi=00:su=37;41:sg=30;43:ca=30;41:tw=30;42:ow=34;42:st=37;44:ex=01;32:*.tar=01;31:*.tgz=01;31:*.arc=01;31:*.arj=01;31:*.taz=01;31:*.lha=01;31:*.lz4=01;31:*.lzh=01;31:*.lzma=01;31:*.tlz=01;31:*.txz=01;31:*.tzo=01;31:*.t7z=01;31:*.zip=01;31:*.z=01;31:*.dz=01;31:*.gz=01;31:*.lrz=01;31:*.lz=01;31:*.lzo=01;31:*.xz=01;31:*.zst=01;31:*.tzst=01;31:*.bz2=01;31:*.bz=01;31:*.tbz=01;31:*.tbz2=01;31:*.tz=01;31:*.deb=01;31:*.rpm=01;31:*.jar=01;31:*.war=01;31:*.ear=01;31:*.sar=01;31:*.rar=01;31:*.alz=01;31:*.ace=01;31:*.zoo=01;31:*.cpio=01;31:*.7z=01;31:*.rz=01;31:*.cab=01;31:*.wim=01;31:*.swm=01;31:*.dwm=01;31:*.esd=01;31:*.jpg=01;35:*.jpeg=01;35:*.mjpg=01;35:*.mjpeg=01;35:*.gif=01;35:*.bmp=01;35:*.pbm=01;35:*.pgm=01;35:*.ppm=01;35:*.tga=01;35:*.xbm=01;35:*.xpm=01;35:*.tif=01;35:*.tiff=01;35:*.png=01;35:*.svg=01;35:*.svgz=01;35:*.mng=01;35:*.pcx=01;35:*.mov=01;35:*.mpg=01;35:*.mpeg=01;35:*.m2v=01;35:*.mkv=01;35:*.webm=01;35:*.webp=01;35:*.ogm=01;35:*.mp4=01;35:*.m4v=01;35:*.mp4v=01;35:*.vob=01;35:*.qt=01;35:*.nuv=01;35:*.wmv=01;35:*.asf=01;35:*.rm=01;35:*.rmvb=01;35:*.flc=01;35:*.avi=01;35:*.fli=01;35:*.flv=01;35:*.gl=01;35:*.dl=01;35:*.xcf=01;35:*.xwd=01;35:*.yuv=01;35:*.cgm=01;35:*.emf=01;35:*.ogv=01;35:*.ogx=01;35:*.aac=00;36:*.au=00;36:*.flac=00;36:*.m4a=00;36:*.mid=00;36:*.midi=00;36:*.mka=00;36:*.mp3=00;36:*.mpc=00;36:*.ogg=00;36:*.ra=00;36:*.wav=00;36:*.oga=00;36:*.opus=00;36:*.spx=00;36:*.xspf=00;36:'), ('ROS_DOMAIN_ID', '0'), ('AMENT_PREFIX_PATH', '/dev_ws/install:/opt/ros/humble'), ('DEBIAN_FRONTEND', 'noninteractive'), ('TERMINATOR_UUID', 'urn:uuid:f94316ff-644a-45a6-8ebc-68eacf2d4390'), ('PWD', '/dev_ws/build/ur_robot_driver'), ('LC_ALL', 'C.UTF-8'), ('PYTHONPATH', '/dev_ws/install/lib/python3.10/site-packages:/dev_ws/build/easy_handeye2:/dev_ws/install/local/lib/python3.10/dist-packages:/opt/ros/humble/lib/python3.10/site-packages:/opt/ros/humble/local/lib/python3.10/dist-packages'), ('NVIDIA_VISIBLE_DEVICES', 'all'), ('COLCON', '1'), ('VTE_VERSION', '6800'), ('CMAKE_PREFIX_PATH', '/dev_ws/install:/opt/ros/humble')]), 'shell': False}
[34.364352] (ur_robot_driver) StdoutLine: {'line': b'-- Install configuration: "RelWithDebInfo"\n'}
[34.364454] (ur_robot_driver) StdoutLine: {'line': b'-- Installing: /dev_ws/install/share/ur_robot_driver/hardware_interface_plugin.xml\n'}
[34.364592] (ur_robot_driver) StdoutLine: {'line': b'-- Installing: /dev_ws/install/lib/ur_robot_driver/dashboard_client\n'}
[34.374382] (ur_robot_driver) StdoutLine: {'line': b'-- Set runtime path of "/dev_ws/install/lib/ur_robot_driver/dashboard_client" to ""\n'}
[34.374544] (ur_robot_driver) StdoutLine: {'line': b'-- Installing: /dev_ws/install/lib/ur_robot_driver/ur_ros2_control_node\n'}
[34.375054] (ur_robot_driver) StdoutLine: {'line': b'-- Set runtime path of "/dev_ws/install/lib/ur_robot_driver/ur_ros2_control_node" to ""\n'}
[34.375144] (ur_robot_driver) StdoutLine: {'line': b'-- Installing: /dev_ws/install/lib/ur_robot_driver/controller_stopper_node\n'}
[34.384074] (ur_robot_driver) StdoutLine: {'line': b'-- Set runtime path of "/dev_ws/install/lib/ur_robot_driver/controller_stopper_node" to ""\n'}
[34.384222] (ur_robot_driver) StdoutLine: {'line': b'-- Installing: /dev_ws/install/lib/ur_robot_driver/urscript_interface\n'}
[34.390934] (ur_robot_driver) StdoutLine: {'line': b'-- Set runtime path of "/dev_ws/install/lib/ur_robot_driver/urscript_interface" to ""\n'}
[34.391098] (ur_robot_driver) StdoutLine: {'line': b'-- Installing: /dev_ws/install/lib/libur_robot_driver_plugin.so\n'}
[34.401788] (ur_robot_driver) StdoutLine: {'line': b'-- Set runtime path of "/dev_ws/install/lib/libur_robot_driver_plugin.so" to ""\n'}
[34.401988] (ur_robot_driver) StdoutLine: {'line': b'-- Up-to-date: /dev_ws/install/include\n'}
[34.402126] (ur_robot_driver) StdoutLine: {'line': b'-- Installing: /dev_ws/install/include/ur_robot_driver\n'}
[34.402504] (ur_robot_driver) StdoutLine: {'line': b'-- Installing: /dev_ws/install/include/ur_robot_driver/controller_stopper.hpp\n'}
[34.402659] (ur_robot_driver) StdoutLine: {'line': b'-- Installing: /dev_ws/install/include/ur_robot_driver/urcl_log_handler.hpp\n'}
[34.402799] (ur_robot_driver) StdoutLine: {'line': b'-- Installing: /dev_ws/install/include/ur_robot_driver/hardware_interface.hpp\n'}
[34.402907] (ur_robot_driver) StdoutLine: {'line': b'-- Installing: /dev_ws/install/include/ur_robot_driver/dashboard_client_ros.hpp\n'}
[34.402997] (ur_robot_driver) StdoutLine: {'line': b'-- Installing: /dev_ws/install/share/ur_robot_driver/environment/library_path.sh\n'}
[34.403086] (ur_robot_driver) StdoutLine: {'line': b'-- Installing: /dev_ws/install/share/ur_robot_driver/environment/library_path.dsv\n'}
[34.403188] (ur_robot_driver) StdoutLine: {'line': b'-- Installing: /dev_ws/install/share/ur_robot_driver/resources\n'}
[34.403288] (ur_robot_driver) StdoutLine: {'line': b'-- Installing: /dev_ws/install/share/ur_robot_driver/resources/rs485-1.0.urcap\n'}
[34.403377] (ur_robot_driver) StdoutLine: {'line': b'-- Installing: /dev_ws/install/share/ur_robot_driver/resources/externalcontrol-1.0.5.urcap\n'}
[34.403467] (ur_robot_driver) StdoutLine: {'line': b'-- Installing: /dev_ws/install/share/ur_robot_driver/resources/ros_control.urscript\n'}
[34.403555] (ur_robot_driver) StdoutLine: {'line': b'-- Installing: /dev_ws/install/share/ur_robot_driver/resources/rtde_output_recipe.txt\n'}
[34.403644] (ur_robot_driver) StdoutLine: {'line': b'-- Installing: /dev_ws/install/share/ur_robot_driver/resources/rtde_input_recipe.txt\n'}
[34.403732] (ur_robot_driver) StdoutLine: {'line': b'-- Up-to-date: /dev_ws/install/include\n'}
[34.403819] (ur_robot_driver) StdoutLine: {'line': b'-- Up-to-date: /dev_ws/install/include/ur_robot_driver\n'}
[34.403910] (ur_robot_driver) StdoutLine: {'line': b'-- Up-to-date: /dev_ws/install/include/ur_robot_driver/controller_stopper.hpp\n'}
[34.403995] (ur_robot_driver) StdoutLine: {'line': b'-- Up-to-date: /dev_ws/install/include/ur_robot_driver/urcl_log_handler.hpp\n'}
[34.404080] (ur_robot_driver) StdoutLine: {'line': b'-- Up-to-date: /dev_ws/install/include/ur_robot_driver/hardware_interface.hpp\n'}
[34.404171] (ur_robot_driver) StdoutLine: {'line': b'-- Up-to-date: /dev_ws/install/include/ur_robot_driver/dashboard_client_ros.hpp\n'}
[34.404258] (ur_robot_driver) StdoutLine: {'line': b'-- Installing: /dev_ws/install/share/ur_robot_driver/environment/pythonpath.sh\n'}
[34.404343] (ur_robot_driver) StdoutLine: {'line': b'-- Installing: /dev_ws/install/share/ur_robot_driver/environment/pythonpath.dsv\n'}
[34.404426] (ur_robot_driver) StdoutLine: {'line': b'-- Installing: /dev_ws/install/local/lib/python3.10/dist-packages/ur_robot_driver-2.2.16-py3.10.egg-info\n'}
[34.404506] (ur_robot_driver) StdoutLine: {'line': b'-- Installing: /dev_ws/install/local/lib/python3.10/dist-packages/ur_robot_driver-2.2.16-py3.10.egg-info/SOURCES.txt\n'}
[34.404592] (ur_robot_driver) StdoutLine: {'line': b'-- Installing: /dev_ws/install/local/lib/python3.10/dist-packages/ur_robot_driver-2.2.16-py3.10.egg-info/dependency_links.txt\n'}
[34.404677] (ur_robot_driver) StdoutLine: {'line': b'-- Installing: /dev_ws/install/local/lib/python3.10/dist-packages/ur_robot_driver-2.2.16-py3.10.egg-info/top_level.txt\n'}
[34.404759] (ur_robot_driver) StdoutLine: {'line': b'-- Installing: /dev_ws/install/local/lib/python3.10/dist-packages/ur_robot_driver-2.2.16-py3.10.egg-info/PKG-INFO\n'}
[34.404841] (ur_robot_driver) StdoutLine: {'line': b'-- Installing: /dev_ws/install/local/lib/python3.10/dist-packages/ur_robot_driver\n'}
[34.404923] (ur_robot_driver) StdoutLine: {'line': b'-- Installing: /dev_ws/install/local/lib/python3.10/dist-packages/ur_robot_driver/__init__.py\n'}
[34.426164] (ur_robot_driver) StdoutLine: {'line': b"Listing '/dev_ws/install/local/lib/python3.10/dist-packages/ur_robot_driver'...\n"}
[34.426318] (ur_robot_driver) StdoutLine: {'line': b"Compiling '/dev_ws/install/local/lib/python3.10/dist-packages/ur_robot_driver/__init__.py'...\n"}
[34.429068] (ur_robot_driver) StdoutLine: {'line': b'-- Installing: /dev_ws/install/lib/ur_robot_driver/tool_communication.py\n'}
[34.429274] (ur_robot_driver) StdoutLine: {'line': b'-- Installing: /dev_ws/install/bin/wait_dashboard_server.sh\n'}
[34.429378] (ur_robot_driver) StdoutLine: {'line': b'-- Installing: /dev_ws/install/lib/ur_robot_driver/start_ursim.sh\n'}
[34.429413] (ur_robot_driver) StdoutLine: {'line': b'-- Installing: /dev_ws/install/share/ur_robot_driver/config\n'}
[34.429498] (ur_robot_driver) StdoutLine: {'line': b'-- Installing: /dev_ws/install/share/ur_robot_driver/config/ur20_update_rate.yaml\n'}
[34.429529] (ur_robot_driver) StdoutLine: {'line': b'-- Installing: /dev_ws/install/share/ur_robot_driver/config/ur30_update_rate.yaml\n'}
[34.429557] (ur_robot_driver) StdoutLine: {'line': b'-- Installing: /dev_ws/install/share/ur_robot_driver/config/test_goal_publishers_config.yaml\n'}
[34.429619] (ur_robot_driver) StdoutLine: {'line': b'-- Installing: /dev_ws/install/share/ur_robot_driver/config/test_velocity_goal_publishers_config.yaml\n'}
[34.429648] (ur_robot_driver) StdoutLine: {'line': b'-- Installing: /dev_ws/install/share/ur_robot_driver/config/ur5_update_rate.yaml\n'}
[34.429677] (ur_robot_driver) StdoutLine: {'line': b'-- Installing: /dev_ws/install/share/ur_robot_driver/config/ur16e_update_rate.yaml\n'}
[34.429705] (-) TimerEvent: {}
[34.429793] (ur_robot_driver) StdoutLine: {'line': b'-- Installing: /dev_ws/install/share/ur_robot_driver/config/ur3e_update_rate.yaml\n'}
[34.429832] (ur_robot_driver) StdoutLine: {'line': b'-- Installing: /dev_ws/install/share/ur_robot_driver/config/ur10e_update_rate.yaml\n'}
[34.429863] (ur_robot_driver) StdoutLine: {'line': b'-- Installing: /dev_ws/install/share/ur_robot_driver/config/ur_controllers.yaml\n'}
[34.429892] (ur_robot_driver) StdoutLine: {'line': b'-- Installing: /dev_ws/install/share/ur_robot_driver/config/ur10_update_rate.yaml\n'}
[34.429921] (ur_robot_driver) StdoutLine: {'line': b'-- Installing: /dev_ws/install/share/ur_robot_driver/config/ur3_update_rate.yaml\n'}
[34.429950] (ur_robot_driver) StdoutLine: {'line': b'-- Installing: /dev_ws/install/share/ur_robot_driver/config/ur5e_update_rate.yaml\n'}
[34.429979] (ur_robot_driver) StdoutLine: {'line': b'-- Installing: /dev_ws/install/share/ur_robot_driver/launch\n'}
[34.430030] (ur_robot_driver) StdoutLine: {'line': b'-- Installing: /dev_ws/install/share/ur_robot_driver/launch/ur_dashboard_client.launch.py\n'}
[34.430090] (ur_robot_driver) StdoutLine: {'line': b'-- Installing: /dev_ws/install/share/ur_robot_driver/launch/ur_control.launch.py\n'}
[34.430122] (ur_robot_driver) StdoutLine: {'line': b'-- Installing: /dev_ws/install/share/ur_robot_driver/launch/test_joint_trajectory_controller.launch.py\n'}
[34.430167] (ur_robot_driver) StdoutLine: {'line': b'-- Installing: /dev_ws/install/share/ur_robot_driver/launch/test_scaled_joint_trajectory_controller.launch.py\n'}
[34.430197] (ur_robot_driver) StdoutLine: {'line': b'-- Installing: /dev_ws/install/share/ur_robot_driver/launch/ur5e.launch.py\n'}
[34.430262] (ur_robot_driver) StdoutLine: {'line': b'-- Installing: /dev_ws/install/share/ur_robot_driver/launch/ur20.launch.py\n'}
[34.430292] (ur_robot_driver) StdoutLine: {'line': b'-- Installing: /dev_ws/install/share/ur_robot_driver/launch/ur16e.launch.py\n'}
[34.430351] (ur_robot_driver) StdoutLine: {'line': b'-- Installing: /dev_ws/install/share/ur_robot_driver/launch/ur10.launch.py\n'}
[34.430385] (ur_robot_driver) StdoutLine: {'line': b'-- Installing: /dev_ws/install/share/ur_robot_driver/launch/ur10e.launch.py\n'}
[34.430418] (ur_robot_driver) StdoutLine: {'line': b'-- Installing: /dev_ws/install/share/ur_robot_driver/launch/test_forward_velocity_controller.launch.py\n'}
[34.430476] (ur_robot_driver) StdoutLine: {'line': b'-- Installing: /dev_ws/install/share/ur_robot_driver/launch/ur3e.launch.py\n'}
[34.430515] (ur_robot_driver) StdoutLine: {'line': b'-- Installing: /dev_ws/install/share/ur_robot_driver/launch/ur3.launch.py\n'}
[34.430539] (ur_robot_driver) StdoutLine: {'line': b'-- Installing: /dev_ws/install/share/ur_robot_driver/launch/ur5.launch.py\n'}
[34.430587] (ur_robot_driver) StdoutLine: {'line': b'-- Installing: /dev_ws/install/share/ur_robot_driver/launch/ur30.launch.py\n'}
[34.430657] (ur_robot_driver) StdoutLine: {'line': b'-- Installing: /dev_ws/install/share/ament_index/resource_index/package_run_dependencies/ur_robot_driver\n'}
[34.430749] (ur_robot_driver) StdoutLine: {'line': b'-- Installing: /dev_ws/install/share/ament_index/resource_index/parent_prefix_path/ur_robot_driver\n'}
[34.430780] (ur_robot_driver) StdoutLine: {'line': b'-- Installing: /dev_ws/install/share/ur_robot_driver/environment/ament_prefix_path.sh\n'}
[34.430861] (ur_robot_driver) StdoutLine: {'line': b'-- Installing: /dev_ws/install/share/ur_robot_driver/environment/ament_prefix_path.dsv\n'}
[34.430946] (ur_robot_driver) StdoutLine: {'line': b'-- Installing: /dev_ws/install/share/ur_robot_driver/environment/path.sh\n'}
[34.430974] (ur_robot_driver) StdoutLine: {'line': b'-- Installing: /dev_ws/install/share/ur_robot_driver/environment/path.dsv\n'}
[34.431043] (ur_robot_driver) StdoutLine: {'line': b'-- Installing: /dev_ws/install/share/ur_robot_driver/local_setup.bash\n'}
[34.431179] (ur_robot_driver) StdoutLine: {'line': b'-- Installing: /dev_ws/install/share/ur_robot_driver/local_setup.sh\n'}
[34.431209] (ur_robot_driver) StdoutLine: {'line': b'-- Installing: /dev_ws/install/share/ur_robot_driver/local_setup.zsh\n'}
[34.431256] (ur_robot_driver) StdoutLine: {'line': b'-- Installing: /dev_ws/install/share/ur_robot_driver/local_setup.dsv\n'}
[34.431285] (ur_robot_driver) StdoutLine: {'line': b'-- Installing: /dev_ws/install/share/ur_robot_driver/package.dsv\n'}
[34.431323] (ur_robot_driver) StdoutLine: {'line': b'-- Installing: /dev_ws/install/share/ament_index/resource_index/packages/ur_robot_driver\n'}
[34.431403] (ur_robot_driver) StdoutLine: {'line': b'-- Installing: /dev_ws/install/share/ament_index/resource_index/hardware_interface__pluginlib__plugin/ur_robot_driver\n'}
[34.431484] (ur_robot_driver) StdoutLine: {'line': b'-- Installing: /dev_ws/install/share/ur_robot_driver/cmake/ament_cmake_export_include_directories-extras.cmake\n'}
[34.431546] (ur_robot_driver) StdoutLine: {'line': b'-- Installing: /dev_ws/install/share/ur_robot_driver/cmake/ament_cmake_export_libraries-extras.cmake\n'}
[34.431608] (ur_robot_driver) StdoutLine: {'line': b'-- Installing: /dev_ws/install/share/ur_robot_driver/cmake/ament_cmake_export_dependencies-extras.cmake\n'}
[34.431672] (ur_robot_driver) StdoutLine: {'line': b'-- Installing: /dev_ws/install/share/ur_robot_driver/cmake/ur_robot_driverConfig.cmake\n'}
[34.431723] (ur_robot_driver) StdoutLine: {'line': b'-- Installing: /dev_ws/install/share/ur_robot_driver/cmake/ur_robot_driverConfig-version.cmake\n'}
[34.431783] (ur_robot_driver) StdoutLine: {'line': b'-- Installing: /dev_ws/install/share/ur_robot_driver/package.xml\n'}
[34.433205] (ur_robot_driver) CommandEnded: {'returncode': 0}
[34.448128] (ur_robot_driver) JobEnded: {'identifier': 'ur_robot_driver', 'rc': 0}
[34.448775] (ur_calibration) JobStarted: {'identifier': 'ur_calibration'}
[34.462472] (ur_calibration) JobProgress: {'identifier': 'ur_calibration', 'progress': 'cmake'}
[34.462726] (ur_calibration) Command: {'cmd': ['/usr/bin/cmake', '/dev_ws/src/moveit2-introduction/Universal_Robots_ROS2_Driver/ur_calibration', '-DCMAKE_INSTALL_PREFIX=/dev_ws/install'], 'cwd': '/dev_ws/build/ur_calibration', 'env': OrderedDict([('HOSTNAME', 'prottay-Pulse-15-B13VFK'), ('SHLVL', '2'), ('LD_LIBRARY_PATH', '/dev_ws/install/lib:/opt/ros/humble/opt/rviz_ogre_vendor/lib:/opt/ros/humble/lib/x86_64-linux-gnu:/opt/ros/humble/lib'), ('HOME', '/home/prottay'), ('OLDPWD', '/dev_ws/src'), ('ROS_PYTHON_VERSION', '3'), ('COLORTERM', 'truecolor'), ('COLCON_PREFIX_PATH', '/dev_ws/install'), ('ROS_DISTRO', 'humble'), ('_', '/usr/bin/colcon'), ('ROS_VERSION', '2'), ('NVIDIA_DRIVER_CAPABILITIES', 'compute,display,graphics,utility,video'), ('TERM', 'xterm-256color'), ('ROS_LOCALHOST_ONLY', '1'), ('QT_X11_NO_MITSHM', '1'), ('PATH', '/dev_ws/install/bin:/opt/ros/humble/bin:/usr/local/sbin:/usr/local/bin:/usr/sbin:/usr/bin:/sbin:/bin'), ('DISPLAY', ':1'), ('LANG', 'C.UTF-8'), ('RMW_IMPLEMENTATION', 'rmw_fastrtps_cpp'), ('LS_COLORS', 'rs=0:di=01;34:ln=01;36:mh=00:pi=40;33:so=01;35:do=01;35:bd=40;33;01:cd=40;33;01:or=40;31;01:mi=00:su=37;41:sg=30;43:ca=30;41:tw=30;42:ow=34;42:st=37;44:ex=01;32:*.tar=01;31:*.tgz=01;31:*.arc=01;31:*.arj=01;31:*.taz=01;31:*.lha=01;31:*.lz4=01;31:*.lzh=01;31:*.lzma=01;31:*.tlz=01;31:*.txz=01;31:*.tzo=01;31:*.t7z=01;31:*.zip=01;31:*.z=01;31:*.dz=01;31:*.gz=01;31:*.lrz=01;31:*.lz=01;31:*.lzo=01;31:*.xz=01;31:*.zst=01;31:*.tzst=01;31:*.bz2=01;31:*.bz=01;31:*.tbz=01;31:*.tbz2=01;31:*.tz=01;31:*.deb=01;31:*.rpm=01;31:*.jar=01;31:*.war=01;31:*.ear=01;31:*.sar=01;31:*.rar=01;31:*.alz=01;31:*.ace=01;31:*.zoo=01;31:*.cpio=01;31:*.7z=01;31:*.rz=01;31:*.cab=01;31:*.wim=01;31:*.swm=01;31:*.dwm=01;31:*.esd=01;31:*.jpg=01;35:*.jpeg=01;35:*.mjpg=01;35:*.mjpeg=01;35:*.gif=01;35:*.bmp=01;35:*.pbm=01;35:*.pgm=01;35:*.ppm=01;35:*.tga=01;35:*.xbm=01;35:*.xpm=01;35:*.tif=01;35:*.tiff=01;35:*.png=01;35:*.svg=01;35:*.svgz=01;35:*.mng=01;35:*.pcx=01;35:*.mov=01;35:*.mpg=01;35:*.mpeg=01;35:*.m2v=01;35:*.mkv=01;35:*.webm=01;35:*.webp=01;35:*.ogm=01;35:*.mp4=01;35:*.m4v=01;35:*.mp4v=01;35:*.vob=01;35:*.qt=01;35:*.nuv=01;35:*.wmv=01;35:*.asf=01;35:*.rm=01;35:*.rmvb=01;35:*.flc=01;35:*.avi=01;35:*.fli=01;35:*.flv=01;35:*.gl=01;35:*.dl=01;35:*.xcf=01;35:*.xwd=01;35:*.yuv=01;35:*.cgm=01;35:*.emf=01;35:*.ogv=01;35:*.ogx=01;35:*.aac=00;36:*.au=00;36:*.flac=00;36:*.m4a=00;36:*.mid=00;36:*.midi=00;36:*.mka=00;36:*.mp3=00;36:*.mpc=00;36:*.ogg=00;36:*.ra=00;36:*.wav=00;36:*.oga=00;36:*.opus=00;36:*.spx=00;36:*.xspf=00;36:'), ('ROS_DOMAIN_ID', '0'), ('AMENT_PREFIX_PATH', '/dev_ws/install:/opt/ros/humble'), ('DEBIAN_FRONTEND', 'noninteractive'), ('TERMINATOR_UUID', 'urn:uuid:f94316ff-644a-45a6-8ebc-68eacf2d4390'), ('PWD', '/dev_ws/build/ur_calibration'), ('LC_ALL', 'C.UTF-8'), ('PYTHONPATH', '/dev_ws/install/lib/python3.10/site-packages:/dev_ws/build/easy_handeye2:/dev_ws/install/local/lib/python3.10/dist-packages:/opt/ros/humble/lib/python3.10/site-packages:/opt/ros/humble/local/lib/python3.10/dist-packages'), ('NVIDIA_VISIBLE_DEVICES', 'all'), ('COLCON', '1'), ('VTE_VERSION', '6800'), ('CMAKE_PREFIX_PATH', '/dev_ws/install:/opt/ros/humble')]), 'shell': False}
[34.530031] (-) TimerEvent: {}
[34.560600] (ur_calibration) StdoutLine: {'line': b'-- The C compiler identification is GNU 11.4.0\n'}
[34.624556] (ur_calibration) StdoutLine: {'line': b'-- The CXX compiler identification is GNU 11.4.0\n'}
[34.630028] (ur_calibration) StdoutLine: {'line': b'-- Detecting C compiler ABI info\n'}
[34.630119] (-) TimerEvent: {}
[34.730436] (-) TimerEvent: {}
[34.734998] (ur_calibration) StdoutLine: {'line': b'-- Detecting C compiler ABI info - done\n'}
[34.739894] (ur_calibration) StdoutLine: {'line': b'-- Check for working C compiler: /usr/bin/cc - skipped\n'}
[34.739971] (ur_calibration) StdoutLine: {'line': b'-- Detecting C compile features\n'}
[34.740238] (ur_calibration) StdoutLine: {'line': b'-- Detecting C compile features - done\n'}
[34.742430] (ur_calibration) StdoutLine: {'line': b'-- Detecting CXX compiler ABI info\n'}
[34.815850] (ur_calibration) StdoutLine: {'line': b'-- Detecting CXX compiler ABI info - done\n'}
[34.820808] (ur_calibration) StdoutLine: {'line': b'-- Check for working CXX compiler: /usr/bin/c++ - skipped\n'}
[34.820891] (ur_calibration) StdoutLine: {'line': b'-- Detecting CXX compile features\n'}
[34.821332] (ur_calibration) StdoutLine: {'line': b'-- Detecting CXX compile features - done\n'}
[34.821709] (ur_calibration) StderrLine: {'line': b"\x1b[0mur_calibration: You did not request a specific build type: selecting 'RelWithDebInfo'.\x1b[0m\n"}
[34.823433] (ur_calibration) StdoutLine: {'line': b'-- Found ament_cmake: 1.3.11 (/opt/ros/humble/share/ament_cmake/cmake)\n'}
[34.830614] (-) TimerEvent: {}
[34.930896] (-) TimerEvent: {}
[34.974869] (ur_calibration) StdoutLine: {'line': b'-- Found Python3: /usr/bin/python3 (found version "3.10.12") found components: Interpreter \n'}
[35.031091] (-) TimerEvent: {}
[35.038387] (ur_calibration) StdoutLine: {'line': b'-- Found rclcpp: 16.0.12 (/opt/ros/humble/share/rclcpp/cmake)\n'}
[35.068448] (ur_calibration) StdoutLine: {'line': b'-- Found rosidl_generator_c: 3.1.6 (/opt/ros/humble/share/rosidl_generator_c/cmake)\n'}
[35.072279] (ur_calibration) StdoutLine: {'line': b'-- Found rosidl_adapter: 3.1.6 (/opt/ros/humble/share/rosidl_adapter/cmake)\n'}
[35.078348] (ur_calibration) StdoutLine: {'line': b'-- Found rosidl_generator_cpp: 3.1.6 (/opt/ros/humble/share/rosidl_generator_cpp/cmake)\n'}
[35.086789] (ur_calibration) StdoutLine: {'line': b'-- Using all available rosidl_typesupport_c: rosidl_typesupport_fastrtps_c;rosidl_typesupport_introspection_c\n'}
[35.098120] (ur_calibration) StdoutLine: {'line': b'-- Using all available rosidl_typesupport_cpp: rosidl_typesupport_fastrtps_cpp;rosidl_typesupport_introspection_cpp\n'}
[35.129322] (ur_calibration) StdoutLine: {'line': b'-- Found rmw_implementation_cmake: 6.1.2 (/opt/ros/humble/share/rmw_implementation_cmake/cmake)\n'}
[35.131289] (-) TimerEvent: {}
[35.131577] (ur_calibration) StdoutLine: {'line': b'-- Found rmw_fastrtps_cpp: 6.2.7 (/opt/ros/humble/share/rmw_fastrtps_cpp/cmake)\n'}
[35.231537] (-) TimerEvent: {}
[35.241689] (ur_calibration) StdoutLine: {'line': b'-- Found OpenSSL: /usr/lib/x86_64-linux-gnu/libcrypto.so (found version "3.0.2")  \n'}
[35.263969] (ur_calibration) StdoutLine: {'line': b'-- Found FastRTPS: /opt/ros/humble/include  \n'}
[35.297436] (ur_calibration) StdoutLine: {'line': b"-- Using RMW implementation 'rmw_fastrtps_cpp' as default\n"}
[35.304036] (ur_calibration) StdoutLine: {'line': b'-- Looking for pthread.h\n'}
[35.331631] (-) TimerEvent: {}
[35.365748] (ur_calibration) StdoutLine: {'line': b'-- Looking for pthread.h - found\n'}
[35.366293] (ur_calibration) StdoutLine: {'line': b'-- Performing Test CMAKE_HAVE_LIBC_PTHREAD\n'}
[35.425076] (ur_calibration) StdoutLine: {'line': b'-- Performing Test CMAKE_HAVE_LIBC_PTHREAD - Success\n'}
[35.426376] (ur_calibration) StdoutLine: {'line': b'-- Found Threads: TRUE  \n'}
[35.431731] (-) TimerEvent: {}
[35.462529] (ur_calibration) StdoutLine: {'line': b'-- Found ur_robot_driver: 2.2.16 (/dev_ws/install/share/ur_robot_driver/cmake)\n'}
[35.531933] (-) TimerEvent: {}
[35.632246] (-) TimerEvent: {}
[35.664734] (ur_calibration) StdoutLine: {'line': b'-- Found eigen3_cmake_module: 0.1.1 (/opt/ros/humble/share/eigen3_cmake_module/cmake)\n'}
[35.665784] (ur_calibration) StdoutLine: {'line': b'-- Found Eigen3: TRUE (found version "3.4.0") \n'}
[35.665958] (ur_calibration) StdoutLine: {'line': b'-- Ensuring Eigen3 include directory is part of orocos-kdl CMake target\n'}
[35.732353] (-) TimerEvent: {}
[35.778420] (ur_calibration) StdoutLine: {'line': b'-- Found ament_cmake_gmock: 1.3.11 (/opt/ros/humble/share/ament_cmake_gmock/cmake)\n'}
[35.780341] (ur_calibration) StdoutLine: {'line': b"-- Found gmock sources under '/opt/ros/humble/src/gmock_vendor': C++ tests using 'Google Mock' will be built\n"}
[35.784814] (ur_calibration) StdoutLine: {'line': b'-- Found ament_cmake_gtest: 1.3.11 (/opt/ros/humble/share/ament_cmake_gtest/cmake)\n'}
[35.785510] (ur_calibration) StdoutLine: {'line': b"-- Found gtest sources under '/opt/ros/humble/src/gtest_vendor': C++ tests using 'Google Test' will be built\n"}
[35.832442] (-) TimerEvent: {}
[35.840781] (ur_calibration) StdoutLine: {'line': b'-- Configuring done\n'}
[35.905091] (ur_calibration) StdoutLine: {'line': b'-- Generating done\n'}
[35.914045] (ur_calibration) StdoutLine: {'line': b'-- Build files have been written to: /dev_ws/build/ur_calibration\n'}
[35.924047] (ur_calibration) CommandEnded: {'returncode': 0}
[35.925194] (ur_calibration) JobProgress: {'identifier': 'ur_calibration', 'progress': 'build'}
[35.926030] (ur_calibration) Command: {'cmd': ['/usr/bin/cmake', '--build', '/dev_ws/build/ur_calibration', '--', '-j20', '-l20'], 'cwd': '/dev_ws/build/ur_calibration', 'env': OrderedDict([('HOSTNAME', 'prottay-Pulse-15-B13VFK'), ('SHLVL', '2'), ('LD_LIBRARY_PATH', '/dev_ws/install/lib:/opt/ros/humble/opt/rviz_ogre_vendor/lib:/opt/ros/humble/lib/x86_64-linux-gnu:/opt/ros/humble/lib'), ('HOME', '/home/prottay'), ('OLDPWD', '/dev_ws/src'), ('ROS_PYTHON_VERSION', '3'), ('COLORTERM', 'truecolor'), ('COLCON_PREFIX_PATH', '/dev_ws/install'), ('ROS_DISTRO', 'humble'), ('_', '/usr/bin/colcon'), ('ROS_VERSION', '2'), ('NVIDIA_DRIVER_CAPABILITIES', 'compute,display,graphics,utility,video'), ('TERM', 'xterm-256color'), ('ROS_LOCALHOST_ONLY', '1'), ('QT_X11_NO_MITSHM', '1'), ('PATH', '/dev_ws/install/bin:/opt/ros/humble/bin:/usr/local/sbin:/usr/local/bin:/usr/sbin:/usr/bin:/sbin:/bin'), ('DISPLAY', ':1'), ('LANG', 'C.UTF-8'), ('RMW_IMPLEMENTATION', 'rmw_fastrtps_cpp'), ('LS_COLORS', 'rs=0:di=01;34:ln=01;36:mh=00:pi=40;33:so=01;35:do=01;35:bd=40;33;01:cd=40;33;01:or=40;31;01:mi=00:su=37;41:sg=30;43:ca=30;41:tw=30;42:ow=34;42:st=37;44:ex=01;32:*.tar=01;31:*.tgz=01;31:*.arc=01;31:*.arj=01;31:*.taz=01;31:*.lha=01;31:*.lz4=01;31:*.lzh=01;31:*.lzma=01;31:*.tlz=01;31:*.txz=01;31:*.tzo=01;31:*.t7z=01;31:*.zip=01;31:*.z=01;31:*.dz=01;31:*.gz=01;31:*.lrz=01;31:*.lz=01;31:*.lzo=01;31:*.xz=01;31:*.zst=01;31:*.tzst=01;31:*.bz2=01;31:*.bz=01;31:*.tbz=01;31:*.tbz2=01;31:*.tz=01;31:*.deb=01;31:*.rpm=01;31:*.jar=01;31:*.war=01;31:*.ear=01;31:*.sar=01;31:*.rar=01;31:*.alz=01;31:*.ace=01;31:*.zoo=01;31:*.cpio=01;31:*.7z=01;31:*.rz=01;31:*.cab=01;31:*.wim=01;31:*.swm=01;31:*.dwm=01;31:*.esd=01;31:*.jpg=01;35:*.jpeg=01;35:*.mjpg=01;35:*.mjpeg=01;35:*.gif=01;35:*.bmp=01;35:*.pbm=01;35:*.pgm=01;35:*.ppm=01;35:*.tga=01;35:*.xbm=01;35:*.xpm=01;35:*.tif=01;35:*.tiff=01;35:*.png=01;35:*.svg=01;35:*.svgz=01;35:*.mng=01;35:*.pcx=01;35:*.mov=01;35:*.mpg=01;35:*.mpeg=01;35:*.m2v=01;35:*.mkv=01;35:*.webm=01;35:*.webp=01;35:*.ogm=01;35:*.mp4=01;35:*.m4v=01;35:*.mp4v=01;35:*.vob=01;35:*.qt=01;35:*.nuv=01;35:*.wmv=01;35:*.asf=01;35:*.rm=01;35:*.rmvb=01;35:*.flc=01;35:*.avi=01;35:*.fli=01;35:*.flv=01;35:*.gl=01;35:*.dl=01;35:*.xcf=01;35:*.xwd=01;35:*.yuv=01;35:*.cgm=01;35:*.emf=01;35:*.ogv=01;35:*.ogx=01;35:*.aac=00;36:*.au=00;36:*.flac=00;36:*.m4a=00;36:*.mid=00;36:*.midi=00;36:*.mka=00;36:*.mp3=00;36:*.mpc=00;36:*.ogg=00;36:*.ra=00;36:*.wav=00;36:*.oga=00;36:*.opus=00;36:*.spx=00;36:*.xspf=00;36:'), ('ROS_DOMAIN_ID', '0'), ('AMENT_PREFIX_PATH', '/dev_ws/install:/opt/ros/humble'), ('DEBIAN_FRONTEND', 'noninteractive'), ('TERMINATOR_UUID', 'urn:uuid:f94316ff-644a-45a6-8ebc-68eacf2d4390'), ('PWD', '/dev_ws/build/ur_calibration'), ('LC_ALL', 'C.UTF-8'), ('PYTHONPATH', '/dev_ws/install/lib/python3.10/site-packages:/dev_ws/build/easy_handeye2:/dev_ws/install/local/lib/python3.10/dist-packages:/opt/ros/humble/lib/python3.10/site-packages:/opt/ros/humble/local/lib/python3.10/dist-packages'), ('NVIDIA_VISIBLE_DEVICES', 'all'), ('COLCON', '1'), ('VTE_VERSION', '6800'), ('CMAKE_PREFIX_PATH', '/dev_ws/install:/opt/ros/humble')]), 'shell': False}
[35.932552] (-) TimerEvent: {}
[35.974884] (ur_calibration) StdoutLine: {'line': b'[ 25%] \x1b[32mBuilding CXX object CMakeFiles/calibration.dir/src/calibration_consumer.cpp.o\x1b[0m\n'}
[35.975085] (ur_calibration) StdoutLine: {'line': b'[ 25%] \x1b[32mBuilding CXX object gmock/CMakeFiles/gmock.dir/src/gmock-all.cc.o\x1b[0m\n'}
[35.975177] (ur_calibration) StdoutLine: {'line': b'[ 25%] \x1b[32mBuilding CXX object gmock/CMakeFiles/gmock.dir/opt/ros/humble/src/gtest_vendor/src/gtest-all.cc.o\x1b[0m\n'}
[35.975652] (ur_calibration) StdoutLine: {'line': b'[ 33%] \x1b[32mBuilding CXX object CMakeFiles/calibration.dir/src/calibration.cpp.o\x1b[0m\n'}
[35.980601] (ur_calibration) StdoutLine: {'line': b'[ 41%] \x1b[32mBuilding CXX object gmock/CMakeFiles/gmock_main.dir/src/gmock_main.cc.o\x1b[0m\n'}
[36.032662] (-) TimerEvent: {}
[36.133033] (-) TimerEvent: {}
[36.233527] (-) TimerEvent: {}
[36.333899] (-) TimerEvent: {}
[36.434254] (-) TimerEvent: {}
[36.534610] (-) TimerEvent: {}
[36.634945] (-) TimerEvent: {}
[36.735378] (-) TimerEvent: {}
[36.835792] (-) TimerEvent: {}
[36.936098] (-) TimerEvent: {}
[37.036548] (-) TimerEvent: {}
[37.096967] (ur_calibration) StdoutLine: {'line': b'[ 50%] \x1b[32m\x1b[1mLinking CXX static library libgmock_main.a\x1b[0m\n'}
[37.128410] (ur_calibration) StdoutLine: {'line': b'[ 50%] Built target gmock_main\n'}
[37.136680] (-) TimerEvent: {}
[37.237037] (-) TimerEvent: {}
[37.337488] (-) TimerEvent: {}
[37.437924] (-) TimerEvent: {}
[37.538367] (-) TimerEvent: {}
[37.638786] (-) TimerEvent: {}
[37.739208] (-) TimerEvent: {}
[37.839542] (-) TimerEvent: {}
[37.939966] (-) TimerEvent: {}
[38.040353] (-) TimerEvent: {}
[38.140783] (-) TimerEvent: {}
[38.241213] (-) TimerEvent: {}
[38.341508] (-) TimerEvent: {}
[38.441923] (-) TimerEvent: {}
[38.542330] (-) TimerEvent: {}
[38.642663] (-) TimerEvent: {}
[38.743082] (-) TimerEvent: {}
[38.843509] (-) TimerEvent: {}
[38.943934] (-) TimerEvent: {}
[39.044371] (-) TimerEvent: {}
[39.144807] (-) TimerEvent: {}
[39.245218] (-) TimerEvent: {}
[39.345623] (-) TimerEvent: {}
[39.445943] (-) TimerEvent: {}
[39.546271] (-) TimerEvent: {}
[39.646574] (-) TimerEvent: {}
[39.746908] (-) TimerEvent: {}
[39.847240] (-) TimerEvent: {}
[39.947637] (-) TimerEvent: {}
[40.048044] (-) TimerEvent: {}
[40.148323] (-) TimerEvent: {}
[40.248730] (-) TimerEvent: {}
[40.349107] (-) TimerEvent: {}
[40.449391] (-) TimerEvent: {}
[40.549796] (-) TimerEvent: {}
[40.650182] (-) TimerEvent: {}
[40.750493] (-) TimerEvent: {}
[40.850889] (-) TimerEvent: {}
[40.951299] (-) TimerEvent: {}
[41.051704] (-) TimerEvent: {}
[41.152110] (-) TimerEvent: {}
[41.252546] (-) TimerEvent: {}
[41.352948] (-) TimerEvent: {}
[41.453340] (-) TimerEvent: {}
[41.553694] (-) TimerEvent: {}
[41.653997] (-) TimerEvent: {}
[41.754419] (-) TimerEvent: {}
[41.833076] (ur_calibration) StdoutLine: {'line': b'[ 58%] \x1b[32m\x1b[1mLinking CXX static library libcalibration.a\x1b[0m\n'}
[41.854513] (-) TimerEvent: {}
[41.887506] (ur_calibration) StdoutLine: {'line': b'[ 58%] Built target calibration\n'}
[41.907738] (ur_calibration) StdoutLine: {'line': b'[ 66%] \x1b[32mBuilding CXX object CMakeFiles/calibration_correction.dir/src/calibration_correction.cpp.o\x1b[0m\n'}
[41.954637] (-) TimerEvent: {}
[42.054973] (-) TimerEvent: {}
[42.155299] (-) TimerEvent: {}
[42.255658] (-) TimerEvent: {}
[42.356000] (-) TimerEvent: {}
[42.443602] (ur_calibration) StdoutLine: {'line': b'[ 75%] \x1b[32m\x1b[1mLinking CXX static library libgmock.a\x1b[0m\n'}
[42.456198] (-) TimerEvent: {}
[42.507366] (ur_calibration) StdoutLine: {'line': b'[ 75%] Built target gmock\n'}
[42.527021] (ur_calibration) StdoutLine: {'line': b'[ 83%] \x1b[32mBuilding CXX object CMakeFiles/calibration_test.dir/test/calibration_test.cpp.o\x1b[0m\n'}
[42.556457] (-) TimerEvent: {}
[42.656733] (-) TimerEvent: {}
[42.757154] (-) TimerEvent: {}
[42.857442] (-) TimerEvent: {}
[42.957859] (-) TimerEvent: {}
[43.058312] (-) TimerEvent: {}
[43.158731] (-) TimerEvent: {}
[43.259157] (-) TimerEvent: {}
[43.359452] (-) TimerEvent: {}
[43.459714] (-) TimerEvent: {}
[43.559965] (-) TimerEvent: {}
[43.660224] (-) TimerEvent: {}
[43.760451] (-) TimerEvent: {}
[43.860718] (-) TimerEvent: {}
[43.961072] (-) TimerEvent: {}
[44.061315] (-) TimerEvent: {}
[44.161578] (-) TimerEvent: {}
[44.261860] (-) TimerEvent: {}
[44.362108] (-) TimerEvent: {}
[44.462320] (-) TimerEvent: {}
[44.562538] (-) TimerEvent: {}
[44.662875] (-) TimerEvent: {}
[44.763228] (-) TimerEvent: {}
[44.863458] (-) TimerEvent: {}
[44.963724] (-) TimerEvent: {}
[45.064061] (-) TimerEvent: {}
[45.164315] (-) TimerEvent: {}
[45.264545] (-) TimerEvent: {}
[45.364809] (-) TimerEvent: {}
[45.465152] (-) TimerEvent: {}
[45.565377] (-) TimerEvent: {}
[45.665642] (-) TimerEvent: {}
[45.765968] (-) TimerEvent: {}
[45.866276] (-) TimerEvent: {}
[45.937105] (ur_calibration) StdoutLine: {'line': b'[ 91%] \x1b[32m\x1b[1mLinking CXX executable calibration_correction\x1b[0m\n'}
[45.966409] (-) TimerEvent: {}
[46.066676] (-) TimerEvent: {}
[46.153590] (ur_calibration) StdoutLine: {'line': b'[ 91%] Built target calibration_correction\n'}
[46.166867] (-) TimerEvent: {}
[46.267301] (-) TimerEvent: {}
[46.367541] (-) TimerEvent: {}
[46.467857] (-) TimerEvent: {}
[46.568154] (-) TimerEvent: {}
[46.668371] (-) TimerEvent: {}
[46.768589] (-) TimerEvent: {}
[46.868907] (-) TimerEvent: {}
[46.969226] (-) TimerEvent: {}
[47.069543] (-) TimerEvent: {}
[47.169858] (-) TimerEvent: {}
[47.270176] (-) TimerEvent: {}
[47.370525] (-) TimerEvent: {}
[47.470843] (-) TimerEvent: {}
[47.571171] (-) TimerEvent: {}
[47.671501] (-) TimerEvent: {}
[47.771851] (-) TimerEvent: {}
[47.800419] (ur_calibration) StdoutLine: {'line': b'[100%] \x1b[32m\x1b[1mLinking CXX executable calibration_test\x1b[0m\n'}
[47.872054] (-) TimerEvent: {}
[47.972384] (-) TimerEvent: {}
[48.047022] (ur_calibration) StdoutLine: {'line': b'[100%] Built target calibration_test\n'}
[48.055119] (ur_calibration) CommandEnded: {'returncode': 0}
[48.055895] (ur_calibration) JobProgress: {'identifier': 'ur_calibration', 'progress': 'install'}
[48.057363] (ur_calibration) Command: {'cmd': ['/usr/bin/cmake', '--install', '/dev_ws/build/ur_calibration'], 'cwd': '/dev_ws/build/ur_calibration', 'env': OrderedDict([('HOSTNAME', 'prottay-Pulse-15-B13VFK'), ('SHLVL', '2'), ('LD_LIBRARY_PATH', '/dev_ws/install/lib:/opt/ros/humble/opt/rviz_ogre_vendor/lib:/opt/ros/humble/lib/x86_64-linux-gnu:/opt/ros/humble/lib'), ('HOME', '/home/prottay'), ('OLDPWD', '/dev_ws/src'), ('ROS_PYTHON_VERSION', '3'), ('COLORTERM', 'truecolor'), ('COLCON_PREFIX_PATH', '/dev_ws/install'), ('ROS_DISTRO', 'humble'), ('_', '/usr/bin/colcon'), ('ROS_VERSION', '2'), ('NVIDIA_DRIVER_CAPABILITIES', 'compute,display,graphics,utility,video'), ('TERM', 'xterm-256color'), ('ROS_LOCALHOST_ONLY', '1'), ('QT_X11_NO_MITSHM', '1'), ('PATH', '/dev_ws/install/bin:/opt/ros/humble/bin:/usr/local/sbin:/usr/local/bin:/usr/sbin:/usr/bin:/sbin:/bin'), ('DISPLAY', ':1'), ('LANG', 'C.UTF-8'), ('RMW_IMPLEMENTATION', 'rmw_fastrtps_cpp'), ('LS_COLORS', 'rs=0:di=01;34:ln=01;36:mh=00:pi=40;33:so=01;35:do=01;35:bd=40;33;01:cd=40;33;01:or=40;31;01:mi=00:su=37;41:sg=30;43:ca=30;41:tw=30;42:ow=34;42:st=37;44:ex=01;32:*.tar=01;31:*.tgz=01;31:*.arc=01;31:*.arj=01;31:*.taz=01;31:*.lha=01;31:*.lz4=01;31:*.lzh=01;31:*.lzma=01;31:*.tlz=01;31:*.txz=01;31:*.tzo=01;31:*.t7z=01;31:*.zip=01;31:*.z=01;31:*.dz=01;31:*.gz=01;31:*.lrz=01;31:*.lz=01;31:*.lzo=01;31:*.xz=01;31:*.zst=01;31:*.tzst=01;31:*.bz2=01;31:*.bz=01;31:*.tbz=01;31:*.tbz2=01;31:*.tz=01;31:*.deb=01;31:*.rpm=01;31:*.jar=01;31:*.war=01;31:*.ear=01;31:*.sar=01;31:*.rar=01;31:*.alz=01;31:*.ace=01;31:*.zoo=01;31:*.cpio=01;31:*.7z=01;31:*.rz=01;31:*.cab=01;31:*.wim=01;31:*.swm=01;31:*.dwm=01;31:*.esd=01;31:*.jpg=01;35:*.jpeg=01;35:*.mjpg=01;35:*.mjpeg=01;35:*.gif=01;35:*.bmp=01;35:*.pbm=01;35:*.pgm=01;35:*.ppm=01;35:*.tga=01;35:*.xbm=01;35:*.xpm=01;35:*.tif=01;35:*.tiff=01;35:*.png=01;35:*.svg=01;35:*.svgz=01;35:*.mng=01;35:*.pcx=01;35:*.mov=01;35:*.mpg=01;35:*.mpeg=01;35:*.m2v=01;35:*.mkv=01;35:*.webm=01;35:*.webp=01;35:*.ogm=01;35:*.mp4=01;35:*.m4v=01;35:*.mp4v=01;35:*.vob=01;35:*.qt=01;35:*.nuv=01;35:*.wmv=01;35:*.asf=01;35:*.rm=01;35:*.rmvb=01;35:*.flc=01;35:*.avi=01;35:*.fli=01;35:*.flv=01;35:*.gl=01;35:*.dl=01;35:*.xcf=01;35:*.xwd=01;35:*.yuv=01;35:*.cgm=01;35:*.emf=01;35:*.ogv=01;35:*.ogx=01;35:*.aac=00;36:*.au=00;36:*.flac=00;36:*.m4a=00;36:*.mid=00;36:*.midi=00;36:*.mka=00;36:*.mp3=00;36:*.mpc=00;36:*.ogg=00;36:*.ra=00;36:*.wav=00;36:*.oga=00;36:*.opus=00;36:*.spx=00;36:*.xspf=00;36:'), ('ROS_DOMAIN_ID', '0'), ('AMENT_PREFIX_PATH', '/dev_ws/install:/opt/ros/humble'), ('DEBIAN_FRONTEND', 'noninteractive'), ('TERMINATOR_UUID', 'urn:uuid:f94316ff-644a-45a6-8ebc-68eacf2d4390'), ('PWD', '/dev_ws/build/ur_calibration'), ('LC_ALL', 'C.UTF-8'), ('PYTHONPATH', '/dev_ws/install/lib/python3.10/site-packages:/dev_ws/build/easy_handeye2:/dev_ws/install/local/lib/python3.10/dist-packages:/opt/ros/humble/lib/python3.10/site-packages:/opt/ros/humble/local/lib/python3.10/dist-packages'), ('NVIDIA_VISIBLE_DEVICES', 'all'), ('COLCON', '1'), ('VTE_VERSION', '6800'), ('CMAKE_PREFIX_PATH', '/dev_ws/install:/opt/ros/humble')]), 'shell': False}
[48.062946] (ur_calibration) StdoutLine: {'line': b'-- Install configuration: "RelWithDebInfo"\n'}
[48.063037] (ur_calibration) StdoutLine: {'line': b'-- Installing: /dev_ws/install/lib/ur_calibration/calibration_correction\n'}
[48.067348] (ur_calibration) StdoutLine: {'line': b'-- Set runtime path of "/dev_ws/install/lib/ur_calibration/calibration_correction" to ""\n'}
[48.067528] (ur_calibration) StdoutLine: {'line': b'-- Up-to-date: /dev_ws/install/include\n'}
[48.067596] (ur_calibration) StdoutLine: {'line': b'-- Installing: /dev_ws/install/include/ur_calibration\n'}
[48.067633] (ur_calibration) StdoutLine: {'line': b'-- Installing: /dev_ws/install/include/ur_calibration/calibration_consumer.hpp\n'}
[48.067809] (ur_calibration) StdoutLine: {'line': b'-- Installing: /dev_ws/install/include/ur_calibration/calibration.hpp\n'}
[48.068011] (ur_calibration) StdoutLine: {'line': b'-- Installing: /dev_ws/install/share/ur_calibration/launch\n'}
[48.068076] (ur_calibration) StdoutLine: {'line': b'-- Installing: /dev_ws/install/share/ur_calibration/launch/calibration_correction.launch.py\n'}
[48.068116] (ur_calibration) StdoutLine: {'line': b'-- Installing: /dev_ws/install/share/ament_index/resource_index/package_run_dependencies/ur_calibration\n'}
[48.068158] (ur_calibration) StdoutLine: {'line': b'-- Installing: /dev_ws/install/share/ament_index/resource_index/parent_prefix_path/ur_calibration\n'}
[48.068191] (ur_calibration) StdoutLine: {'line': b'-- Installing: /dev_ws/install/share/ur_calibration/environment/ament_prefix_path.sh\n'}
[48.068227] (ur_calibration) StdoutLine: {'line': b'-- Installing: /dev_ws/install/share/ur_calibration/environment/ament_prefix_path.dsv\n'}
[48.068259] (ur_calibration) StdoutLine: {'line': b'-- Installing: /dev_ws/install/share/ur_calibration/environment/path.sh\n'}
[48.068288] (ur_calibration) StdoutLine: {'line': b'-- Installing: /dev_ws/install/share/ur_calibration/environment/path.dsv\n'}
[48.068317] (ur_calibration) StdoutLine: {'line': b'-- Installing: /dev_ws/install/share/ur_calibration/local_setup.bash\n'}
[48.068488] (ur_calibration) StdoutLine: {'line': b'-- Installing: /dev_ws/install/share/ur_calibration/local_setup.sh\n'}
[48.068536] (ur_calibration) StdoutLine: {'line': b'-- Installing: /dev_ws/install/share/ur_calibration/local_setup.zsh\n'}
[48.068568] (ur_calibration) StdoutLine: {'line': b'-- Installing: /dev_ws/install/share/ur_calibration/local_setup.dsv\n'}
[48.068603] (ur_calibration) StdoutLine: {'line': b'-- Installing: /dev_ws/install/share/ur_calibration/package.dsv\n'}
[48.068629] (ur_calibration) StdoutLine: {'line': b'-- Installing: /dev_ws/install/share/ament_index/resource_index/packages/ur_calibration\n'}
[48.068657] (ur_calibration) StdoutLine: {'line': b'-- Installing: /dev_ws/install/share/ur_calibration/cmake/ament_cmake_export_include_directories-extras.cmake\n'}
[48.068683] (ur_calibration) StdoutLine: {'line': b'-- Installing: /dev_ws/install/share/ur_calibration/cmake/ament_cmake_export_dependencies-extras.cmake\n'}
[48.068709] (ur_calibration) StdoutLine: {'line': b'-- Installing: /dev_ws/install/share/ur_calibration/cmake/ur_calibrationConfig.cmake\n'}
[48.068735] (ur_calibration) StdoutLine: {'line': b'-- Installing: /dev_ws/install/share/ur_calibration/cmake/ur_calibrationConfig-version.cmake\n'}
[48.068762] (ur_calibration) StdoutLine: {'line': b'-- Installing: /dev_ws/install/share/ur_calibration/package.xml\n'}
[48.070703] (ur_calibration) CommandEnded: {'returncode': 0}
[48.072439] (-) TimerEvent: {}
[48.089111] (ur_calibration) JobEnded: {'identifier': 'ur_calibration', 'rc': 0}
[48.089950] (ur) JobStarted: {'identifier': 'ur'}
[48.107359] (ur) JobProgress: {'identifier': 'ur', 'progress': 'cmake'}
[48.107908] (ur) Command: {'cmd': ['/usr/bin/cmake', '/dev_ws/src/moveit2-introduction/Universal_Robots_ROS2_Driver/ur', '-DCMAKE_INSTALL_PREFIX=/dev_ws/install'], 'cwd': '/dev_ws/build/ur', 'env': OrderedDict([('HOSTNAME', 'prottay-Pulse-15-B13VFK'), ('SHLVL', '2'), ('LD_LIBRARY_PATH', '/dev_ws/install/lib:/opt/ros/humble/opt/rviz_ogre_vendor/lib:/opt/ros/humble/lib/x86_64-linux-gnu:/opt/ros/humble/lib'), ('HOME', '/home/prottay'), ('OLDPWD', '/dev_ws/src'), ('ROS_PYTHON_VERSION', '3'), ('COLORTERM', 'truecolor'), ('COLCON_PREFIX_PATH', '/dev_ws/install'), ('ROS_DISTRO', 'humble'), ('_', '/usr/bin/colcon'), ('ROS_VERSION', '2'), ('NVIDIA_DRIVER_CAPABILITIES', 'compute,display,graphics,utility,video'), ('TERM', 'xterm-256color'), ('ROS_LOCALHOST_ONLY', '1'), ('QT_X11_NO_MITSHM', '1'), ('PATH', '/dev_ws/install/bin:/opt/ros/humble/bin:/usr/local/sbin:/usr/local/bin:/usr/sbin:/usr/bin:/sbin:/bin'), ('DISPLAY', ':1'), ('LANG', 'C.UTF-8'), ('RMW_IMPLEMENTATION', 'rmw_fastrtps_cpp'), ('LS_COLORS', 'rs=0:di=01;34:ln=01;36:mh=00:pi=40;33:so=01;35:do=01;35:bd=40;33;01:cd=40;33;01:or=40;31;01:mi=00:su=37;41:sg=30;43:ca=30;41:tw=30;42:ow=34;42:st=37;44:ex=01;32:*.tar=01;31:*.tgz=01;31:*.arc=01;31:*.arj=01;31:*.taz=01;31:*.lha=01;31:*.lz4=01;31:*.lzh=01;31:*.lzma=01;31:*.tlz=01;31:*.txz=01;31:*.tzo=01;31:*.t7z=01;31:*.zip=01;31:*.z=01;31:*.dz=01;31:*.gz=01;31:*.lrz=01;31:*.lz=01;31:*.lzo=01;31:*.xz=01;31:*.zst=01;31:*.tzst=01;31:*.bz2=01;31:*.bz=01;31:*.tbz=01;31:*.tbz2=01;31:*.tz=01;31:*.deb=01;31:*.rpm=01;31:*.jar=01;31:*.war=01;31:*.ear=01;31:*.sar=01;31:*.rar=01;31:*.alz=01;31:*.ace=01;31:*.zoo=01;31:*.cpio=01;31:*.7z=01;31:*.rz=01;31:*.cab=01;31:*.wim=01;31:*.swm=01;31:*.dwm=01;31:*.esd=01;31:*.jpg=01;35:*.jpeg=01;35:*.mjpg=01;35:*.mjpeg=01;35:*.gif=01;35:*.bmp=01;35:*.pbm=01;35:*.pgm=01;35:*.ppm=01;35:*.tga=01;35:*.xbm=01;35:*.xpm=01;35:*.tif=01;35:*.tiff=01;35:*.png=01;35:*.svg=01;35:*.svgz=01;35:*.mng=01;35:*.pcx=01;35:*.mov=01;35:*.mpg=01;35:*.mpeg=01;35:*.m2v=01;35:*.mkv=01;35:*.webm=01;35:*.webp=01;35:*.ogm=01;35:*.mp4=01;35:*.m4v=01;35:*.mp4v=01;35:*.vob=01;35:*.qt=01;35:*.nuv=01;35:*.wmv=01;35:*.asf=01;35:*.rm=01;35:*.rmvb=01;35:*.flc=01;35:*.avi=01;35:*.fli=01;35:*.flv=01;35:*.gl=01;35:*.dl=01;35:*.xcf=01;35:*.xwd=01;35:*.yuv=01;35:*.cgm=01;35:*.emf=01;35:*.ogv=01;35:*.ogx=01;35:*.aac=00;36:*.au=00;36:*.flac=00;36:*.m4a=00;36:*.mid=00;36:*.midi=00;36:*.mka=00;36:*.mp3=00;36:*.mpc=00;36:*.ogg=00;36:*.ra=00;36:*.wav=00;36:*.oga=00;36:*.opus=00;36:*.spx=00;36:*.xspf=00;36:'), ('ROS_DOMAIN_ID', '0'), ('AMENT_PREFIX_PATH', '/dev_ws/install:/opt/ros/humble'), ('DEBIAN_FRONTEND', 'noninteractive'), ('TERMINATOR_UUID', 'urn:uuid:f94316ff-644a-45a6-8ebc-68eacf2d4390'), ('PWD', '/dev_ws/build/ur'), ('LC_ALL', 'C.UTF-8'), ('PYTHONPATH', '/dev_ws/install/lib/python3.10/site-packages:/dev_ws/build/easy_handeye2:/dev_ws/install/local/lib/python3.10/dist-packages:/opt/ros/humble/lib/python3.10/site-packages:/opt/ros/humble/local/lib/python3.10/dist-packages'), ('NVIDIA_VISIBLE_DEVICES', 'all'), ('COLCON', '1'), ('VTE_VERSION', '6800'), ('CMAKE_PREFIX_PATH', '/dev_ws/install:/opt/ros/humble')]), 'shell': False}
[48.172547] (-) TimerEvent: {}
[48.192407] (ur) StdoutLine: {'line': b'-- The C compiler identification is GNU 11.4.0\n'}
[48.258896] (ur) StdoutLine: {'line': b'-- The CXX compiler identification is GNU 11.4.0\n'}
[48.264077] (ur) StdoutLine: {'line': b'-- Detecting C compiler ABI info\n'}
[48.272749] (-) TimerEvent: {}
[48.373106] (-) TimerEvent: {}
[48.381040] (ur) StdoutLine: {'line': b'-- Detecting C compiler ABI info - done\n'}
[48.385963] (ur) StdoutLine: {'line': b'-- Check for working C compiler: /usr/bin/cc - skipped\n'}
[48.386044] (ur) StdoutLine: {'line': b'-- Detecting C compile features\n'}
[48.386294] (ur) StdoutLine: {'line': b'-- Detecting C compile features - done\n'}
[48.388409] (ur) StdoutLine: {'line': b'-- Detecting CXX compiler ABI info\n'}
[48.473399] (-) TimerEvent: {}
[48.499041] (ur) StdoutLine: {'line': b'-- Detecting CXX compiler ABI info - done\n'}
[48.505897] (ur) StdoutLine: {'line': b'-- Check for working CXX compiler: /usr/bin/c++ - skipped\n'}
[48.506027] (ur) StdoutLine: {'line': b'-- Detecting CXX compile features\n'}
[48.506441] (ur) StdoutLine: {'line': b'-- Detecting CXX compile features - done\n'}
[48.508387] (ur) StdoutLine: {'line': b'-- Found ament_cmake: 1.3.11 (/opt/ros/humble/share/ament_cmake/cmake)\n'}
[48.573614] (-) TimerEvent: {}
[48.662242] (ur) StdoutLine: {'line': b'-- Found Python3: /usr/bin/python3 (found version "3.10.12") found components: Interpreter \n'}
[48.673707] (-) TimerEvent: {}
[48.731074] (ur) StdoutLine: {'line': b'-- Found ament_lint_auto: 0.12.12 (/opt/ros/humble/share/ament_lint_auto/cmake)\n'}
[48.773891] (-) TimerEvent: {}
[48.787165] (ur) StdoutLine: {'line': b"-- Added test 'lint_cmake' to check CMake code style\n"}
[48.787713] (ur) StdoutLine: {'line': b"-- Added test 'xmllint' to check XML markup files\n"}
[48.788525] (ur) StdoutLine: {'line': b'-- Configuring done\n'}
[48.790739] (ur) StdoutLine: {'line': b'-- Generating done\n'}
[48.792205] (ur) StdoutLine: {'line': b'-- Build files have been written to: /dev_ws/build/ur\n'}
[48.794920] (ur) CommandEnded: {'returncode': 0}
[48.795757] (ur) JobProgress: {'identifier': 'ur', 'progress': 'build'}
[48.795787] (ur) Command: {'cmd': ['/usr/bin/cmake', '--build', '/dev_ws/build/ur', '--', '-j20', '-l20'], 'cwd': '/dev_ws/build/ur', 'env': OrderedDict([('HOSTNAME', 'prottay-Pulse-15-B13VFK'), ('SHLVL', '2'), ('LD_LIBRARY_PATH', '/dev_ws/install/lib:/opt/ros/humble/opt/rviz_ogre_vendor/lib:/opt/ros/humble/lib/x86_64-linux-gnu:/opt/ros/humble/lib'), ('HOME', '/home/prottay'), ('OLDPWD', '/dev_ws/src'), ('ROS_PYTHON_VERSION', '3'), ('COLORTERM', 'truecolor'), ('COLCON_PREFIX_PATH', '/dev_ws/install'), ('ROS_DISTRO', 'humble'), ('_', '/usr/bin/colcon'), ('ROS_VERSION', '2'), ('NVIDIA_DRIVER_CAPABILITIES', 'compute,display,graphics,utility,video'), ('TERM', 'xterm-256color'), ('ROS_LOCALHOST_ONLY', '1'), ('QT_X11_NO_MITSHM', '1'), ('PATH', '/dev_ws/install/bin:/opt/ros/humble/bin:/usr/local/sbin:/usr/local/bin:/usr/sbin:/usr/bin:/sbin:/bin'), ('DISPLAY', ':1'), ('LANG', 'C.UTF-8'), ('RMW_IMPLEMENTATION', 'rmw_fastrtps_cpp'), ('LS_COLORS', 'rs=0:di=01;34:ln=01;36:mh=00:pi=40;33:so=01;35:do=01;35:bd=40;33;01:cd=40;33;01:or=40;31;01:mi=00:su=37;41:sg=30;43:ca=30;41:tw=30;42:ow=34;42:st=37;44:ex=01;32:*.tar=01;31:*.tgz=01;31:*.arc=01;31:*.arj=01;31:*.taz=01;31:*.lha=01;31:*.lz4=01;31:*.lzh=01;31:*.lzma=01;31:*.tlz=01;31:*.txz=01;31:*.tzo=01;31:*.t7z=01;31:*.zip=01;31:*.z=01;31:*.dz=01;31:*.gz=01;31:*.lrz=01;31:*.lz=01;31:*.lzo=01;31:*.xz=01;31:*.zst=01;31:*.tzst=01;31:*.bz2=01;31:*.bz=01;31:*.tbz=01;31:*.tbz2=01;31:*.tz=01;31:*.deb=01;31:*.rpm=01;31:*.jar=01;31:*.war=01;31:*.ear=01;31:*.sar=01;31:*.rar=01;31:*.alz=01;31:*.ace=01;31:*.zoo=01;31:*.cpio=01;31:*.7z=01;31:*.rz=01;31:*.cab=01;31:*.wim=01;31:*.swm=01;31:*.dwm=01;31:*.esd=01;31:*.jpg=01;35:*.jpeg=01;35:*.mjpg=01;35:*.mjpeg=01;35:*.gif=01;35:*.bmp=01;35:*.pbm=01;35:*.pgm=01;35:*.ppm=01;35:*.tga=01;35:*.xbm=01;35:*.xpm=01;35:*.tif=01;35:*.tiff=01;35:*.png=01;35:*.svg=01;35:*.svgz=01;35:*.mng=01;35:*.pcx=01;35:*.mov=01;35:*.mpg=01;35:*.mpeg=01;35:*.m2v=01;35:*.mkv=01;35:*.webm=01;35:*.webp=01;35:*.ogm=01;35:*.mp4=01;35:*.m4v=01;35:*.mp4v=01;35:*.vob=01;35:*.qt=01;35:*.nuv=01;35:*.wmv=01;35:*.asf=01;35:*.rm=01;35:*.rmvb=01;35:*.flc=01;35:*.avi=01;35:*.fli=01;35:*.flv=01;35:*.gl=01;35:*.dl=01;35:*.xcf=01;35:*.xwd=01;35:*.yuv=01;35:*.cgm=01;35:*.emf=01;35:*.ogv=01;35:*.ogx=01;35:*.aac=00;36:*.au=00;36:*.flac=00;36:*.m4a=00;36:*.mid=00;36:*.midi=00;36:*.mka=00;36:*.mp3=00;36:*.mpc=00;36:*.ogg=00;36:*.ra=00;36:*.wav=00;36:*.oga=00;36:*.opus=00;36:*.spx=00;36:*.xspf=00;36:'), ('ROS_DOMAIN_ID', '0'), ('AMENT_PREFIX_PATH', '/dev_ws/install:/opt/ros/humble'), ('DEBIAN_FRONTEND', 'noninteractive'), ('TERMINATOR_UUID', 'urn:uuid:f94316ff-644a-45a6-8ebc-68eacf2d4390'), ('PWD', '/dev_ws/build/ur'), ('LC_ALL', 'C.UTF-8'), ('PYTHONPATH', '/dev_ws/install/lib/python3.10/site-packages:/dev_ws/build/easy_handeye2:/dev_ws/install/local/lib/python3.10/dist-packages:/opt/ros/humble/lib/python3.10/site-packages:/opt/ros/humble/local/lib/python3.10/dist-packages'), ('NVIDIA_VISIBLE_DEVICES', 'all'), ('COLCON', '1'), ('VTE_VERSION', '6800'), ('CMAKE_PREFIX_PATH', '/dev_ws/install:/opt/ros/humble')]), 'shell': False}
[48.835427] (ur) CommandEnded: {'returncode': 0}
[48.836866] (ur) JobProgress: {'identifier': 'ur', 'progress': 'install'}
[48.839315] (ur) Command: {'cmd': ['/usr/bin/cmake', '--install', '/dev_ws/build/ur'], 'cwd': '/dev_ws/build/ur', 'env': OrderedDict([('HOSTNAME', 'prottay-Pulse-15-B13VFK'), ('SHLVL', '2'), ('LD_LIBRARY_PATH', '/dev_ws/install/lib:/opt/ros/humble/opt/rviz_ogre_vendor/lib:/opt/ros/humble/lib/x86_64-linux-gnu:/opt/ros/humble/lib'), ('HOME', '/home/prottay'), ('OLDPWD', '/dev_ws/src'), ('ROS_PYTHON_VERSION', '3'), ('COLORTERM', 'truecolor'), ('COLCON_PREFIX_PATH', '/dev_ws/install'), ('ROS_DISTRO', 'humble'), ('_', '/usr/bin/colcon'), ('ROS_VERSION', '2'), ('NVIDIA_DRIVER_CAPABILITIES', 'compute,display,graphics,utility,video'), ('TERM', 'xterm-256color'), ('ROS_LOCALHOST_ONLY', '1'), ('QT_X11_NO_MITSHM', '1'), ('PATH', '/dev_ws/install/bin:/opt/ros/humble/bin:/usr/local/sbin:/usr/local/bin:/usr/sbin:/usr/bin:/sbin:/bin'), ('DISPLAY', ':1'), ('LANG', 'C.UTF-8'), ('RMW_IMPLEMENTATION', 'rmw_fastrtps_cpp'), ('LS_COLORS', 'rs=0:di=01;34:ln=01;36:mh=00:pi=40;33:so=01;35:do=01;35:bd=40;33;01:cd=40;33;01:or=40;31;01:mi=00:su=37;41:sg=30;43:ca=30;41:tw=30;42:ow=34;42:st=37;44:ex=01;32:*.tar=01;31:*.tgz=01;31:*.arc=01;31:*.arj=01;31:*.taz=01;31:*.lha=01;31:*.lz4=01;31:*.lzh=01;31:*.lzma=01;31:*.tlz=01;31:*.txz=01;31:*.tzo=01;31:*.t7z=01;31:*.zip=01;31:*.z=01;31:*.dz=01;31:*.gz=01;31:*.lrz=01;31:*.lz=01;31:*.lzo=01;31:*.xz=01;31:*.zst=01;31:*.tzst=01;31:*.bz2=01;31:*.bz=01;31:*.tbz=01;31:*.tbz2=01;31:*.tz=01;31:*.deb=01;31:*.rpm=01;31:*.jar=01;31:*.war=01;31:*.ear=01;31:*.sar=01;31:*.rar=01;31:*.alz=01;31:*.ace=01;31:*.zoo=01;31:*.cpio=01;31:*.7z=01;31:*.rz=01;31:*.cab=01;31:*.wim=01;31:*.swm=01;31:*.dwm=01;31:*.esd=01;31:*.jpg=01;35:*.jpeg=01;35:*.mjpg=01;35:*.mjpeg=01;35:*.gif=01;35:*.bmp=01;35:*.pbm=01;35:*.pgm=01;35:*.ppm=01;35:*.tga=01;35:*.xbm=01;35:*.xpm=01;35:*.tif=01;35:*.tiff=01;35:*.png=01;35:*.svg=01;35:*.svgz=01;35:*.mng=01;35:*.pcx=01;35:*.mov=01;35:*.mpg=01;35:*.mpeg=01;35:*.m2v=01;35:*.mkv=01;35:*.webm=01;35:*.webp=01;35:*.ogm=01;35:*.mp4=01;35:*.m4v=01;35:*.mp4v=01;35:*.vob=01;35:*.qt=01;35:*.nuv=01;35:*.wmv=01;35:*.asf=01;35:*.rm=01;35:*.rmvb=01;35:*.flc=01;35:*.avi=01;35:*.fli=01;35:*.flv=01;35:*.gl=01;35:*.dl=01;35:*.xcf=01;35:*.xwd=01;35:*.yuv=01;35:*.cgm=01;35:*.emf=01;35:*.ogv=01;35:*.ogx=01;35:*.aac=00;36:*.au=00;36:*.flac=00;36:*.m4a=00;36:*.mid=00;36:*.midi=00;36:*.mka=00;36:*.mp3=00;36:*.mpc=00;36:*.ogg=00;36:*.ra=00;36:*.wav=00;36:*.oga=00;36:*.opus=00;36:*.spx=00;36:*.xspf=00;36:'), ('ROS_DOMAIN_ID', '0'), ('AMENT_PREFIX_PATH', '/dev_ws/install:/opt/ros/humble'), ('DEBIAN_FRONTEND', 'noninteractive'), ('TERMINATOR_UUID', 'urn:uuid:f94316ff-644a-45a6-8ebc-68eacf2d4390'), ('PWD', '/dev_ws/build/ur'), ('LC_ALL', 'C.UTF-8'), ('PYTHONPATH', '/dev_ws/install/lib/python3.10/site-packages:/dev_ws/build/easy_handeye2:/dev_ws/install/local/lib/python3.10/dist-packages:/opt/ros/humble/lib/python3.10/site-packages:/opt/ros/humble/local/lib/python3.10/dist-packages'), ('NVIDIA_VISIBLE_DEVICES', 'all'), ('COLCON', '1'), ('VTE_VERSION', '6800'), ('CMAKE_PREFIX_PATH', '/dev_ws/install:/opt/ros/humble')]), 'shell': False}
[48.856209] (ur) StdoutLine: {'line': b'-- Install configuration: ""\n'}
[48.856497] (ur) StdoutLine: {'line': b'-- Installing: /dev_ws/install/share/ament_index/resource_index/package_run_dependencies/ur\n'}
[48.856789] (ur) StdoutLine: {'line': b'-- Installing: /dev_ws/install/share/ament_index/resource_index/parent_prefix_path/ur\n'}
[48.857255] (ur) StdoutLine: {'line': b'-- Installing: /dev_ws/install/share/ur/environment/ament_prefix_path.sh\n'}
[48.857489] (ur) StdoutLine: {'line': b'-- Installing: /dev_ws/install/share/ur/environment/ament_prefix_path.dsv\n'}
[48.857684] (ur) StdoutLine: {'line': b'-- Installing: /dev_ws/install/share/ur/environment/path.sh\n'}
[48.857850] (ur) StdoutLine: {'line': b'-- Installing: /dev_ws/install/share/ur/environment/path.dsv\n'}
[48.857932] (ur) StdoutLine: {'line': b'-- Installing: /dev_ws/install/share/ur/local_setup.bash\n'}
[48.858009] (ur) StdoutLine: {'line': b'-- Installing: /dev_ws/install/share/ur/local_setup.sh\n'}
[48.858130] (ur) StdoutLine: {'line': b'-- Installing: /dev_ws/install/share/ur/local_setup.zsh\n'}
[48.858238] (ur) StdoutLine: {'line': b'-- Installing: /dev_ws/install/share/ur/local_setup.dsv\n'}
[48.858352] (ur) StdoutLine: {'line': b'-- Installing: /dev_ws/install/share/ur/package.dsv\n'}
[48.858476] (ur) StdoutLine: {'line': b'-- Installing: /dev_ws/install/share/ament_index/resource_index/packages/ur\n'}
[48.858659] (ur) StdoutLine: {'line': b'-- Installing: /dev_ws/install/share/ur/cmake/urConfig.cmake\n'}
[48.858794] (ur) StdoutLine: {'line': b'-- Installing: /dev_ws/install/share/ur/cmake/urConfig-version.cmake\n'}
[48.858941] (ur) StdoutLine: {'line': b'-- Installing: /dev_ws/install/share/ur/package.xml\n'}
[48.860917] (ur) CommandEnded: {'returncode': 0}
[48.874033] (-) TimerEvent: {}
[48.890079] (ur) JobEnded: {'identifier': 'ur', 'rc': 0}
[48.890308] (-) EventReactorShutdown: {}
