[0.066s] DEBUG:colcon:Command line arguments: ['/usr/bin/colcon', 'build', '--merge-install']
[0.066s] DEBUG:colcon:Parsed command line arguments: Namespace(log_base=None, log_level=None, verb_name='build', build_base='build', install_base='install', merge_install=True, symlink_install=False, test_result_base=None, continue_on_error=False, executor='parallel', parallel_workers=20, event_handlers=None, ignore_user_meta=False, metas=['./colcon.meta'], base_paths=['.'], packages_ignore=None, packages_ignore_regex=None, paths=None, packages_up_to=None, packages_up_to_regex=None, packages_above=None, packages_above_and_dependencies=None, packages_above_depth=None, packages_select_by_dep=None, packages_skip_by_dep=None, packages_skip_up_to=None, packages_select_build_failed=False, packages_skip_build_finished=False, packages_select_test_failures=False, packages_skip_test_passed=False, packages_select=None, packages_skip=None, packages_select_regex=None, packages_skip_regex=None, packages_start=None, packages_end=None, cmake_args=None, cmake_target=None, cmake_target_skip_unavailable=False, cmake_clean_cache=False, cmake_clean_first=False, cmake_force_configure=False, ament_cmake_args=None, catkin_cmake_args=None, catkin_skip_building_tests=False, mixin_files=None, mixin=None, verb_parser=<colcon_mixin.mixin.mixin_argument.MixinArgumentDecorator object at 0x77c82b13db10>, verb_extension=<colcon_core.verb.build.BuildVerb object at 0x77c82b13d090>, main=<bound method BuildVerb.main of <colcon_core.verb.build.BuildVerb object at 0x77c82b13d090>>, mixin_verb=('build',))
[0.162s] Level 1:colcon.colcon_core.package_discovery:discover_packages(colcon_meta) check parameters
[0.162s] Level 1:colcon.colcon_core.package_discovery:discover_packages(recursive) check parameters
[0.162s] Level 1:colcon.colcon_core.package_discovery:discover_packages(ignore) check parameters
[0.162s] Level 1:colcon.colcon_core.package_discovery:discover_packages(path) check parameters
[0.163s] Level 1:colcon.colcon_core.package_discovery:discover_packages(colcon_meta) discover
[0.163s] Level 1:colcon.colcon_core.package_discovery:discover_packages(recursive) discover
[0.163s] INFO:colcon.colcon_core.package_discovery:Crawling recursively for packages in '/dev_ws'
[0.163s] Level 1:colcon.colcon_core.package_identification:_identify(.) by extensions ['ignore', 'ignore_ament_install']
[0.163s] Level 1:colcon.colcon_core.package_identification:_identify(.) by extension 'ignore'
[0.163s] Level 1:colcon.colcon_core.package_identification:_identify(.) by extension 'ignore_ament_install'
[0.163s] Level 1:colcon.colcon_core.package_identification:_identify(.) by extensions ['colcon_pkg']
[0.163s] Level 1:colcon.colcon_core.package_identification:_identify(.) by extension 'colcon_pkg'
[0.163s] Level 1:colcon.colcon_core.package_identification:_identify(.) by extensions ['colcon_meta']
[0.163s] Level 1:colcon.colcon_core.package_identification:_identify(.) by extension 'colcon_meta'
[0.163s] Level 1:colcon.colcon_core.package_identification:_identify(.) by extensions ['ros']
[0.163s] Level 1:colcon.colcon_core.package_identification:_identify(.) by extension 'ros'
[0.170s] Level 1:colcon.colcon_core.package_identification:_identify(.) by extensions ['cmake', 'python']
[0.170s] Level 1:colcon.colcon_core.package_identification:_identify(.) by extension 'cmake'
[0.170s] Level 1:colcon.colcon_core.package_identification:_identify(.) by extension 'python'
[0.170s] Level 1:colcon.colcon_core.package_identification:_identify(.) by extensions ['python_setup_py']
[0.170s] Level 1:colcon.colcon_core.package_identification:_identify(.) by extension 'python_setup_py'
[0.170s] Level 1:colcon.colcon_core.package_identification:_identify(build) by extensions ['ignore', 'ignore_ament_install']
[0.170s] Level 1:colcon.colcon_core.package_identification:_identify(build) by extension 'ignore'
[0.170s] Level 1:colcon.colcon_core.package_identification:_identify(build) ignored
[0.170s] Level 1:colcon.colcon_core.package_identification:_identify(install) by extensions ['ignore', 'ignore_ament_install']
[0.170s] Level 1:colcon.colcon_core.package_identification:_identify(install) by extension 'ignore'
[0.170s] Level 1:colcon.colcon_core.package_identification:_identify(install) ignored
[0.171s] Level 1:colcon.colcon_core.package_identification:_identify(log) by extensions ['ignore', 'ignore_ament_install']
[0.171s] Level 1:colcon.colcon_core.package_identification:_identify(log) by extension 'ignore'
[0.171s] Level 1:colcon.colcon_core.package_identification:_identify(log) ignored
[0.171s] Level 1:colcon.colcon_core.package_identification:_identify(src) by extensions ['ignore', 'ignore_ament_install']
[0.171s] Level 1:colcon.colcon_core.package_identification:_identify(src) by extension 'ignore'
[0.171s] Level 1:colcon.colcon_core.package_identification:_identify(src) by extension 'ignore_ament_install'
[0.171s] Level 1:colcon.colcon_core.package_identification:_identify(src) by extensions ['colcon_pkg']
[0.171s] Level 1:colcon.colcon_core.package_identification:_identify(src) by extension 'colcon_pkg'
[0.171s] Level 1:colcon.colcon_core.package_identification:_identify(src) by extensions ['colcon_meta']
[0.171s] Level 1:colcon.colcon_core.package_identification:_identify(src) by extension 'colcon_meta'
[0.171s] Level 1:colcon.colcon_core.package_identification:_identify(src) by extensions ['ros']
[0.171s] Level 1:colcon.colcon_core.package_identification:_identify(src) by extension 'ros'
[0.171s] Level 1:colcon.colcon_core.package_identification:_identify(src) by extensions ['cmake', 'python']
[0.171s] Level 1:colcon.colcon_core.package_identification:_identify(src) by extension 'cmake'
[0.171s] Level 1:colcon.colcon_core.package_identification:_identify(src) by extension 'python'
[0.171s] Level 1:colcon.colcon_core.package_identification:_identify(src) by extensions ['python_setup_py']
[0.171s] Level 1:colcon.colcon_core.package_identification:_identify(src) by extension 'python_setup_py'
[0.171s] Level 1:colcon.colcon_core.package_identification:_identify(src/easy_handeye2) by extensions ['ignore', 'ignore_ament_install']
[0.171s] Level 1:colcon.colcon_core.package_identification:_identify(src/easy_handeye2) by extension 'ignore'
[0.171s] Level 1:colcon.colcon_core.package_identification:_identify(src/easy_handeye2) by extension 'ignore_ament_install'
[0.171s] Level 1:colcon.colcon_core.package_identification:_identify(src/easy_handeye2) by extensions ['colcon_pkg']
[0.171s] Level 1:colcon.colcon_core.package_identification:_identify(src/easy_handeye2) by extension 'colcon_pkg'
[0.171s] Level 1:colcon.colcon_core.package_identification:_identify(src/easy_handeye2) by extensions ['colcon_meta']
[0.171s] Level 1:colcon.colcon_core.package_identification:_identify(src/easy_handeye2) by extension 'colcon_meta'
[0.171s] Level 1:colcon.colcon_core.package_identification:_identify(src/easy_handeye2) by extensions ['ros']
[0.171s] Level 1:colcon.colcon_core.package_identification:_identify(src/easy_handeye2) by extension 'ros'
[0.171s] Level 1:colcon.colcon_core.package_identification:_identify(src/easy_handeye2) by extensions ['cmake', 'python']
[0.171s] Level 1:colcon.colcon_core.package_identification:_identify(src/easy_handeye2) by extension 'cmake'
[0.171s] Level 1:colcon.colcon_core.package_identification:_identify(src/easy_handeye2) by extension 'python'
[0.171s] Level 1:colcon.colcon_core.package_identification:_identify(src/easy_handeye2) by extensions ['python_setup_py']
[0.171s] Level 1:colcon.colcon_core.package_identification:_identify(src/easy_handeye2) by extension 'python_setup_py'
[0.171s] Level 1:colcon.colcon_core.package_identification:_identify(src/easy_handeye2/docs) by extensions ['ignore', 'ignore_ament_install']
[0.171s] Level 1:colcon.colcon_core.package_identification:_identify(src/easy_handeye2/docs) by extension 'ignore'
[0.171s] Level 1:colcon.colcon_core.package_identification:_identify(src/easy_handeye2/docs) by extension 'ignore_ament_install'
[0.171s] Level 1:colcon.colcon_core.package_identification:_identify(src/easy_handeye2/docs) by extensions ['colcon_pkg']
[0.171s] Level 1:colcon.colcon_core.package_identification:_identify(src/easy_handeye2/docs) by extension 'colcon_pkg'
[0.172s] Level 1:colcon.colcon_core.package_identification:_identify(src/easy_handeye2/docs) by extensions ['colcon_meta']
[0.172s] Level 1:colcon.colcon_core.package_identification:_identify(src/easy_handeye2/docs) by extension 'colcon_meta'
[0.172s] Level 1:colcon.colcon_core.package_identification:_identify(src/easy_handeye2/docs) by extensions ['ros']
[0.172s] Level 1:colcon.colcon_core.package_identification:_identify(src/easy_handeye2/docs) by extension 'ros'
[0.172s] Level 1:colcon.colcon_core.package_identification:_identify(src/easy_handeye2/docs) by extensions ['cmake', 'python']
[0.172s] Level 1:colcon.colcon_core.package_identification:_identify(src/easy_handeye2/docs) by extension 'cmake'
[0.172s] Level 1:colcon.colcon_core.package_identification:_identify(src/easy_handeye2/docs) by extension 'python'
[0.172s] Level 1:colcon.colcon_core.package_identification:_identify(src/easy_handeye2/docs) by extensions ['python_setup_py']
[0.172s] Level 1:colcon.colcon_core.package_identification:_identify(src/easy_handeye2/docs) by extension 'python_setup_py'
[0.172s] Level 1:colcon.colcon_core.package_identification:_identify(src/easy_handeye2/docs/img) by extensions ['ignore', 'ignore_ament_install']
[0.172s] Level 1:colcon.colcon_core.package_identification:_identify(src/easy_handeye2/docs/img) by extension 'ignore'
[0.172s] Level 1:colcon.colcon_core.package_identification:_identify(src/easy_handeye2/docs/img) by extension 'ignore_ament_install'
[0.172s] Level 1:colcon.colcon_core.package_identification:_identify(src/easy_handeye2/docs/img) by extensions ['colcon_pkg']
[0.172s] Level 1:colcon.colcon_core.package_identification:_identify(src/easy_handeye2/docs/img) by extension 'colcon_pkg'
[0.172s] Level 1:colcon.colcon_core.package_identification:_identify(src/easy_handeye2/docs/img) by extensions ['colcon_meta']
[0.172s] Level 1:colcon.colcon_core.package_identification:_identify(src/easy_handeye2/docs/img) by extension 'colcon_meta'
[0.172s] Level 1:colcon.colcon_core.package_identification:_identify(src/easy_handeye2/docs/img) by extensions ['ros']
[0.172s] Level 1:colcon.colcon_core.package_identification:_identify(src/easy_handeye2/docs/img) by extension 'ros'
[0.172s] Level 1:colcon.colcon_core.package_identification:_identify(src/easy_handeye2/docs/img) by extensions ['cmake', 'python']
[0.172s] Level 1:colcon.colcon_core.package_identification:_identify(src/easy_handeye2/docs/img) by extension 'cmake'
[0.172s] Level 1:colcon.colcon_core.package_identification:_identify(src/easy_handeye2/docs/img) by extension 'python'
[0.172s] Level 1:colcon.colcon_core.package_identification:_identify(src/easy_handeye2/docs/img) by extensions ['python_setup_py']
[0.172s] Level 1:colcon.colcon_core.package_identification:_identify(src/easy_handeye2/docs/img) by extension 'python_setup_py'
[0.172s] Level 1:colcon.colcon_core.package_identification:_identify(src/easy_handeye2/easy_handeye2) by extensions ['ignore', 'ignore_ament_install']
[0.172s] Level 1:colcon.colcon_core.package_identification:_identify(src/easy_handeye2/easy_handeye2) by extension 'ignore'
[0.172s] Level 1:colcon.colcon_core.package_identification:_identify(src/easy_handeye2/easy_handeye2) by extension 'ignore_ament_install'
[0.172s] Level 1:colcon.colcon_core.package_identification:_identify(src/easy_handeye2/easy_handeye2) by extensions ['colcon_pkg']
[0.172s] Level 1:colcon.colcon_core.package_identification:_identify(src/easy_handeye2/easy_handeye2) by extension 'colcon_pkg'
[0.172s] Level 1:colcon.colcon_core.package_identification:_identify(src/easy_handeye2/easy_handeye2) by extensions ['colcon_meta']
[0.172s] Level 1:colcon.colcon_core.package_identification:_identify(src/easy_handeye2/easy_handeye2) by extension 'colcon_meta'
[0.172s] Level 1:colcon.colcon_core.package_identification:_identify(src/easy_handeye2/easy_handeye2) by extensions ['ros']
[0.172s] Level 1:colcon.colcon_core.package_identification:_identify(src/easy_handeye2/easy_handeye2) by extension 'ros'
[0.174s] DEBUG:colcon.colcon_core.package_identification:Package 'src/easy_handeye2/easy_handeye2' with type 'ros.ament_python' and name 'easy_handeye2'
[0.174s] Level 1:colcon.colcon_core.package_identification:_identify(src/easy_handeye2/easy_handeye2_msgs) by extensions ['ignore', 'ignore_ament_install']
[0.174s] Level 1:colcon.colcon_core.package_identification:_identify(src/easy_handeye2/easy_handeye2_msgs) by extension 'ignore'
[0.174s] Level 1:colcon.colcon_core.package_identification:_identify(src/easy_handeye2/easy_handeye2_msgs) by extension 'ignore_ament_install'
[0.174s] Level 1:colcon.colcon_core.package_identification:_identify(src/easy_handeye2/easy_handeye2_msgs) by extensions ['colcon_pkg']
[0.174s] Level 1:colcon.colcon_core.package_identification:_identify(src/easy_handeye2/easy_handeye2_msgs) by extension 'colcon_pkg'
[0.174s] Level 1:colcon.colcon_core.package_identification:_identify(src/easy_handeye2/easy_handeye2_msgs) by extensions ['colcon_meta']
[0.174s] Level 1:colcon.colcon_core.package_identification:_identify(src/easy_handeye2/easy_handeye2_msgs) by extension 'colcon_meta'
[0.174s] Level 1:colcon.colcon_core.package_identification:_identify(src/easy_handeye2/easy_handeye2_msgs) by extensions ['ros']
[0.174s] Level 1:colcon.colcon_core.package_identification:_identify(src/easy_handeye2/easy_handeye2_msgs) by extension 'ros'
[0.175s] DEBUG:colcon.colcon_core.package_identification:Package 'src/easy_handeye2/easy_handeye2_msgs' with type 'ros.ament_cmake' and name 'easy_handeye2_msgs'
[0.175s] Level 1:colcon.colcon_core.package_identification:_identify(src/moveit2-introduction) by extensions ['ignore', 'ignore_ament_install']
[0.175s] Level 1:colcon.colcon_core.package_identification:_identify(src/moveit2-introduction) by extension 'ignore'
[0.175s] Level 1:colcon.colcon_core.package_identification:_identify(src/moveit2-introduction) by extension 'ignore_ament_install'
[0.175s] Level 1:colcon.colcon_core.package_identification:_identify(src/moveit2-introduction) by extensions ['colcon_pkg']
[0.175s] Level 1:colcon.colcon_core.package_identification:_identify(src/moveit2-introduction) by extension 'colcon_pkg'
[0.175s] Level 1:colcon.colcon_core.package_identification:_identify(src/moveit2-introduction) by extensions ['colcon_meta']
[0.175s] Level 1:colcon.colcon_core.package_identification:_identify(src/moveit2-introduction) by extension 'colcon_meta'
[0.175s] Level 1:colcon.colcon_core.package_identification:_identify(src/moveit2-introduction) by extensions ['ros']
[0.175s] Level 1:colcon.colcon_core.package_identification:_identify(src/moveit2-introduction) by extension 'ros'
[0.175s] Level 1:colcon.colcon_core.package_identification:_identify(src/moveit2-introduction) by extensions ['cmake', 'python']
[0.175s] Level 1:colcon.colcon_core.package_identification:_identify(src/moveit2-introduction) by extension 'cmake'
[0.175s] Level 1:colcon.colcon_core.package_identification:_identify(src/moveit2-introduction) by extension 'python'
[0.175s] Level 1:colcon.colcon_core.package_identification:_identify(src/moveit2-introduction) by extensions ['python_setup_py']
[0.175s] Level 1:colcon.colcon_core.package_identification:_identify(src/moveit2-introduction) by extension 'python_setup_py'
[0.175s] Level 1:colcon.colcon_core.package_identification:_identify(src/moveit2-introduction/Universal_Robots_ROS2_Driver) by extensions ['ignore', 'ignore_ament_install']
[0.175s] Level 1:colcon.colcon_core.package_identification:_identify(src/moveit2-introduction/Universal_Robots_ROS2_Driver) by extension 'ignore'
[0.175s] Level 1:colcon.colcon_core.package_identification:_identify(src/moveit2-introduction/Universal_Robots_ROS2_Driver) by extension 'ignore_ament_install'
[0.175s] Level 1:colcon.colcon_core.package_identification:_identify(src/moveit2-introduction/Universal_Robots_ROS2_Driver) by extensions ['colcon_pkg']
[0.175s] Level 1:colcon.colcon_core.package_identification:_identify(src/moveit2-introduction/Universal_Robots_ROS2_Driver) by extension 'colcon_pkg'
[0.175s] Level 1:colcon.colcon_core.package_identification:_identify(src/moveit2-introduction/Universal_Robots_ROS2_Driver) by extensions ['colcon_meta']
[0.175s] Level 1:colcon.colcon_core.package_identification:_identify(src/moveit2-introduction/Universal_Robots_ROS2_Driver) by extension 'colcon_meta'
[0.175s] Level 1:colcon.colcon_core.package_identification:_identify(src/moveit2-introduction/Universal_Robots_ROS2_Driver) by extensions ['ros']
[0.175s] Level 1:colcon.colcon_core.package_identification:_identify(src/moveit2-introduction/Universal_Robots_ROS2_Driver) by extension 'ros'
[0.175s] Level 1:colcon.colcon_core.package_identification:_identify(src/moveit2-introduction/Universal_Robots_ROS2_Driver) by extensions ['cmake', 'python']
[0.175s] Level 1:colcon.colcon_core.package_identification:_identify(src/moveit2-introduction/Universal_Robots_ROS2_Driver) by extension 'cmake'
[0.175s] Level 1:colcon.colcon_core.package_identification:_identify(src/moveit2-introduction/Universal_Robots_ROS2_Driver) by extension 'python'
[0.175s] Level 1:colcon.colcon_core.package_identification:_identify(src/moveit2-introduction/Universal_Robots_ROS2_Driver) by extensions ['python_setup_py']
[0.175s] Level 1:colcon.colcon_core.package_identification:_identify(src/moveit2-introduction/Universal_Robots_ROS2_Driver) by extension 'python_setup_py'
[0.176s] Level 1:colcon.colcon_core.package_identification:_identify(src/moveit2-introduction/Universal_Robots_ROS2_Driver/ur) by extensions ['ignore', 'ignore_ament_install']
[0.176s] Level 1:colcon.colcon_core.package_identification:_identify(src/moveit2-introduction/Universal_Robots_ROS2_Driver/ur) by extension 'ignore'
[0.176s] Level 1:colcon.colcon_core.package_identification:_identify(src/moveit2-introduction/Universal_Robots_ROS2_Driver/ur) by extension 'ignore_ament_install'
[0.176s] Level 1:colcon.colcon_core.package_identification:_identify(src/moveit2-introduction/Universal_Robots_ROS2_Driver/ur) by extensions ['colcon_pkg']
[0.176s] Level 1:colcon.colcon_core.package_identification:_identify(src/moveit2-introduction/Universal_Robots_ROS2_Driver/ur) by extension 'colcon_pkg'
[0.176s] Level 1:colcon.colcon_core.package_identification:_identify(src/moveit2-introduction/Universal_Robots_ROS2_Driver/ur) by extensions ['colcon_meta']
[0.176s] Level 1:colcon.colcon_core.package_identification:_identify(src/moveit2-introduction/Universal_Robots_ROS2_Driver/ur) by extension 'colcon_meta'
[0.176s] Level 1:colcon.colcon_core.package_identification:_identify(src/moveit2-introduction/Universal_Robots_ROS2_Driver/ur) by extensions ['ros']
[0.176s] Level 1:colcon.colcon_core.package_identification:_identify(src/moveit2-introduction/Universal_Robots_ROS2_Driver/ur) by extension 'ros'
[0.176s] DEBUG:colcon.colcon_core.package_identification:Package 'src/moveit2-introduction/Universal_Robots_ROS2_Driver/ur' with type 'ros.ament_cmake' and name 'ur'
[0.176s] Level 1:colcon.colcon_core.package_identification:_identify(src/moveit2-introduction/Universal_Robots_ROS2_Driver/ur_bringup) by extensions ['ignore', 'ignore_ament_install']
[0.176s] Level 1:colcon.colcon_core.package_identification:_identify(src/moveit2-introduction/Universal_Robots_ROS2_Driver/ur_bringup) by extension 'ignore'
[0.176s] Level 1:colcon.colcon_core.package_identification:_identify(src/moveit2-introduction/Universal_Robots_ROS2_Driver/ur_bringup) by extension 'ignore_ament_install'
[0.176s] Level 1:colcon.colcon_core.package_identification:_identify(src/moveit2-introduction/Universal_Robots_ROS2_Driver/ur_bringup) by extensions ['colcon_pkg']
[0.176s] Level 1:colcon.colcon_core.package_identification:_identify(src/moveit2-introduction/Universal_Robots_ROS2_Driver/ur_bringup) by extension 'colcon_pkg'
[0.176s] Level 1:colcon.colcon_core.package_identification:_identify(src/moveit2-introduction/Universal_Robots_ROS2_Driver/ur_bringup) by extensions ['colcon_meta']
[0.176s] Level 1:colcon.colcon_core.package_identification:_identify(src/moveit2-introduction/Universal_Robots_ROS2_Driver/ur_bringup) by extension 'colcon_meta'
[0.176s] Level 1:colcon.colcon_core.package_identification:_identify(src/moveit2-introduction/Universal_Robots_ROS2_Driver/ur_bringup) by extensions ['ros']
[0.176s] Level 1:colcon.colcon_core.package_identification:_identify(src/moveit2-introduction/Universal_Robots_ROS2_Driver/ur_bringup) by extension 'ros'
[0.177s] DEBUG:colcon.colcon_core.package_identification:Package 'src/moveit2-introduction/Universal_Robots_ROS2_Driver/ur_bringup' with type 'ros.ament_cmake' and name 'ur_bringup'
[0.177s] Level 1:colcon.colcon_core.package_identification:_identify(src/moveit2-introduction/Universal_Robots_ROS2_Driver/ur_calibration) by extensions ['ignore', 'ignore_ament_install']
[0.177s] Level 1:colcon.colcon_core.package_identification:_identify(src/moveit2-introduction/Universal_Robots_ROS2_Driver/ur_calibration) by extension 'ignore'
[0.177s] Level 1:colcon.colcon_core.package_identification:_identify(src/moveit2-introduction/Universal_Robots_ROS2_Driver/ur_calibration) by extension 'ignore_ament_install'
[0.177s] Level 1:colcon.colcon_core.package_identification:_identify(src/moveit2-introduction/Universal_Robots_ROS2_Driver/ur_calibration) by extensions ['colcon_pkg']
[0.177s] Level 1:colcon.colcon_core.package_identification:_identify(src/moveit2-introduction/Universal_Robots_ROS2_Driver/ur_calibration) by extension 'colcon_pkg'
[0.177s] Level 1:colcon.colcon_core.package_identification:_identify(src/moveit2-introduction/Universal_Robots_ROS2_Driver/ur_calibration) by extensions ['colcon_meta']
[0.177s] Level 1:colcon.colcon_core.package_identification:_identify(src/moveit2-introduction/Universal_Robots_ROS2_Driver/ur_calibration) by extension 'colcon_meta'
[0.177s] Level 1:colcon.colcon_core.package_identification:_identify(src/moveit2-introduction/Universal_Robots_ROS2_Driver/ur_calibration) by extensions ['ros']
[0.177s] Level 1:colcon.colcon_core.package_identification:_identify(src/moveit2-introduction/Universal_Robots_ROS2_Driver/ur_calibration) by extension 'ros'
[0.178s] DEBUG:colcon.colcon_core.package_identification:Package 'src/moveit2-introduction/Universal_Robots_ROS2_Driver/ur_calibration' with type 'ros.ament_cmake' and name 'ur_calibration'
[0.178s] Level 1:colcon.colcon_core.package_identification:_identify(src/moveit2-introduction/Universal_Robots_ROS2_Driver/ur_controllers) by extensions ['ignore', 'ignore_ament_install']
[0.178s] Level 1:colcon.colcon_core.package_identification:_identify(src/moveit2-introduction/Universal_Robots_ROS2_Driver/ur_controllers) by extension 'ignore'
[0.178s] Level 1:colcon.colcon_core.package_identification:_identify(src/moveit2-introduction/Universal_Robots_ROS2_Driver/ur_controllers) by extension 'ignore_ament_install'
[0.178s] Level 1:colcon.colcon_core.package_identification:_identify(src/moveit2-introduction/Universal_Robots_ROS2_Driver/ur_controllers) by extensions ['colcon_pkg']
[0.178s] Level 1:colcon.colcon_core.package_identification:_identify(src/moveit2-introduction/Universal_Robots_ROS2_Driver/ur_controllers) by extension 'colcon_pkg'
[0.178s] Level 1:colcon.colcon_core.package_identification:_identify(src/moveit2-introduction/Universal_Robots_ROS2_Driver/ur_controllers) by extensions ['colcon_meta']
[0.178s] Level 1:colcon.colcon_core.package_identification:_identify(src/moveit2-introduction/Universal_Robots_ROS2_Driver/ur_controllers) by extension 'colcon_meta'
[0.178s] Level 1:colcon.colcon_core.package_identification:_identify(src/moveit2-introduction/Universal_Robots_ROS2_Driver/ur_controllers) by extensions ['ros']
[0.178s] Level 1:colcon.colcon_core.package_identification:_identify(src/moveit2-introduction/Universal_Robots_ROS2_Driver/ur_controllers) by extension 'ros'
[0.179s] DEBUG:colcon.colcon_core.package_identification:Package 'src/moveit2-introduction/Universal_Robots_ROS2_Driver/ur_controllers' with type 'ros.ament_cmake' and name 'ur_controllers'
[0.179s] Level 1:colcon.colcon_core.package_identification:_identify(src/moveit2-introduction/Universal_Robots_ROS2_Driver/ur_dashboard_msgs) by extensions ['ignore', 'ignore_ament_install']
[0.180s] Level 1:colcon.colcon_core.package_identification:_identify(src/moveit2-introduction/Universal_Robots_ROS2_Driver/ur_dashboard_msgs) by extension 'ignore'
[0.180s] Level 1:colcon.colcon_core.package_identification:_identify(src/moveit2-introduction/Universal_Robots_ROS2_Driver/ur_dashboard_msgs) by extension 'ignore_ament_install'
[0.180s] Level 1:colcon.colcon_core.package_identification:_identify(src/moveit2-introduction/Universal_Robots_ROS2_Driver/ur_dashboard_msgs) by extensions ['colcon_pkg']
[0.180s] Level 1:colcon.colcon_core.package_identification:_identify(src/moveit2-introduction/Universal_Robots_ROS2_Driver/ur_dashboard_msgs) by extension 'colcon_pkg'
[0.180s] Level 1:colcon.colcon_core.package_identification:_identify(src/moveit2-introduction/Universal_Robots_ROS2_Driver/ur_dashboard_msgs) by extensions ['colcon_meta']
[0.180s] Level 1:colcon.colcon_core.package_identification:_identify(src/moveit2-introduction/Universal_Robots_ROS2_Driver/ur_dashboard_msgs) by extension 'colcon_meta'
[0.180s] Level 1:colcon.colcon_core.package_identification:_identify(src/moveit2-introduction/Universal_Robots_ROS2_Driver/ur_dashboard_msgs) by extensions ['ros']
[0.180s] Level 1:colcon.colcon_core.package_identification:_identify(src/moveit2-introduction/Universal_Robots_ROS2_Driver/ur_dashboard_msgs) by extension 'ros'
[0.180s] DEBUG:colcon.colcon_core.package_identification:Package 'src/moveit2-introduction/Universal_Robots_ROS2_Driver/ur_dashboard_msgs' with type 'ros.ament_cmake' and name 'ur_dashboard_msgs'
[0.180s] Level 1:colcon.colcon_core.package_identification:_identify(src/moveit2-introduction/Universal_Robots_ROS2_Driver/ur_moveit_config) by extensions ['ignore', 'ignore_ament_install']
[0.180s] Level 1:colcon.colcon_core.package_identification:_identify(src/moveit2-introduction/Universal_Robots_ROS2_Driver/ur_moveit_config) by extension 'ignore'
[0.180s] Level 1:colcon.colcon_core.package_identification:_identify(src/moveit2-introduction/Universal_Robots_ROS2_Driver/ur_moveit_config) by extension 'ignore_ament_install'
[0.180s] Level 1:colcon.colcon_core.package_identification:_identify(src/moveit2-introduction/Universal_Robots_ROS2_Driver/ur_moveit_config) by extensions ['colcon_pkg']
[0.180s] Level 1:colcon.colcon_core.package_identification:_identify(src/moveit2-introduction/Universal_Robots_ROS2_Driver/ur_moveit_config) by extension 'colcon_pkg'
[0.180s] Level 1:colcon.colcon_core.package_identification:_identify(src/moveit2-introduction/Universal_Robots_ROS2_Driver/ur_moveit_config) by extensions ['colcon_meta']
[0.180s] Level 1:colcon.colcon_core.package_identification:_identify(src/moveit2-introduction/Universal_Robots_ROS2_Driver/ur_moveit_config) by extension 'colcon_meta'
[0.180s] Level 1:colcon.colcon_core.package_identification:_identify(src/moveit2-introduction/Universal_Robots_ROS2_Driver/ur_moveit_config) by extensions ['ros']
[0.180s] Level 1:colcon.colcon_core.package_identification:_identify(src/moveit2-introduction/Universal_Robots_ROS2_Driver/ur_moveit_config) by extension 'ros'
[0.181s] DEBUG:colcon.colcon_core.package_identification:Package 'src/moveit2-introduction/Universal_Robots_ROS2_Driver/ur_moveit_config' with type 'ros.ament_cmake' and name 'ur_moveit_config'
[0.181s] Level 1:colcon.colcon_core.package_identification:_identify(src/moveit2-introduction/Universal_Robots_ROS2_Driver/ur_robot_driver) by extensions ['ignore', 'ignore_ament_install']
[0.181s] Level 1:colcon.colcon_core.package_identification:_identify(src/moveit2-introduction/Universal_Robots_ROS2_Driver/ur_robot_driver) by extension 'ignore'
[0.181s] Level 1:colcon.colcon_core.package_identification:_identify(src/moveit2-introduction/Universal_Robots_ROS2_Driver/ur_robot_driver) by extension 'ignore_ament_install'
[0.181s] Level 1:colcon.colcon_core.package_identification:_identify(src/moveit2-introduction/Universal_Robots_ROS2_Driver/ur_robot_driver) by extensions ['colcon_pkg']
[0.181s] Level 1:colcon.colcon_core.package_identification:_identify(src/moveit2-introduction/Universal_Robots_ROS2_Driver/ur_robot_driver) by extension 'colcon_pkg'
[0.181s] Level 1:colcon.colcon_core.package_identification:_identify(src/moveit2-introduction/Universal_Robots_ROS2_Driver/ur_robot_driver) by extensions ['colcon_meta']
[0.181s] Level 1:colcon.colcon_core.package_identification:_identify(src/moveit2-introduction/Universal_Robots_ROS2_Driver/ur_robot_driver) by extension 'colcon_meta'
[0.181s] Level 1:colcon.colcon_core.package_identification:_identify(src/moveit2-introduction/Universal_Robots_ROS2_Driver/ur_robot_driver) by extensions ['ros']
[0.181s] Level 1:colcon.colcon_core.package_identification:_identify(src/moveit2-introduction/Universal_Robots_ROS2_Driver/ur_robot_driver) by extension 'ros'
[0.187s] DEBUG:colcon.colcon_core.package_identification:Package 'src/moveit2-introduction/Universal_Robots_ROS2_Driver/ur_robot_driver' with type 'ros.ament_cmake' and name 'ur_robot_driver'
[0.187s] Level 1:colcon.colcon_core.package_identification:_identify(src/moveit2-introduction/pymoveit2) by extensions ['ignore', 'ignore_ament_install']
[0.187s] Level 1:colcon.colcon_core.package_identification:_identify(src/moveit2-introduction/pymoveit2) by extension 'ignore'
[0.187s] Level 1:colcon.colcon_core.package_identification:_identify(src/moveit2-introduction/pymoveit2) by extension 'ignore_ament_install'
[0.187s] Level 1:colcon.colcon_core.package_identification:_identify(src/moveit2-introduction/pymoveit2) by extensions ['colcon_pkg']
[0.187s] Level 1:colcon.colcon_core.package_identification:_identify(src/moveit2-introduction/pymoveit2) by extension 'colcon_pkg'
[0.187s] Level 1:colcon.colcon_core.package_identification:_identify(src/moveit2-introduction/pymoveit2) by extensions ['colcon_meta']
[0.187s] Level 1:colcon.colcon_core.package_identification:_identify(src/moveit2-introduction/pymoveit2) by extension 'colcon_meta'
[0.187s] Level 1:colcon.colcon_core.package_identification:_identify(src/moveit2-introduction/pymoveit2) by extensions ['ros']
[0.187s] Level 1:colcon.colcon_core.package_identification:_identify(src/moveit2-introduction/pymoveit2) by extension 'ros'
[0.188s] DEBUG:colcon.colcon_core.package_identification:Package 'src/moveit2-introduction/pymoveit2' with type 'ros.ament_cmake' and name 'pymoveit2'
[0.188s] Level 1:colcon.colcon_core.package_identification:_identify(src/moveit2-introduction/ur_commander) by extensions ['ignore', 'ignore_ament_install']
[0.188s] Level 1:colcon.colcon_core.package_identification:_identify(src/moveit2-introduction/ur_commander) by extension 'ignore'
[0.188s] Level 1:colcon.colcon_core.package_identification:_identify(src/moveit2-introduction/ur_commander) by extension 'ignore_ament_install'
[0.188s] Level 1:colcon.colcon_core.package_identification:_identify(src/moveit2-introduction/ur_commander) by extensions ['colcon_pkg']
[0.188s] Level 1:colcon.colcon_core.package_identification:_identify(src/moveit2-introduction/ur_commander) by extension 'colcon_pkg'
[0.188s] Level 1:colcon.colcon_core.package_identification:_identify(src/moveit2-introduction/ur_commander) by extensions ['colcon_meta']
[0.188s] Level 1:colcon.colcon_core.package_identification:_identify(src/moveit2-introduction/ur_commander) by extension 'colcon_meta'
[0.188s] Level 1:colcon.colcon_core.package_identification:_identify(src/moveit2-introduction/ur_commander) by extensions ['ros']
[0.188s] Level 1:colcon.colcon_core.package_identification:_identify(src/moveit2-introduction/ur_commander) by extension 'ros'
[0.188s] DEBUG:colcon.colcon_core.package_identification:Package 'src/moveit2-introduction/ur_commander' with type 'ros.ament_cmake' and name 'ur_commander'
[0.188s] Level 1:colcon.colcon_core.package_discovery:discover_packages(recursive) using defaults
[0.189s] Level 1:colcon.colcon_core.package_discovery:discover_packages(ignore) discover
[0.189s] Level 1:colcon.colcon_core.package_discovery:discover_packages(ignore) using defaults
[0.189s] Level 1:colcon.colcon_core.package_discovery:discover_packages(path) discover
[0.189s] Level 1:colcon.colcon_core.package_discovery:discover_packages(path) using defaults
[0.204s] Level 5:colcon.colcon_core.verb:set package 'easy_handeye2_msgs' build argument 'cmake_args' from command line to 'None'
[0.204s] Level 5:colcon.colcon_core.verb:set package 'easy_handeye2_msgs' build argument 'cmake_target' from command line to 'None'
[0.205s] Level 5:colcon.colcon_core.verb:set package 'easy_handeye2_msgs' build argument 'cmake_target_skip_unavailable' from command line to 'False'
[0.205s] Level 5:colcon.colcon_core.verb:set package 'easy_handeye2_msgs' build argument 'cmake_clean_cache' from command line to 'False'
[0.205s] Level 5:colcon.colcon_core.verb:set package 'easy_handeye2_msgs' build argument 'cmake_clean_first' from command line to 'False'
[0.205s] Level 5:colcon.colcon_core.verb:set package 'easy_handeye2_msgs' build argument 'cmake_force_configure' from command line to 'False'
[0.205s] Level 5:colcon.colcon_core.verb:set package 'easy_handeye2_msgs' build argument 'ament_cmake_args' from command line to 'None'
[0.205s] Level 5:colcon.colcon_core.verb:set package 'easy_handeye2_msgs' build argument 'catkin_cmake_args' from command line to 'None'
[0.205s] Level 5:colcon.colcon_core.verb:set package 'easy_handeye2_msgs' build argument 'catkin_skip_building_tests' from command line to 'False'
[0.205s] DEBUG:colcon.colcon_core.verb:Building package 'easy_handeye2_msgs' with the following arguments: {'ament_cmake_args': None, 'build_base': '/dev_ws/build/easy_handeye2_msgs', 'catkin_cmake_args': None, 'catkin_skip_building_tests': False, 'cmake_args': None, 'cmake_clean_cache': False, 'cmake_clean_first': False, 'cmake_force_configure': False, 'cmake_target': None, 'cmake_target_skip_unavailable': False, 'install_base': '/dev_ws/install', 'merge_install': True, 'path': '/dev_ws/src/easy_handeye2/easy_handeye2_msgs', 'symlink_install': False, 'test_result_base': None}
[0.205s] Level 5:colcon.colcon_core.verb:set package 'pymoveit2' build argument 'cmake_args' from command line to 'None'
[0.205s] Level 5:colcon.colcon_core.verb:set package 'pymoveit2' build argument 'cmake_target' from command line to 'None'
[0.205s] Level 5:colcon.colcon_core.verb:set package 'pymoveit2' build argument 'cmake_target_skip_unavailable' from command line to 'False'
[0.205s] Level 5:colcon.colcon_core.verb:set package 'pymoveit2' build argument 'cmake_clean_cache' from command line to 'False'
[0.205s] Level 5:colcon.colcon_core.verb:set package 'pymoveit2' build argument 'cmake_clean_first' from command line to 'False'
[0.205s] Level 5:colcon.colcon_core.verb:set package 'pymoveit2' build argument 'cmake_force_configure' from command line to 'False'
[0.205s] Level 5:colcon.colcon_core.verb:set package 'pymoveit2' build argument 'ament_cmake_args' from command line to 'None'
[0.205s] Level 5:colcon.colcon_core.verb:set package 'pymoveit2' build argument 'catkin_cmake_args' from command line to 'None'
[0.205s] Level 5:colcon.colcon_core.verb:set package 'pymoveit2' build argument 'catkin_skip_building_tests' from command line to 'False'
[0.205s] DEBUG:colcon.colcon_core.verb:Building package 'pymoveit2' with the following arguments: {'ament_cmake_args': None, 'build_base': '/dev_ws/build/pymoveit2', 'catkin_cmake_args': None, 'catkin_skip_building_tests': False, 'cmake_args': None, 'cmake_clean_cache': False, 'cmake_clean_first': False, 'cmake_force_configure': False, 'cmake_target': None, 'cmake_target_skip_unavailable': False, 'install_base': '/dev_ws/install', 'merge_install': True, 'path': '/dev_ws/src/moveit2-introduction/pymoveit2', 'symlink_install': False, 'test_result_base': None}
[0.205s] Level 5:colcon.colcon_core.verb:set package 'ur_commander' build argument 'cmake_args' from command line to 'None'
[0.205s] Level 5:colcon.colcon_core.verb:set package 'ur_commander' build argument 'cmake_target' from command line to 'None'
[0.205s] Level 5:colcon.colcon_core.verb:set package 'ur_commander' build argument 'cmake_target_skip_unavailable' from command line to 'False'
[0.205s] Level 5:colcon.colcon_core.verb:set package 'ur_commander' build argument 'cmake_clean_cache' from command line to 'False'
[0.205s] Level 5:colcon.colcon_core.verb:set package 'ur_commander' build argument 'cmake_clean_first' from command line to 'False'
[0.205s] Level 5:colcon.colcon_core.verb:set package 'ur_commander' build argument 'cmake_force_configure' from command line to 'False'
[0.205s] Level 5:colcon.colcon_core.verb:set package 'ur_commander' build argument 'ament_cmake_args' from command line to 'None'
[0.205s] Level 5:colcon.colcon_core.verb:set package 'ur_commander' build argument 'catkin_cmake_args' from command line to 'None'
[0.205s] Level 5:colcon.colcon_core.verb:set package 'ur_commander' build argument 'catkin_skip_building_tests' from command line to 'False'
[0.205s] DEBUG:colcon.colcon_core.verb:Building package 'ur_commander' with the following arguments: {'ament_cmake_args': None, 'build_base': '/dev_ws/build/ur_commander', 'catkin_cmake_args': None, 'catkin_skip_building_tests': False, 'cmake_args': None, 'cmake_clean_cache': False, 'cmake_clean_first': False, 'cmake_force_configure': False, 'cmake_target': None, 'cmake_target_skip_unavailable': False, 'install_base': '/dev_ws/install', 'merge_install': True, 'path': '/dev_ws/src/moveit2-introduction/ur_commander', 'symlink_install': False, 'test_result_base': None}
[0.205s] Level 5:colcon.colcon_core.verb:set package 'ur_dashboard_msgs' build argument 'cmake_args' from command line to 'None'
[0.206s] Level 5:colcon.colcon_core.verb:set package 'ur_dashboard_msgs' build argument 'cmake_target' from command line to 'None'
[0.206s] Level 5:colcon.colcon_core.verb:set package 'ur_dashboard_msgs' build argument 'cmake_target_skip_unavailable' from command line to 'False'
[0.206s] Level 5:colcon.colcon_core.verb:set package 'ur_dashboard_msgs' build argument 'cmake_clean_cache' from command line to 'False'
[0.206s] Level 5:colcon.colcon_core.verb:set package 'ur_dashboard_msgs' build argument 'cmake_clean_first' from command line to 'False'
[0.206s] Level 5:colcon.colcon_core.verb:set package 'ur_dashboard_msgs' build argument 'cmake_force_configure' from command line to 'False'
[0.206s] Level 5:colcon.colcon_core.verb:set package 'ur_dashboard_msgs' build argument 'ament_cmake_args' from command line to 'None'
[0.206s] Level 5:colcon.colcon_core.verb:set package 'ur_dashboard_msgs' build argument 'catkin_cmake_args' from command line to 'None'
[0.206s] Level 5:colcon.colcon_core.verb:set package 'ur_dashboard_msgs' build argument 'catkin_skip_building_tests' from command line to 'False'
[0.206s] DEBUG:colcon.colcon_core.verb:Building package 'ur_dashboard_msgs' with the following arguments: {'ament_cmake_args': None, 'build_base': '/dev_ws/build/ur_dashboard_msgs', 'catkin_cmake_args': None, 'catkin_skip_building_tests': False, 'cmake_args': None, 'cmake_clean_cache': False, 'cmake_clean_first': False, 'cmake_force_configure': False, 'cmake_target': None, 'cmake_target_skip_unavailable': False, 'install_base': '/dev_ws/install', 'merge_install': True, 'path': '/dev_ws/src/moveit2-introduction/Universal_Robots_ROS2_Driver/ur_dashboard_msgs', 'symlink_install': False, 'test_result_base': None}
[0.206s] Level 5:colcon.colcon_core.verb:set package 'ur_moveit_config' build argument 'cmake_args' from command line to 'None'
[0.206s] Level 5:colcon.colcon_core.verb:set package 'ur_moveit_config' build argument 'cmake_target' from command line to 'None'
[0.206s] Level 5:colcon.colcon_core.verb:set package 'ur_moveit_config' build argument 'cmake_target_skip_unavailable' from command line to 'False'
[0.206s] Level 5:colcon.colcon_core.verb:set package 'ur_moveit_config' build argument 'cmake_clean_cache' from command line to 'False'
[0.206s] Level 5:colcon.colcon_core.verb:set package 'ur_moveit_config' build argument 'cmake_clean_first' from command line to 'False'
[0.206s] Level 5:colcon.colcon_core.verb:set package 'ur_moveit_config' build argument 'cmake_force_configure' from command line to 'False'
[0.206s] Level 5:colcon.colcon_core.verb:set package 'ur_moveit_config' build argument 'ament_cmake_args' from command line to 'None'
[0.206s] Level 5:colcon.colcon_core.verb:set package 'ur_moveit_config' build argument 'catkin_cmake_args' from command line to 'None'
[0.206s] Level 5:colcon.colcon_core.verb:set package 'ur_moveit_config' build argument 'catkin_skip_building_tests' from command line to 'False'
[0.206s] DEBUG:colcon.colcon_core.verb:Building package 'ur_moveit_config' with the following arguments: {'ament_cmake_args': None, 'build_base': '/dev_ws/build/ur_moveit_config', 'catkin_cmake_args': None, 'catkin_skip_building_tests': False, 'cmake_args': None, 'cmake_clean_cache': False, 'cmake_clean_first': False, 'cmake_force_configure': False, 'cmake_target': None, 'cmake_target_skip_unavailable': False, 'install_base': '/dev_ws/install', 'merge_install': True, 'path': '/dev_ws/src/moveit2-introduction/Universal_Robots_ROS2_Driver/ur_moveit_config', 'symlink_install': False, 'test_result_base': None}
[0.206s] Level 5:colcon.colcon_core.verb:set package 'easy_handeye2' build argument 'cmake_args' from command line to 'None'
[0.206s] Level 5:colcon.colcon_core.verb:set package 'easy_handeye2' build argument 'cmake_target' from command line to 'None'
[0.206s] Level 5:colcon.colcon_core.verb:set package 'easy_handeye2' build argument 'cmake_target_skip_unavailable' from command line to 'False'
[0.206s] Level 5:colcon.colcon_core.verb:set package 'easy_handeye2' build argument 'cmake_clean_cache' from command line to 'False'
[0.206s] Level 5:colcon.colcon_core.verb:set package 'easy_handeye2' build argument 'cmake_clean_first' from command line to 'False'
[0.206s] Level 5:colcon.colcon_core.verb:set package 'easy_handeye2' build argument 'cmake_force_configure' from command line to 'False'
[0.206s] Level 5:colcon.colcon_core.verb:set package 'easy_handeye2' build argument 'ament_cmake_args' from command line to 'None'
[0.206s] Level 5:colcon.colcon_core.verb:set package 'easy_handeye2' build argument 'catkin_cmake_args' from command line to 'None'
[0.206s] Level 5:colcon.colcon_core.verb:set package 'easy_handeye2' build argument 'catkin_skip_building_tests' from command line to 'False'
[0.206s] DEBUG:colcon.colcon_core.verb:Building package 'easy_handeye2' with the following arguments: {'ament_cmake_args': None, 'build_base': '/dev_ws/build/easy_handeye2', 'catkin_cmake_args': None, 'catkin_skip_building_tests': False, 'cmake_args': None, 'cmake_clean_cache': False, 'cmake_clean_first': False, 'cmake_force_configure': False, 'cmake_target': None, 'cmake_target_skip_unavailable': False, 'install_base': '/dev_ws/install', 'merge_install': True, 'path': '/dev_ws/src/easy_handeye2/easy_handeye2', 'symlink_install': False, 'test_result_base': None}
[0.206s] Level 5:colcon.colcon_core.verb:set package 'ur_controllers' build argument 'cmake_args' from command line to 'None'
[0.206s] Level 5:colcon.colcon_core.verb:set package 'ur_controllers' build argument 'cmake_target' from command line to 'None'
[0.206s] Level 5:colcon.colcon_core.verb:set package 'ur_controllers' build argument 'cmake_target_skip_unavailable' from command line to 'False'
[0.206s] Level 5:colcon.colcon_core.verb:set package 'ur_controllers' build argument 'cmake_clean_cache' from command line to 'False'
[0.206s] Level 5:colcon.colcon_core.verb:set package 'ur_controllers' build argument 'cmake_clean_first' from command line to 'False'
[0.206s] Level 5:colcon.colcon_core.verb:set package 'ur_controllers' build argument 'cmake_force_configure' from command line to 'False'
[0.207s] Level 5:colcon.colcon_core.verb:set package 'ur_controllers' build argument 'ament_cmake_args' from command line to 'None'
[0.207s] Level 5:colcon.colcon_core.verb:set package 'ur_controllers' build argument 'catkin_cmake_args' from command line to 'None'
[0.207s] Level 5:colcon.colcon_core.verb:set package 'ur_controllers' build argument 'catkin_skip_building_tests' from command line to 'False'
[0.207s] DEBUG:colcon.colcon_core.verb:Building package 'ur_controllers' with the following arguments: {'ament_cmake_args': None, 'build_base': '/dev_ws/build/ur_controllers', 'catkin_cmake_args': None, 'catkin_skip_building_tests': False, 'cmake_args': None, 'cmake_clean_cache': False, 'cmake_clean_first': False, 'cmake_force_configure': False, 'cmake_target': None, 'cmake_target_skip_unavailable': False, 'install_base': '/dev_ws/install', 'merge_install': True, 'path': '/dev_ws/src/moveit2-introduction/Universal_Robots_ROS2_Driver/ur_controllers', 'symlink_install': False, 'test_result_base': None}
[0.207s] Level 5:colcon.colcon_core.verb:set package 'ur_bringup' build argument 'cmake_args' from command line to 'None'
[0.207s] Level 5:colcon.colcon_core.verb:set package 'ur_bringup' build argument 'cmake_target' from command line to 'None'
[0.207s] Level 5:colcon.colcon_core.verb:set package 'ur_bringup' build argument 'cmake_target_skip_unavailable' from command line to 'False'
[0.207s] Level 5:colcon.colcon_core.verb:set package 'ur_bringup' build argument 'cmake_clean_cache' from command line to 'False'
[0.207s] Level 5:colcon.colcon_core.verb:set package 'ur_bringup' build argument 'cmake_clean_first' from command line to 'False'
[0.207s] Level 5:colcon.colcon_core.verb:set package 'ur_bringup' build argument 'cmake_force_configure' from command line to 'False'
[0.207s] Level 5:colcon.colcon_core.verb:set package 'ur_bringup' build argument 'ament_cmake_args' from command line to 'None'
[0.207s] Level 5:colcon.colcon_core.verb:set package 'ur_bringup' build argument 'catkin_cmake_args' from command line to 'None'
[0.207s] Level 5:colcon.colcon_core.verb:set package 'ur_bringup' build argument 'catkin_skip_building_tests' from command line to 'False'
[0.207s] DEBUG:colcon.colcon_core.verb:Building package 'ur_bringup' with the following arguments: {'ament_cmake_args': None, 'build_base': '/dev_ws/build/ur_bringup', 'catkin_cmake_args': None, 'catkin_skip_building_tests': False, 'cmake_args': None, 'cmake_clean_cache': False, 'cmake_clean_first': False, 'cmake_force_configure': False, 'cmake_target': None, 'cmake_target_skip_unavailable': False, 'install_base': '/dev_ws/install', 'merge_install': True, 'path': '/dev_ws/src/moveit2-introduction/Universal_Robots_ROS2_Driver/ur_bringup', 'symlink_install': False, 'test_result_base': None}
[0.207s] Level 5:colcon.colcon_core.verb:set package 'ur_robot_driver' build argument 'cmake_args' from command line to 'None'
[0.207s] Level 5:colcon.colcon_core.verb:set package 'ur_robot_driver' build argument 'cmake_target' from command line to 'None'
[0.207s] Level 5:colcon.colcon_core.verb:set package 'ur_robot_driver' build argument 'cmake_target_skip_unavailable' from command line to 'False'
[0.207s] Level 5:colcon.colcon_core.verb:set package 'ur_robot_driver' build argument 'cmake_clean_cache' from command line to 'False'
[0.207s] Level 5:colcon.colcon_core.verb:set package 'ur_robot_driver' build argument 'cmake_clean_first' from command line to 'False'
[0.207s] Level 5:colcon.colcon_core.verb:set package 'ur_robot_driver' build argument 'cmake_force_configure' from command line to 'False'
[0.207s] Level 5:colcon.colcon_core.verb:set package 'ur_robot_driver' build argument 'ament_cmake_args' from command line to 'None'
[0.207s] Level 5:colcon.colcon_core.verb:set package 'ur_robot_driver' build argument 'catkin_cmake_args' from command line to 'None'
[0.207s] Level 5:colcon.colcon_core.verb:set package 'ur_robot_driver' build argument 'catkin_skip_building_tests' from command line to 'False'
[0.207s] DEBUG:colcon.colcon_core.verb:Building package 'ur_robot_driver' with the following arguments: {'ament_cmake_args': None, 'build_base': '/dev_ws/build/ur_robot_driver', 'catkin_cmake_args': None, 'catkin_skip_building_tests': False, 'cmake_args': None, 'cmake_clean_cache': False, 'cmake_clean_first': False, 'cmake_force_configure': False, 'cmake_target': None, 'cmake_target_skip_unavailable': False, 'install_base': '/dev_ws/install', 'merge_install': True, 'path': '/dev_ws/src/moveit2-introduction/Universal_Robots_ROS2_Driver/ur_robot_driver', 'symlink_install': False, 'test_result_base': None}
[0.207s] Level 5:colcon.colcon_core.verb:set package 'ur_calibration' build argument 'cmake_args' from command line to 'None'
[0.207s] Level 5:colcon.colcon_core.verb:set package 'ur_calibration' build argument 'cmake_target' from command line to 'None'
[0.207s] Level 5:colcon.colcon_core.verb:set package 'ur_calibration' build argument 'cmake_target_skip_unavailable' from command line to 'False'
[0.207s] Level 5:colcon.colcon_core.verb:set package 'ur_calibration' build argument 'cmake_clean_cache' from command line to 'False'
[0.207s] Level 5:colcon.colcon_core.verb:set package 'ur_calibration' build argument 'cmake_clean_first' from command line to 'False'
[0.207s] Level 5:colcon.colcon_core.verb:set package 'ur_calibration' build argument 'cmake_force_configure' from command line to 'False'
[0.207s] Level 5:colcon.colcon_core.verb:set package 'ur_calibration' build argument 'ament_cmake_args' from command line to 'None'
[0.207s] Level 5:colcon.colcon_core.verb:set package 'ur_calibration' build argument 'catkin_cmake_args' from command line to 'None'
[0.207s] Level 5:colcon.colcon_core.verb:set package 'ur_calibration' build argument 'catkin_skip_building_tests' from command line to 'False'
[0.207s] DEBUG:colcon.colcon_core.verb:Building package 'ur_calibration' with the following arguments: {'ament_cmake_args': None, 'build_base': '/dev_ws/build/ur_calibration', 'catkin_cmake_args': None, 'catkin_skip_building_tests': False, 'cmake_args': None, 'cmake_clean_cache': False, 'cmake_clean_first': False, 'cmake_force_configure': False, 'cmake_target': None, 'cmake_target_skip_unavailable': False, 'install_base': '/dev_ws/install', 'merge_install': True, 'path': '/dev_ws/src/moveit2-introduction/Universal_Robots_ROS2_Driver/ur_calibration', 'symlink_install': False, 'test_result_base': None}
[0.208s] Level 5:colcon.colcon_core.verb:set package 'ur' build argument 'cmake_args' from command line to 'None'
[0.208s] Level 5:colcon.colcon_core.verb:set package 'ur' build argument 'cmake_target' from command line to 'None'
[0.208s] Level 5:colcon.colcon_core.verb:set package 'ur' build argument 'cmake_target_skip_unavailable' from command line to 'False'
[0.208s] Level 5:colcon.colcon_core.verb:set package 'ur' build argument 'cmake_clean_cache' from command line to 'False'
[0.208s] Level 5:colcon.colcon_core.verb:set package 'ur' build argument 'cmake_clean_first' from command line to 'False'
[0.208s] Level 5:colcon.colcon_core.verb:set package 'ur' build argument 'cmake_force_configure' from command line to 'False'
[0.208s] Level 5:colcon.colcon_core.verb:set package 'ur' build argument 'ament_cmake_args' from command line to 'None'
[0.208s] Level 5:colcon.colcon_core.verb:set package 'ur' build argument 'catkin_cmake_args' from command line to 'None'
[0.208s] Level 5:colcon.colcon_core.verb:set package 'ur' build argument 'catkin_skip_building_tests' from command line to 'False'
[0.208s] DEBUG:colcon.colcon_core.verb:Building package 'ur' with the following arguments: {'ament_cmake_args': None, 'build_base': '/dev_ws/build/ur', 'catkin_cmake_args': None, 'catkin_skip_building_tests': False, 'cmake_args': None, 'cmake_clean_cache': False, 'cmake_clean_first': False, 'cmake_force_configure': False, 'cmake_target': None, 'cmake_target_skip_unavailable': False, 'install_base': '/dev_ws/install', 'merge_install': True, 'path': '/dev_ws/src/moveit2-introduction/Universal_Robots_ROS2_Driver/ur', 'symlink_install': False, 'test_result_base': None}
[0.208s] INFO:colcon.colcon_core.executor:Executing jobs using 'parallel' executor
[0.209s] DEBUG:colcon.colcon_parallel_executor.executor.parallel:run_until_complete
[0.209s] INFO:colcon.colcon_ros.task.ament_cmake.build:Building ROS package in '/dev_ws/src/moveit2-introduction/Universal_Robots_ROS2_Driver/ur_dashboard_msgs' with build type 'ament_cmake'
[0.209s] INFO:colcon.colcon_cmake.task.cmake.build:Building CMake package in '/dev_ws/src/moveit2-introduction/Universal_Robots_ROS2_Driver/ur_dashboard_msgs'
[0.211s] INFO:colcon.colcon_core.plugin_system:Skipping extension 'colcon_core.shell.bat': Not used on non-Windows systems
[0.211s] INFO:colcon.colcon_core.shell:Skip shell extension 'powershell' for command environment: Not usable outside of PowerShell
[0.211s] DEBUG:colcon.colcon_core.shell:Skip shell extension 'dsv' for command environment
[0.214s] INFO:colcon.colcon_ros.task.ament_cmake.build:Building ROS package in '/dev_ws/src/easy_handeye2/easy_handeye2_msgs' with build type 'ament_cmake'
[0.214s] INFO:colcon.colcon_cmake.task.cmake.build:Building CMake package in '/dev_ws/src/easy_handeye2/easy_handeye2_msgs'
[0.214s] INFO:colcon.colcon_core.shell:Skip shell extension 'powershell' for command environment: Not usable outside of PowerShell
[0.214s] DEBUG:colcon.colcon_core.shell:Skip shell extension 'dsv' for command environment
[0.216s] INFO:colcon.colcon_ros.task.ament_cmake.build:Building ROS package in '/dev_ws/src/moveit2-introduction/Universal_Robots_ROS2_Driver/ur_moveit_config' with build type 'ament_cmake'
[0.216s] INFO:colcon.colcon_cmake.task.cmake.build:Building CMake package in '/dev_ws/src/moveit2-introduction/Universal_Robots_ROS2_Driver/ur_moveit_config'
[0.216s] INFO:colcon.colcon_core.shell:Skip shell extension 'powershell' for command environment: Not usable outside of PowerShell
[0.216s] DEBUG:colcon.colcon_core.shell:Skip shell extension 'dsv' for command environment
[0.218s] INFO:colcon.colcon_ros.task.ament_cmake.build:Building ROS package in '/dev_ws/src/moveit2-introduction/pymoveit2' with build type 'ament_cmake'
[0.218s] INFO:colcon.colcon_cmake.task.cmake.build:Building CMake package in '/dev_ws/src/moveit2-introduction/pymoveit2'
[0.218s] INFO:colcon.colcon_core.shell:Skip shell extension 'powershell' for command environment: Not usable outside of PowerShell
[0.218s] DEBUG:colcon.colcon_core.shell:Skip shell extension 'dsv' for command environment
[0.220s] INFO:colcon.colcon_ros.task.ament_cmake.build:Building ROS package in '/dev_ws/src/moveit2-introduction/ur_commander' with build type 'ament_cmake'
[0.220s] INFO:colcon.colcon_cmake.task.cmake.build:Building CMake package in '/dev_ws/src/moveit2-introduction/ur_commander'
[0.220s] INFO:colcon.colcon_core.shell:Skip shell extension 'powershell' for command environment: Not usable outside of PowerShell
[0.220s] DEBUG:colcon.colcon_core.shell:Skip shell extension 'dsv' for command environment
[0.226s] DEBUG:colcon.colcon_core.event_handler.log_command:Invoking command in '/dev_ws/build/ur_dashboard_msgs': CMAKE_PREFIX_PATH=${CMAKE_PREFIX_PATH}:/opt/ros/humble /usr/bin/cmake /dev_ws/src/moveit2-introduction/Universal_Robots_ROS2_Driver/ur_dashboard_msgs -DCMAKE_INSTALL_PREFIX=/dev_ws/install
[0.228s] DEBUG:colcon.colcon_core.event_handler.log_command:Invoking command in '/dev_ws/build/easy_handeye2_msgs': CMAKE_PREFIX_PATH=${CMAKE_PREFIX_PATH}:/opt/ros/humble /usr/bin/cmake --build /dev_ws/build/easy_handeye2_msgs -- -j20 -l20
[0.229s] DEBUG:colcon.colcon_core.event_handler.log_command:Invoking command in '/dev_ws/build/ur_moveit_config': CMAKE_PREFIX_PATH=${CMAKE_PREFIX_PATH}:/opt/ros/humble /usr/bin/cmake /dev_ws/src/moveit2-introduction/Universal_Robots_ROS2_Driver/ur_moveit_config -DCMAKE_INSTALL_PREFIX=/dev_ws/install
[0.231s] DEBUG:colcon.colcon_core.event_handler.log_command:Invoking command in '/dev_ws/build/pymoveit2': CMAKE_PREFIX_PATH=${CMAKE_PREFIX_PATH}:/opt/ros/humble /usr/bin/cmake /dev_ws/src/moveit2-introduction/pymoveit2 -DCMAKE_INSTALL_PREFIX=/dev_ws/install
[0.233s] DEBUG:colcon.colcon_core.event_handler.log_command:Invoking command in '/dev_ws/build/ur_commander': CMAKE_PREFIX_PATH=${CMAKE_PREFIX_PATH}:/opt/ros/humble /usr/bin/cmake --build /dev_ws/build/ur_commander -- -j20 -l20
[0.515s] DEBUG:colcon.colcon_core.event_handler.log_command:Invoked command in '/dev_ws/build/ur_commander' returned '0': CMAKE_PREFIX_PATH=${CMAKE_PREFIX_PATH}:/opt/ros/humble /usr/bin/cmake --build /dev_ws/build/ur_commander -- -j20 -l20
[0.525s] DEBUG:colcon.colcon_core.event_handler.log_command:Invoking command in '/dev_ws/build/ur_commander': CMAKE_PREFIX_PATH=${CMAKE_PREFIX_PATH}:/opt/ros/humble /usr/bin/cmake --install /dev_ws/build/ur_commander
[0.554s] DEBUG:colcon.colcon_core.event_handler.log_command:Invoked command in '/dev_ws/build/easy_handeye2_msgs' returned '0': CMAKE_PREFIX_PATH=${CMAKE_PREFIX_PATH}:/opt/ros/humble /usr/bin/cmake --build /dev_ws/build/easy_handeye2_msgs -- -j20 -l20
[0.555s] DEBUG:colcon.colcon_core.event_handler.log_command:Invoking command in '/dev_ws/build/easy_handeye2_msgs': CMAKE_PREFIX_PATH=${CMAKE_PREFIX_PATH}:/opt/ros/humble /usr/bin/cmake --install /dev_ws/build/easy_handeye2_msgs
[0.572s] Level 1:colcon.colcon_core.environment:create_environment_scripts_only(ur_commander)
[0.582s] Level 1:colcon.colcon_core.environment:checking '/dev_ws/install' for CMake module files
[0.583s] Level 1:colcon.colcon_core.environment:checking '/dev_ws/install' for CMake config files
[0.584s] DEBUG:colcon.colcon_core.event_handler.log_command:Invoked command in '/dev_ws/build/ur_commander' returned '0': CMAKE_PREFIX_PATH=${CMAKE_PREFIX_PATH}:/opt/ros/humble /usr/bin/cmake --install /dev_ws/build/ur_commander
[0.585s] Level 1:colcon.colcon_core.shell:create_environment_hook('ur_commander', 'cmake_prefix_path')
[0.585s] INFO:colcon.colcon_core.shell:Creating environment hook '/dev_ws/install/share/ur_commander/hook/cmake_prefix_path.ps1'
[0.586s] INFO:colcon.colcon_core.shell:Creating environment descriptor '/dev_ws/install/share/ur_commander/hook/cmake_prefix_path.dsv'
[0.586s] INFO:colcon.colcon_core.shell:Creating environment hook '/dev_ws/install/share/ur_commander/hook/cmake_prefix_path.sh'
[0.586s] Level 1:colcon.colcon_core.environment:checking '/dev_ws/install/lib'
[0.587s] Level 1:colcon.colcon_core.shell:create_environment_hook('ur_commander', 'ld_library_path_lib')
[0.587s] INFO:colcon.colcon_core.shell:Creating environment hook '/dev_ws/install/share/ur_commander/hook/ld_library_path_lib.ps1'
[0.587s] INFO:colcon.colcon_core.shell:Creating environment descriptor '/dev_ws/install/share/ur_commander/hook/ld_library_path_lib.dsv'
[0.587s] INFO:colcon.colcon_core.shell:Creating environment hook '/dev_ws/install/share/ur_commander/hook/ld_library_path_lib.sh'
[0.588s] Level 1:colcon.colcon_core.environment:checking '/dev_ws/install/bin'
[0.588s] Level 1:colcon.colcon_core.environment:checking '/dev_ws/install/lib/pkgconfig/ur_commander.pc'
[0.589s] Level 1:colcon.colcon_core.environment:checking '/dev_ws/install/lib/python3.10/site-packages'
[0.589s] Level 1:colcon.colcon_core.shell:create_environment_hook('ur_commander', 'pythonpath')
[0.589s] INFO:colcon.colcon_core.shell:Creating environment hook '/dev_ws/install/share/ur_commander/hook/pythonpath.ps1'
[0.589s] INFO:colcon.colcon_core.shell:Creating environment descriptor '/dev_ws/install/share/ur_commander/hook/pythonpath.dsv'
[0.590s] INFO:colcon.colcon_core.shell:Creating environment hook '/dev_ws/install/share/ur_commander/hook/pythonpath.sh'
[0.590s] Level 1:colcon.colcon_core.environment:checking '/dev_ws/install/bin'
[0.590s] INFO:colcon.colcon_core.shell:Creating package script '/dev_ws/install/share/ur_commander/package.ps1'
[0.591s] INFO:colcon.colcon_core.shell:Creating package descriptor '/dev_ws/install/share/ur_commander/package.dsv'
[0.591s] INFO:colcon.colcon_core.shell:Creating package script '/dev_ws/install/share/ur_commander/package.sh'
[0.592s] INFO:colcon.colcon_core.shell:Creating package script '/dev_ws/install/share/ur_commander/package.bash'
[0.592s] INFO:colcon.colcon_core.shell:Creating package script '/dev_ws/install/share/ur_commander/package.zsh'
[0.593s] Level 1:colcon.colcon_core.environment:create_file_with_runtime_dependencies(/dev_ws/install/share/colcon-core/packages/ur_commander)
[0.593s] Level 1:colcon.colcon_core.environment:create_environment_scripts_only(ur_commander)
[0.593s] Level 1:colcon.colcon_core.environment:checking '/dev_ws/install' for CMake module files
[0.594s] Level 1:colcon.colcon_core.environment:checking '/dev_ws/install' for CMake config files
[0.594s] Level 1:colcon.colcon_core.shell:create_environment_hook('ur_commander', 'cmake_prefix_path')
[0.595s] INFO:colcon.colcon_core.shell:Creating environment hook '/dev_ws/install/share/ur_commander/hook/cmake_prefix_path.ps1'
[0.595s] INFO:colcon.colcon_core.shell:Creating environment descriptor '/dev_ws/install/share/ur_commander/hook/cmake_prefix_path.dsv'
[0.595s] INFO:colcon.colcon_core.shell:Creating environment hook '/dev_ws/install/share/ur_commander/hook/cmake_prefix_path.sh'
[0.596s] Level 1:colcon.colcon_core.environment:checking '/dev_ws/install/lib'
[0.596s] Level 1:colcon.colcon_core.shell:create_environment_hook('ur_commander', 'ld_library_path_lib')
[0.596s] INFO:colcon.colcon_core.shell:Creating environment hook '/dev_ws/install/share/ur_commander/hook/ld_library_path_lib.ps1'
[0.596s] INFO:colcon.colcon_core.shell:Creating environment descriptor '/dev_ws/install/share/ur_commander/hook/ld_library_path_lib.dsv'
[0.596s] INFO:colcon.colcon_core.shell:Creating environment hook '/dev_ws/install/share/ur_commander/hook/ld_library_path_lib.sh'
[0.596s] Level 1:colcon.colcon_core.environment:checking '/dev_ws/install/bin'
[0.596s] Level 1:colcon.colcon_core.environment:checking '/dev_ws/install/lib/pkgconfig/ur_commander.pc'
[0.597s] Level 1:colcon.colcon_core.environment:checking '/dev_ws/install/lib/python3.10/site-packages'
[0.597s] Level 1:colcon.colcon_core.shell:create_environment_hook('ur_commander', 'pythonpath')
[0.597s] INFO:colcon.colcon_core.shell:Creating environment hook '/dev_ws/install/share/ur_commander/hook/pythonpath.ps1'
[0.597s] INFO:colcon.colcon_core.shell:Creating environment descriptor '/dev_ws/install/share/ur_commander/hook/pythonpath.dsv'
[0.597s] INFO:colcon.colcon_core.shell:Creating environment hook '/dev_ws/install/share/ur_commander/hook/pythonpath.sh'
[0.598s] Level 1:colcon.colcon_core.environment:checking '/dev_ws/install/bin'
[0.598s] INFO:colcon.colcon_core.shell:Creating package script '/dev_ws/install/share/ur_commander/package.ps1'
[0.598s] INFO:colcon.colcon_core.shell:Creating package descriptor '/dev_ws/install/share/ur_commander/package.dsv'
[0.599s] INFO:colcon.colcon_core.shell:Creating package script '/dev_ws/install/share/ur_commander/package.sh'
[0.599s] INFO:colcon.colcon_core.shell:Creating package script '/dev_ws/install/share/ur_commander/package.bash'
[0.599s] INFO:colcon.colcon_core.shell:Creating package script '/dev_ws/install/share/ur_commander/package.zsh'
[0.599s] Level 1:colcon.colcon_core.environment:create_file_with_runtime_dependencies(/dev_ws/install/share/colcon-core/packages/ur_commander)
[0.612s] Level 1:colcon.colcon_core.environment:create_environment_scripts_only(easy_handeye2_msgs)
[0.612s] Level 1:colcon.colcon_core.environment:checking '/dev_ws/install' for CMake module files
[0.614s] Level 1:colcon.colcon_core.environment:checking '/dev_ws/install' for CMake config files
[0.619s] DEBUG:colcon.colcon_core.event_handler.log_command:Invoked command in '/dev_ws/build/easy_handeye2_msgs' returned '0': CMAKE_PREFIX_PATH=${CMAKE_PREFIX_PATH}:/opt/ros/humble /usr/bin/cmake --install /dev_ws/build/easy_handeye2_msgs
[0.620s] Level 1:colcon.colcon_core.shell:create_environment_hook('easy_handeye2_msgs', 'cmake_prefix_path')
[0.620s] INFO:colcon.colcon_core.shell:Creating environment hook '/dev_ws/install/share/easy_handeye2_msgs/hook/cmake_prefix_path.ps1'
[0.621s] INFO:colcon.colcon_core.shell:Creating environment descriptor '/dev_ws/install/share/easy_handeye2_msgs/hook/cmake_prefix_path.dsv'
[0.621s] INFO:colcon.colcon_core.shell:Creating environment hook '/dev_ws/install/share/easy_handeye2_msgs/hook/cmake_prefix_path.sh'
[0.622s] Level 1:colcon.colcon_core.environment:checking '/dev_ws/install/lib'
[0.622s] Level 1:colcon.colcon_core.shell:create_environment_hook('easy_handeye2_msgs', 'ld_library_path_lib')
[0.622s] INFO:colcon.colcon_core.shell:Creating environment hook '/dev_ws/install/share/easy_handeye2_msgs/hook/ld_library_path_lib.ps1'
[0.623s] INFO:colcon.colcon_core.shell:Creating environment descriptor '/dev_ws/install/share/easy_handeye2_msgs/hook/ld_library_path_lib.dsv'
[0.623s] INFO:colcon.colcon_core.shell:Creating environment hook '/dev_ws/install/share/easy_handeye2_msgs/hook/ld_library_path_lib.sh'
[0.624s] Level 1:colcon.colcon_core.environment:checking '/dev_ws/install/bin'
[0.624s] Level 1:colcon.colcon_core.environment:checking '/dev_ws/install/lib/pkgconfig/easy_handeye2_msgs.pc'
[0.624s] Level 1:colcon.colcon_core.environment:checking '/dev_ws/install/lib/python3.10/site-packages'
[0.624s] Level 1:colcon.colcon_core.shell:create_environment_hook('easy_handeye2_msgs', 'pythonpath')
[0.624s] INFO:colcon.colcon_core.shell:Creating environment hook '/dev_ws/install/share/easy_handeye2_msgs/hook/pythonpath.ps1'
[0.625s] INFO:colcon.colcon_core.shell:Creating environment descriptor '/dev_ws/install/share/easy_handeye2_msgs/hook/pythonpath.dsv'
[0.625s] INFO:colcon.colcon_core.shell:Creating environment hook '/dev_ws/install/share/easy_handeye2_msgs/hook/pythonpath.sh'
[0.626s] Level 1:colcon.colcon_core.environment:checking '/dev_ws/install/bin'
[0.626s] INFO:colcon.colcon_core.shell:Creating package script '/dev_ws/install/share/easy_handeye2_msgs/package.ps1'
[0.627s] INFO:colcon.colcon_core.shell:Creating package descriptor '/dev_ws/install/share/easy_handeye2_msgs/package.dsv'
[0.627s] INFO:colcon.colcon_core.shell:Creating package script '/dev_ws/install/share/easy_handeye2_msgs/package.sh'
[0.628s] INFO:colcon.colcon_core.shell:Creating package script '/dev_ws/install/share/easy_handeye2_msgs/package.bash'
[0.628s] INFO:colcon.colcon_core.shell:Creating package script '/dev_ws/install/share/easy_handeye2_msgs/package.zsh'
[0.629s] Level 1:colcon.colcon_core.environment:create_file_with_runtime_dependencies(/dev_ws/install/share/colcon-core/packages/easy_handeye2_msgs)
[0.629s] Level 1:colcon.colcon_core.environment:create_environment_scripts_only(easy_handeye2_msgs)
[0.630s] Level 1:colcon.colcon_core.environment:checking '/dev_ws/install' for CMake module files
[0.630s] Level 1:colcon.colcon_core.environment:checking '/dev_ws/install' for CMake config files
[0.632s] Level 1:colcon.colcon_core.shell:create_environment_hook('easy_handeye2_msgs', 'cmake_prefix_path')
[0.632s] INFO:colcon.colcon_core.shell:Creating environment hook '/dev_ws/install/share/easy_handeye2_msgs/hook/cmake_prefix_path.ps1'
[0.633s] INFO:colcon.colcon_core.shell:Creating environment descriptor '/dev_ws/install/share/easy_handeye2_msgs/hook/cmake_prefix_path.dsv'
[0.633s] INFO:colcon.colcon_core.shell:Creating environment hook '/dev_ws/install/share/easy_handeye2_msgs/hook/cmake_prefix_path.sh'
[0.634s] Level 1:colcon.colcon_core.environment:checking '/dev_ws/install/lib'
[0.634s] Level 1:colcon.colcon_core.shell:create_environment_hook('easy_handeye2_msgs', 'ld_library_path_lib')
[0.634s] INFO:colcon.colcon_core.shell:Creating environment hook '/dev_ws/install/share/easy_handeye2_msgs/hook/ld_library_path_lib.ps1'
[0.635s] INFO:colcon.colcon_core.shell:Creating environment descriptor '/dev_ws/install/share/easy_handeye2_msgs/hook/ld_library_path_lib.dsv'
[0.635s] INFO:colcon.colcon_core.shell:Creating environment hook '/dev_ws/install/share/easy_handeye2_msgs/hook/ld_library_path_lib.sh'
[0.635s] Level 1:colcon.colcon_core.environment:checking '/dev_ws/install/bin'
[0.636s] Level 1:colcon.colcon_core.environment:checking '/dev_ws/install/lib/pkgconfig/easy_handeye2_msgs.pc'
[0.636s] Level 1:colcon.colcon_core.environment:checking '/dev_ws/install/lib/python3.10/site-packages'
[0.636s] Level 1:colcon.colcon_core.shell:create_environment_hook('easy_handeye2_msgs', 'pythonpath')
[0.636s] INFO:colcon.colcon_core.shell:Creating environment hook '/dev_ws/install/share/easy_handeye2_msgs/hook/pythonpath.ps1'
[0.637s] INFO:colcon.colcon_core.shell:Creating environment descriptor '/dev_ws/install/share/easy_handeye2_msgs/hook/pythonpath.dsv'
[0.637s] INFO:colcon.colcon_core.shell:Creating environment hook '/dev_ws/install/share/easy_handeye2_msgs/hook/pythonpath.sh'
[0.637s] Level 1:colcon.colcon_core.environment:checking '/dev_ws/install/bin'
[0.637s] INFO:colcon.colcon_core.shell:Creating package script '/dev_ws/install/share/easy_handeye2_msgs/package.ps1'
[0.638s] INFO:colcon.colcon_core.shell:Creating package descriptor '/dev_ws/install/share/easy_handeye2_msgs/package.dsv'
[0.638s] INFO:colcon.colcon_core.shell:Creating package script '/dev_ws/install/share/easy_handeye2_msgs/package.sh'
[0.638s] INFO:colcon.colcon_core.shell:Creating package script '/dev_ws/install/share/easy_handeye2_msgs/package.bash'
[0.639s] INFO:colcon.colcon_core.shell:Creating package script '/dev_ws/install/share/easy_handeye2_msgs/package.zsh'
[0.639s] Level 1:colcon.colcon_core.environment:create_file_with_runtime_dependencies(/dev_ws/install/share/colcon-core/packages/easy_handeye2_msgs)
[0.639s] INFO:colcon.colcon_ros.task.ament_python.build:Building ROS package in '/dev_ws/src/easy_handeye2/easy_handeye2' with build type 'ament_python'
[0.640s] Level 1:colcon.colcon_core.shell:create_environment_hook('easy_handeye2', 'ament_prefix_path')
[0.640s] INFO:colcon.colcon_core.shell:Creating environment hook '/dev_ws/install/share/easy_handeye2/hook/ament_prefix_path.ps1'
[0.640s] INFO:colcon.colcon_core.shell:Creating environment descriptor '/dev_ws/install/share/easy_handeye2/hook/ament_prefix_path.dsv'
[0.641s] INFO:colcon.colcon_core.shell:Creating environment hook '/dev_ws/install/share/easy_handeye2/hook/ament_prefix_path.sh'
[0.641s] INFO:colcon.colcon_core.shell:Skip shell extension 'powershell' for command environment: Not usable outside of PowerShell
[0.641s] DEBUG:colcon.colcon_core.shell:Skip shell extension 'dsv' for command environment
[0.831s] INFO:colcon.colcon_core.task.python.build:Building Python package in '/dev_ws/src/easy_handeye2/easy_handeye2'
[0.831s] INFO:colcon.colcon_core.shell:Skip shell extension 'powershell' for command environment: Not usable outside of PowerShell
[0.831s] DEBUG:colcon.colcon_core.shell:Skip shell extension 'dsv' for command environment
[0.834s] DEBUG:colcon.colcon_core.event_handler.log_command:Invoked command in '/dev_ws/build/pymoveit2' returned '0': CMAKE_PREFIX_PATH=${CMAKE_PREFIX_PATH}:/opt/ros/humble /usr/bin/cmake /dev_ws/src/moveit2-introduction/pymoveit2 -DCMAKE_INSTALL_PREFIX=/dev_ws/install
[0.835s] DEBUG:colcon.colcon_core.event_handler.log_command:Invoking command in '/dev_ws/build/pymoveit2': CMAKE_PREFIX_PATH=${CMAKE_PREFIX_PATH}:/opt/ros/humble /usr/bin/cmake --build /dev_ws/build/pymoveit2 -- -j20 -l20
[0.850s] DEBUG:colcon.colcon_core.event_handler.log_command:Invoked command in '/dev_ws/build/ur_moveit_config' returned '0': CMAKE_PREFIX_PATH=${CMAKE_PREFIX_PATH}:/opt/ros/humble /usr/bin/cmake /dev_ws/src/moveit2-introduction/Universal_Robots_ROS2_Driver/ur_moveit_config -DCMAKE_INSTALL_PREFIX=/dev_ws/install
[0.851s] DEBUG:colcon.colcon_core.event_handler.log_command:Invoking command in '/dev_ws/build/ur_moveit_config': CMAKE_PREFIX_PATH=${CMAKE_PREFIX_PATH}:/opt/ros/humble /usr/bin/cmake --build /dev_ws/build/ur_moveit_config -- -j20 -l20
[1.107s] DEBUG:colcon.colcon_core.event_handler.log_command:Invoked command in '/dev_ws/build/pymoveit2' returned '0': CMAKE_PREFIX_PATH=${CMAKE_PREFIX_PATH}:/opt/ros/humble /usr/bin/cmake --build /dev_ws/build/pymoveit2 -- -j20 -l20
[1.109s] DEBUG:colcon.colcon_core.event_handler.log_command:Invoking command in '/dev_ws/build/pymoveit2': CMAKE_PREFIX_PATH=${CMAKE_PREFIX_PATH}:/opt/ros/humble /usr/bin/cmake --install /dev_ws/build/pymoveit2
[1.127s] DEBUG:colcon.colcon_core.event_handler.log_command:Invoked command in '/dev_ws/build/ur_moveit_config' returned '0': CMAKE_PREFIX_PATH=${CMAKE_PREFIX_PATH}:/opt/ros/humble /usr/bin/cmake --build /dev_ws/build/ur_moveit_config -- -j20 -l20
[1.129s] DEBUG:colcon.colcon_core.event_handler.log_command:Invoking command in '/dev_ws/build/ur_moveit_config': CMAKE_PREFIX_PATH=${CMAKE_PREFIX_PATH}:/opt/ros/humble /usr/bin/cmake --install /dev_ws/build/ur_moveit_config
[1.132s] DEBUG:colcon.colcon_core.event_handler.log_command:Invoking command in '/dev_ws/src/easy_handeye2/easy_handeye2': PYTHONPATH=/dev_ws/build/easy_handeye2/prefix_override:/usr/lib/python3/dist-packages/colcon_core/task/python/colcon_distutils_commands:/dev_ws/install/lib/python3.10/site-packages:/dev_ws/install/lib/python3.10/site-packages:/dev_ws/build/easy_handeye2:/dev_ws/install/local/lib/python3.10/dist-packages:/opt/ros/humble/lib/python3.10/site-packages:/opt/ros/humble/local/lib/python3.10/dist-packages /usr/bin/python3 -W ignore:setup.py install is deprecated -W ignore:easy_install command is deprecated setup.py egg_info --egg-base ../../../build/easy_handeye2 build --build-base /dev_ws/build/easy_handeye2/build install --record /dev_ws/build/easy_handeye2/install.log --single-version-externally-managed install_data
[1.173s] Level 1:colcon.colcon_core.environment:create_environment_scripts_only(pymoveit2)
[1.174s] DEBUG:colcon.colcon_core.event_handler.log_command:Invoked command in '/dev_ws/build/pymoveit2' returned '0': CMAKE_PREFIX_PATH=${CMAKE_PREFIX_PATH}:/opt/ros/humble /usr/bin/cmake --install /dev_ws/build/pymoveit2
[1.174s] Level 1:colcon.colcon_core.environment:checking '/dev_ws/install' for CMake module files
[1.175s] Level 1:colcon.colcon_core.environment:checking '/dev_ws/install' for CMake config files
[1.177s] Level 1:colcon.colcon_core.shell:create_environment_hook('pymoveit2', 'cmake_prefix_path')
[1.177s] INFO:colcon.colcon_core.shell:Creating environment hook '/dev_ws/install/share/pymoveit2/hook/cmake_prefix_path.ps1'
[1.178s] INFO:colcon.colcon_core.shell:Creating environment descriptor '/dev_ws/install/share/pymoveit2/hook/cmake_prefix_path.dsv'
[1.178s] INFO:colcon.colcon_core.shell:Creating environment hook '/dev_ws/install/share/pymoveit2/hook/cmake_prefix_path.sh'
[1.179s] Level 1:colcon.colcon_core.environment:checking '/dev_ws/install/lib'
[1.179s] Level 1:colcon.colcon_core.shell:create_environment_hook('pymoveit2', 'ld_library_path_lib')
[1.179s] INFO:colcon.colcon_core.shell:Creating environment hook '/dev_ws/install/share/pymoveit2/hook/ld_library_path_lib.ps1'
[1.180s] INFO:colcon.colcon_core.shell:Creating environment descriptor '/dev_ws/install/share/pymoveit2/hook/ld_library_path_lib.dsv'
[1.180s] INFO:colcon.colcon_core.shell:Creating environment hook '/dev_ws/install/share/pymoveit2/hook/ld_library_path_lib.sh'
[1.181s] Level 1:colcon.colcon_core.environment:checking '/dev_ws/install/bin'
[1.181s] Level 1:colcon.colcon_core.environment:checking '/dev_ws/install/lib/pkgconfig/pymoveit2.pc'
[1.181s] Level 1:colcon.colcon_core.environment:checking '/dev_ws/install/lib/python3.10/site-packages'
[1.181s] Level 1:colcon.colcon_core.shell:create_environment_hook('pymoveit2', 'pythonpath')
[1.182s] INFO:colcon.colcon_core.shell:Creating environment hook '/dev_ws/install/share/pymoveit2/hook/pythonpath.ps1'
[1.182s] INFO:colcon.colcon_core.shell:Creating environment descriptor '/dev_ws/install/share/pymoveit2/hook/pythonpath.dsv'
[1.182s] INFO:colcon.colcon_core.shell:Creating environment hook '/dev_ws/install/share/pymoveit2/hook/pythonpath.sh'
[1.183s] Level 1:colcon.colcon_core.environment:checking '/dev_ws/install/bin'
[1.183s] INFO:colcon.colcon_core.shell:Creating package script '/dev_ws/install/share/pymoveit2/package.ps1'
[1.184s] INFO:colcon.colcon_core.shell:Creating package descriptor '/dev_ws/install/share/pymoveit2/package.dsv'
[1.184s] INFO:colcon.colcon_core.shell:Creating package script '/dev_ws/install/share/pymoveit2/package.sh'
[1.184s] INFO:colcon.colcon_core.shell:Creating package script '/dev_ws/install/share/pymoveit2/package.bash'
[1.185s] INFO:colcon.colcon_core.shell:Creating package script '/dev_ws/install/share/pymoveit2/package.zsh'
[1.185s] Level 1:colcon.colcon_core.environment:create_file_with_runtime_dependencies(/dev_ws/install/share/colcon-core/packages/pymoveit2)
[1.185s] Level 1:colcon.colcon_core.environment:create_environment_scripts_only(pymoveit2)
[1.186s] Level 1:colcon.colcon_core.environment:checking '/dev_ws/install' for CMake module files
[1.186s] Level 1:colcon.colcon_core.environment:checking '/dev_ws/install' for CMake config files
[1.187s] Level 1:colcon.colcon_core.shell:create_environment_hook('pymoveit2', 'cmake_prefix_path')
[1.187s] INFO:colcon.colcon_core.shell:Creating environment hook '/dev_ws/install/share/pymoveit2/hook/cmake_prefix_path.ps1'
[1.187s] INFO:colcon.colcon_core.shell:Creating environment descriptor '/dev_ws/install/share/pymoveit2/hook/cmake_prefix_path.dsv'
[1.188s] INFO:colcon.colcon_core.shell:Creating environment hook '/dev_ws/install/share/pymoveit2/hook/cmake_prefix_path.sh'
[1.188s] Level 1:colcon.colcon_core.environment:checking '/dev_ws/install/lib'
[1.188s] Level 1:colcon.colcon_core.shell:create_environment_hook('pymoveit2', 'ld_library_path_lib')
[1.188s] INFO:colcon.colcon_core.shell:Creating environment hook '/dev_ws/install/share/pymoveit2/hook/ld_library_path_lib.ps1'
[1.189s] INFO:colcon.colcon_core.shell:Creating environment descriptor '/dev_ws/install/share/pymoveit2/hook/ld_library_path_lib.dsv'
[1.189s] INFO:colcon.colcon_core.shell:Creating environment hook '/dev_ws/install/share/pymoveit2/hook/ld_library_path_lib.sh'
[1.189s] Level 1:colcon.colcon_core.environment:checking '/dev_ws/install/bin'
[1.189s] Level 1:colcon.colcon_core.environment:checking '/dev_ws/install/lib/pkgconfig/pymoveit2.pc'
[1.189s] Level 1:colcon.colcon_core.environment:checking '/dev_ws/install/lib/python3.10/site-packages'
[1.189s] Level 1:colcon.colcon_core.shell:create_environment_hook('pymoveit2', 'pythonpath')
[1.190s] INFO:colcon.colcon_core.shell:Creating environment hook '/dev_ws/install/share/pymoveit2/hook/pythonpath.ps1'
[1.190s] INFO:colcon.colcon_core.shell:Creating environment descriptor '/dev_ws/install/share/pymoveit2/hook/pythonpath.dsv'
[1.190s] INFO:colcon.colcon_core.shell:Creating environment hook '/dev_ws/install/share/pymoveit2/hook/pythonpath.sh'
[1.190s] Level 1:colcon.colcon_core.environment:checking '/dev_ws/install/bin'
[1.191s] INFO:colcon.colcon_core.shell:Creating package script '/dev_ws/install/share/pymoveit2/package.ps1'
[1.191s] INFO:colcon.colcon_core.shell:Creating package descriptor '/dev_ws/install/share/pymoveit2/package.dsv'
[1.192s] INFO:colcon.colcon_core.shell:Creating package script '/dev_ws/install/share/pymoveit2/package.sh'
[1.192s] INFO:colcon.colcon_core.shell:Creating package script '/dev_ws/install/share/pymoveit2/package.bash'
[1.192s] INFO:colcon.colcon_core.shell:Creating package script '/dev_ws/install/share/pymoveit2/package.zsh'
[1.192s] Level 1:colcon.colcon_core.environment:create_file_with_runtime_dependencies(/dev_ws/install/share/colcon-core/packages/pymoveit2)
[1.206s] Level 1:colcon.colcon_core.environment:create_environment_scripts_only(ur_moveit_config)
[1.206s] Level 1:colcon.colcon_core.environment:checking '/dev_ws/install' for CMake module files
[1.206s] DEBUG:colcon.colcon_core.event_handler.log_command:Invoked command in '/dev_ws/build/ur_moveit_config' returned '0': CMAKE_PREFIX_PATH=${CMAKE_PREFIX_PATH}:/opt/ros/humble /usr/bin/cmake --install /dev_ws/build/ur_moveit_config
[1.207s] Level 1:colcon.colcon_core.environment:checking '/dev_ws/install' for CMake config files
[1.207s] Level 1:colcon.colcon_core.shell:create_environment_hook('ur_moveit_config', 'cmake_prefix_path')
[1.208s] INFO:colcon.colcon_core.shell:Creating environment hook '/dev_ws/install/share/ur_moveit_config/hook/cmake_prefix_path.ps1'
[1.208s] INFO:colcon.colcon_core.shell:Creating environment descriptor '/dev_ws/install/share/ur_moveit_config/hook/cmake_prefix_path.dsv'
[1.208s] INFO:colcon.colcon_core.shell:Creating environment hook '/dev_ws/install/share/ur_moveit_config/hook/cmake_prefix_path.sh'
[1.209s] Level 1:colcon.colcon_core.environment:checking '/dev_ws/install/lib'
[1.209s] Level 1:colcon.colcon_core.shell:create_environment_hook('ur_moveit_config', 'ld_library_path_lib')
[1.209s] INFO:colcon.colcon_core.shell:Creating environment hook '/dev_ws/install/share/ur_moveit_config/hook/ld_library_path_lib.ps1'
[1.209s] INFO:colcon.colcon_core.shell:Creating environment descriptor '/dev_ws/install/share/ur_moveit_config/hook/ld_library_path_lib.dsv'
[1.209s] INFO:colcon.colcon_core.shell:Creating environment hook '/dev_ws/install/share/ur_moveit_config/hook/ld_library_path_lib.sh'
[1.210s] Level 1:colcon.colcon_core.environment:checking '/dev_ws/install/bin'
[1.210s] Level 1:colcon.colcon_core.environment:checking '/dev_ws/install/lib/pkgconfig/ur_moveit_config.pc'
[1.210s] Level 1:colcon.colcon_core.environment:checking '/dev_ws/install/lib/python3.10/site-packages'
[1.210s] Level 1:colcon.colcon_core.shell:create_environment_hook('ur_moveit_config', 'pythonpath')
[1.210s] INFO:colcon.colcon_core.shell:Creating environment hook '/dev_ws/install/share/ur_moveit_config/hook/pythonpath.ps1'
[1.211s] INFO:colcon.colcon_core.shell:Creating environment descriptor '/dev_ws/install/share/ur_moveit_config/hook/pythonpath.dsv'
[1.211s] INFO:colcon.colcon_core.shell:Creating environment hook '/dev_ws/install/share/ur_moveit_config/hook/pythonpath.sh'
[1.211s] Level 1:colcon.colcon_core.environment:checking '/dev_ws/install/bin'
[1.211s] INFO:colcon.colcon_core.shell:Creating package script '/dev_ws/install/share/ur_moveit_config/package.ps1'
[1.212s] INFO:colcon.colcon_core.shell:Creating package descriptor '/dev_ws/install/share/ur_moveit_config/package.dsv'
[1.212s] INFO:colcon.colcon_core.shell:Creating package script '/dev_ws/install/share/ur_moveit_config/package.sh'
[1.213s] INFO:colcon.colcon_core.shell:Creating package script '/dev_ws/install/share/ur_moveit_config/package.bash'
[1.213s] INFO:colcon.colcon_core.shell:Creating package script '/dev_ws/install/share/ur_moveit_config/package.zsh'
[1.213s] Level 1:colcon.colcon_core.environment:create_file_with_runtime_dependencies(/dev_ws/install/share/colcon-core/packages/ur_moveit_config)
[1.213s] Level 1:colcon.colcon_core.environment:create_environment_scripts_only(ur_moveit_config)
[1.214s] Level 1:colcon.colcon_core.environment:checking '/dev_ws/install' for CMake module files
[1.214s] Level 1:colcon.colcon_core.environment:checking '/dev_ws/install' for CMake config files
[1.215s] Level 1:colcon.colcon_core.shell:create_environment_hook('ur_moveit_config', 'cmake_prefix_path')
[1.215s] INFO:colcon.colcon_core.shell:Creating environment hook '/dev_ws/install/share/ur_moveit_config/hook/cmake_prefix_path.ps1'
[1.215s] INFO:colcon.colcon_core.shell:Creating environment descriptor '/dev_ws/install/share/ur_moveit_config/hook/cmake_prefix_path.dsv'
[1.215s] INFO:colcon.colcon_core.shell:Creating environment hook '/dev_ws/install/share/ur_moveit_config/hook/cmake_prefix_path.sh'
[1.216s] Level 1:colcon.colcon_core.environment:checking '/dev_ws/install/lib'
[1.216s] Level 1:colcon.colcon_core.shell:create_environment_hook('ur_moveit_config', 'ld_library_path_lib')
[1.216s] INFO:colcon.colcon_core.shell:Creating environment hook '/dev_ws/install/share/ur_moveit_config/hook/ld_library_path_lib.ps1'
[1.217s] INFO:colcon.colcon_core.shell:Creating environment descriptor '/dev_ws/install/share/ur_moveit_config/hook/ld_library_path_lib.dsv'
[1.217s] INFO:colcon.colcon_core.shell:Creating environment hook '/dev_ws/install/share/ur_moveit_config/hook/ld_library_path_lib.sh'
[1.217s] Level 1:colcon.colcon_core.environment:checking '/dev_ws/install/bin'
[1.217s] Level 1:colcon.colcon_core.environment:checking '/dev_ws/install/lib/pkgconfig/ur_moveit_config.pc'
[1.217s] Level 1:colcon.colcon_core.environment:checking '/dev_ws/install/lib/python3.10/site-packages'
[1.217s] Level 1:colcon.colcon_core.shell:create_environment_hook('ur_moveit_config', 'pythonpath')
[1.218s] INFO:colcon.colcon_core.shell:Creating environment hook '/dev_ws/install/share/ur_moveit_config/hook/pythonpath.ps1'
[1.218s] INFO:colcon.colcon_core.shell:Creating environment descriptor '/dev_ws/install/share/ur_moveit_config/hook/pythonpath.dsv'
[1.218s] INFO:colcon.colcon_core.shell:Creating environment hook '/dev_ws/install/share/ur_moveit_config/hook/pythonpath.sh'
[1.218s] Level 1:colcon.colcon_core.environment:checking '/dev_ws/install/bin'
[1.219s] INFO:colcon.colcon_core.shell:Creating package script '/dev_ws/install/share/ur_moveit_config/package.ps1'
[1.219s] INFO:colcon.colcon_core.shell:Creating package descriptor '/dev_ws/install/share/ur_moveit_config/package.dsv'
[1.220s] INFO:colcon.colcon_core.shell:Creating package script '/dev_ws/install/share/ur_moveit_config/package.sh'
[1.220s] INFO:colcon.colcon_core.shell:Creating package script '/dev_ws/install/share/ur_moveit_config/package.bash'
[1.220s] INFO:colcon.colcon_core.shell:Creating package script '/dev_ws/install/share/ur_moveit_config/package.zsh'
[1.220s] Level 1:colcon.colcon_core.environment:create_file_with_runtime_dependencies(/dev_ws/install/share/colcon-core/packages/ur_moveit_config)
[1.363s] Level 1:colcon.colcon_core.environment:checking '/dev_ws/install' for CMake module files
[1.363s] DEBUG:colcon.colcon_core.event_handler.log_command:Invoked command in '/dev_ws/src/easy_handeye2/easy_handeye2' returned '0': PYTHONPATH=/dev_ws/build/easy_handeye2/prefix_override:/usr/lib/python3/dist-packages/colcon_core/task/python/colcon_distutils_commands:/dev_ws/install/lib/python3.10/site-packages:/dev_ws/install/lib/python3.10/site-packages:/dev_ws/build/easy_handeye2:/dev_ws/install/local/lib/python3.10/dist-packages:/opt/ros/humble/lib/python3.10/site-packages:/opt/ros/humble/local/lib/python3.10/dist-packages /usr/bin/python3 -W ignore:setup.py install is deprecated -W ignore:easy_install command is deprecated setup.py egg_info --egg-base ../../../build/easy_handeye2 build --build-base /dev_ws/build/easy_handeye2/build install --record /dev_ws/build/easy_handeye2/install.log --single-version-externally-managed install_data
[1.364s] Level 1:colcon.colcon_core.environment:checking '/dev_ws/install' for CMake config files
[1.365s] Level 1:colcon.colcon_core.shell:create_environment_hook('easy_handeye2', 'cmake_prefix_path')
[1.365s] INFO:colcon.colcon_core.shell:Creating environment hook '/dev_ws/install/share/easy_handeye2/hook/cmake_prefix_path.ps1'
[1.366s] INFO:colcon.colcon_core.shell:Creating environment descriptor '/dev_ws/install/share/easy_handeye2/hook/cmake_prefix_path.dsv'
[1.367s] INFO:colcon.colcon_core.shell:Creating environment hook '/dev_ws/install/share/easy_handeye2/hook/cmake_prefix_path.sh'
[1.367s] Level 1:colcon.colcon_core.environment:checking '/dev_ws/install/lib'
[1.367s] Level 1:colcon.colcon_core.shell:create_environment_hook('easy_handeye2', 'ld_library_path_lib')
[1.368s] INFO:colcon.colcon_core.shell:Creating environment hook '/dev_ws/install/share/easy_handeye2/hook/ld_library_path_lib.ps1'
[1.368s] INFO:colcon.colcon_core.shell:Creating environment descriptor '/dev_ws/install/share/easy_handeye2/hook/ld_library_path_lib.dsv'
[1.369s] INFO:colcon.colcon_core.shell:Creating environment hook '/dev_ws/install/share/easy_handeye2/hook/ld_library_path_lib.sh'
[1.369s] Level 1:colcon.colcon_core.environment:checking '/dev_ws/install/bin'
[1.369s] Level 1:colcon.colcon_core.environment:checking '/dev_ws/install/lib/pkgconfig/easy_handeye2.pc'
[1.370s] Level 1:colcon.colcon_core.environment:checking '/dev_ws/install/lib/python3.10/site-packages'
[1.370s] Level 1:colcon.colcon_core.shell:create_environment_hook('easy_handeye2', 'pythonpath')
[1.370s] INFO:colcon.colcon_core.shell:Creating environment hook '/dev_ws/install/share/easy_handeye2/hook/pythonpath.ps1'
[1.370s] INFO:colcon.colcon_core.shell:Creating environment descriptor '/dev_ws/install/share/easy_handeye2/hook/pythonpath.dsv'
[1.371s] INFO:colcon.colcon_core.shell:Creating environment hook '/dev_ws/install/share/easy_handeye2/hook/pythonpath.sh'
[1.372s] Level 1:colcon.colcon_core.environment:checking '/dev_ws/install/bin'
[1.372s] Level 1:colcon.colcon_core.environment:create_environment_scripts_only(easy_handeye2)
[1.372s] INFO:colcon.colcon_core.shell:Creating package script '/dev_ws/install/share/easy_handeye2/package.ps1'
[1.373s] INFO:colcon.colcon_core.shell:Creating package descriptor '/dev_ws/install/share/easy_handeye2/package.dsv'
[1.374s] INFO:colcon.colcon_core.shell:Creating package script '/dev_ws/install/share/easy_handeye2/package.sh'
[1.374s] INFO:colcon.colcon_core.shell:Creating package script '/dev_ws/install/share/easy_handeye2/package.bash'
[1.375s] INFO:colcon.colcon_core.shell:Creating package script '/dev_ws/install/share/easy_handeye2/package.zsh'
[1.375s] Level 1:colcon.colcon_core.environment:create_file_with_runtime_dependencies(/dev_ws/install/share/colcon-core/packages/easy_handeye2)
[1.688s] DEBUG:colcon.colcon_core.event_handler.log_command:Invoked command in '/dev_ws/build/ur_dashboard_msgs' returned '0': CMAKE_PREFIX_PATH=${CMAKE_PREFIX_PATH}:/opt/ros/humble /usr/bin/cmake /dev_ws/src/moveit2-introduction/Universal_Robots_ROS2_Driver/ur_dashboard_msgs -DCMAKE_INSTALL_PREFIX=/dev_ws/install
[1.690s] DEBUG:colcon.colcon_core.event_handler.log_command:Invoking command in '/dev_ws/build/ur_dashboard_msgs': CMAKE_PREFIX_PATH=${CMAKE_PREFIX_PATH}:/opt/ros/humble /usr/bin/cmake --build /dev_ws/build/ur_dashboard_msgs -- -j20 -l20
[8.213s] DEBUG:colcon.colcon_core.event_handler.log_command:Invoked command in '/dev_ws/build/ur_dashboard_msgs' returned '0': CMAKE_PREFIX_PATH=${CMAKE_PREFIX_PATH}:/opt/ros/humble /usr/bin/cmake --build /dev_ws/build/ur_dashboard_msgs -- -j20 -l20
[8.214s] DEBUG:colcon.colcon_core.event_handler.log_command:Invoking command in '/dev_ws/build/ur_dashboard_msgs': CMAKE_PREFIX_PATH=${CMAKE_PREFIX_PATH}:/opt/ros/humble /usr/bin/cmake --install /dev_ws/build/ur_dashboard_msgs
[8.295s] Level 1:colcon.colcon_core.environment:create_environment_scripts_only(ur_dashboard_msgs)
[8.295s] Level 1:colcon.colcon_core.environment:checking '/dev_ws/install' for CMake module files
[8.295s] DEBUG:colcon.colcon_core.event_handler.log_command:Invoked command in '/dev_ws/build/ur_dashboard_msgs' returned '0': CMAKE_PREFIX_PATH=${CMAKE_PREFIX_PATH}:/opt/ros/humble /usr/bin/cmake --install /dev_ws/build/ur_dashboard_msgs
[8.296s] Level 1:colcon.colcon_core.environment:checking '/dev_ws/install' for CMake config files
[8.297s] Level 1:colcon.colcon_core.shell:create_environment_hook('ur_dashboard_msgs', 'cmake_prefix_path')
[8.297s] INFO:colcon.colcon_core.shell:Creating environment hook '/dev_ws/install/share/ur_dashboard_msgs/hook/cmake_prefix_path.ps1'
[8.297s] INFO:colcon.colcon_core.shell:Creating environment descriptor '/dev_ws/install/share/ur_dashboard_msgs/hook/cmake_prefix_path.dsv'
[8.297s] INFO:colcon.colcon_core.shell:Creating environment hook '/dev_ws/install/share/ur_dashboard_msgs/hook/cmake_prefix_path.sh'
[8.298s] Level 1:colcon.colcon_core.environment:checking '/dev_ws/install/lib'
[8.298s] Level 1:colcon.colcon_core.shell:create_environment_hook('ur_dashboard_msgs', 'ld_library_path_lib')
[8.298s] INFO:colcon.colcon_core.shell:Creating environment hook '/dev_ws/install/share/ur_dashboard_msgs/hook/ld_library_path_lib.ps1'
[8.298s] INFO:colcon.colcon_core.shell:Creating environment descriptor '/dev_ws/install/share/ur_dashboard_msgs/hook/ld_library_path_lib.dsv'
[8.298s] INFO:colcon.colcon_core.shell:Creating environment hook '/dev_ws/install/share/ur_dashboard_msgs/hook/ld_library_path_lib.sh'
[8.298s] Level 1:colcon.colcon_core.environment:checking '/dev_ws/install/bin'
[8.298s] Level 1:colcon.colcon_core.environment:checking '/dev_ws/install/lib/pkgconfig/ur_dashboard_msgs.pc'
[8.299s] Level 1:colcon.colcon_core.environment:checking '/dev_ws/install/lib/python3.10/site-packages'
[8.299s] Level 1:colcon.colcon_core.shell:create_environment_hook('ur_dashboard_msgs', 'pythonpath')
[8.299s] INFO:colcon.colcon_core.shell:Creating environment hook '/dev_ws/install/share/ur_dashboard_msgs/hook/pythonpath.ps1'
[8.299s] INFO:colcon.colcon_core.shell:Creating environment descriptor '/dev_ws/install/share/ur_dashboard_msgs/hook/pythonpath.dsv'
[8.299s] INFO:colcon.colcon_core.shell:Creating environment hook '/dev_ws/install/share/ur_dashboard_msgs/hook/pythonpath.sh'
[8.299s] Level 1:colcon.colcon_core.environment:checking '/dev_ws/install/bin'
[8.300s] INFO:colcon.colcon_core.shell:Creating package script '/dev_ws/install/share/ur_dashboard_msgs/package.ps1'
[8.300s] INFO:colcon.colcon_core.shell:Creating package descriptor '/dev_ws/install/share/ur_dashboard_msgs/package.dsv'
[8.300s] INFO:colcon.colcon_core.shell:Creating package script '/dev_ws/install/share/ur_dashboard_msgs/package.sh'
[8.300s] INFO:colcon.colcon_core.shell:Creating package script '/dev_ws/install/share/ur_dashboard_msgs/package.bash'
[8.301s] INFO:colcon.colcon_core.shell:Creating package script '/dev_ws/install/share/ur_dashboard_msgs/package.zsh'
[8.301s] Level 1:colcon.colcon_core.environment:create_file_with_runtime_dependencies(/dev_ws/install/share/colcon-core/packages/ur_dashboard_msgs)
[8.301s] Level 1:colcon.colcon_core.environment:create_environment_scripts_only(ur_dashboard_msgs)
[8.301s] Level 1:colcon.colcon_core.environment:checking '/dev_ws/install' for CMake module files
[8.301s] Level 1:colcon.colcon_core.environment:checking '/dev_ws/install' for CMake config files
[8.302s] Level 1:colcon.colcon_core.shell:create_environment_hook('ur_dashboard_msgs', 'cmake_prefix_path')
[8.302s] INFO:colcon.colcon_core.shell:Creating environment hook '/dev_ws/install/share/ur_dashboard_msgs/hook/cmake_prefix_path.ps1'
[8.303s] INFO:colcon.colcon_core.shell:Creating environment descriptor '/dev_ws/install/share/ur_dashboard_msgs/hook/cmake_prefix_path.dsv'
[8.303s] INFO:colcon.colcon_core.shell:Creating environment hook '/dev_ws/install/share/ur_dashboard_msgs/hook/cmake_prefix_path.sh'
[8.303s] Level 1:colcon.colcon_core.environment:checking '/dev_ws/install/lib'
[8.303s] Level 1:colcon.colcon_core.shell:create_environment_hook('ur_dashboard_msgs', 'ld_library_path_lib')
[8.303s] INFO:colcon.colcon_core.shell:Creating environment hook '/dev_ws/install/share/ur_dashboard_msgs/hook/ld_library_path_lib.ps1'
[8.304s] INFO:colcon.colcon_core.shell:Creating environment descriptor '/dev_ws/install/share/ur_dashboard_msgs/hook/ld_library_path_lib.dsv'
[8.304s] INFO:colcon.colcon_core.shell:Creating environment hook '/dev_ws/install/share/ur_dashboard_msgs/hook/ld_library_path_lib.sh'
[8.304s] Level 1:colcon.colcon_core.environment:checking '/dev_ws/install/bin'
[8.304s] Level 1:colcon.colcon_core.environment:checking '/dev_ws/install/lib/pkgconfig/ur_dashboard_msgs.pc'
[8.304s] Level 1:colcon.colcon_core.environment:checking '/dev_ws/install/lib/python3.10/site-packages'
[8.304s] Level 1:colcon.colcon_core.shell:create_environment_hook('ur_dashboard_msgs', 'pythonpath')
[8.304s] INFO:colcon.colcon_core.shell:Creating environment hook '/dev_ws/install/share/ur_dashboard_msgs/hook/pythonpath.ps1'
[8.304s] INFO:colcon.colcon_core.shell:Creating environment descriptor '/dev_ws/install/share/ur_dashboard_msgs/hook/pythonpath.dsv'
[8.305s] INFO:colcon.colcon_core.shell:Creating environment hook '/dev_ws/install/share/ur_dashboard_msgs/hook/pythonpath.sh'
[8.305s] Level 1:colcon.colcon_core.environment:checking '/dev_ws/install/bin'
[8.305s] INFO:colcon.colcon_core.shell:Creating package script '/dev_ws/install/share/ur_dashboard_msgs/package.ps1'
[8.305s] INFO:colcon.colcon_core.shell:Creating package descriptor '/dev_ws/install/share/ur_dashboard_msgs/package.dsv'
[8.306s] INFO:colcon.colcon_core.shell:Creating package script '/dev_ws/install/share/ur_dashboard_msgs/package.sh'
[8.306s] INFO:colcon.colcon_core.shell:Creating package script '/dev_ws/install/share/ur_dashboard_msgs/package.bash'
[8.306s] INFO:colcon.colcon_core.shell:Creating package script '/dev_ws/install/share/ur_dashboard_msgs/package.zsh'
[8.307s] Level 1:colcon.colcon_core.environment:create_file_with_runtime_dependencies(/dev_ws/install/share/colcon-core/packages/ur_dashboard_msgs)
[8.307s] INFO:colcon.colcon_ros.task.ament_cmake.build:Building ROS package in '/dev_ws/src/moveit2-introduction/Universal_Robots_ROS2_Driver/ur_controllers' with build type 'ament_cmake'
[8.307s] INFO:colcon.colcon_cmake.task.cmake.build:Building CMake package in '/dev_ws/src/moveit2-introduction/Universal_Robots_ROS2_Driver/ur_controllers'
[8.307s] INFO:colcon.colcon_core.shell:Skip shell extension 'powershell' for command environment: Not usable outside of PowerShell
[8.307s] DEBUG:colcon.colcon_core.shell:Skip shell extension 'dsv' for command environment
[8.314s] DEBUG:colcon.colcon_core.event_handler.log_command:Invoking command in '/dev_ws/build/ur_controllers': CMAKE_PREFIX_PATH=${CMAKE_PREFIX_PATH}:/opt/ros/humble PYTHONPATH=/dev_ws/install/lib/python3.10/site-packages:/dev_ws/build/easy_handeye2:/dev_ws/install/local/lib/python3.10/dist-packages:/opt/ros/humble/lib/python3.10/site-packages:/opt/ros/humble/local/lib/python3.10/dist-packages /usr/bin/cmake /dev_ws/src/moveit2-introduction/Universal_Robots_ROS2_Driver/ur_controllers -DCMAKE_INSTALL_PREFIX=/dev_ws/install
[9.741s] DEBUG:colcon.colcon_core.event_handler.log_command:Invoked command in '/dev_ws/build/ur_controllers' returned '0': CMAKE_PREFIX_PATH=${CMAKE_PREFIX_PATH}:/opt/ros/humble PYTHONPATH=/dev_ws/install/lib/python3.10/site-packages:/dev_ws/build/easy_handeye2:/dev_ws/install/local/lib/python3.10/dist-packages:/opt/ros/humble/lib/python3.10/site-packages:/opt/ros/humble/local/lib/python3.10/dist-packages /usr/bin/cmake /dev_ws/src/moveit2-introduction/Universal_Robots_ROS2_Driver/ur_controllers -DCMAKE_INSTALL_PREFIX=/dev_ws/install
[9.742s] DEBUG:colcon.colcon_core.event_handler.log_command:Invoking command in '/dev_ws/build/ur_controllers': CMAKE_PREFIX_PATH=${CMAKE_PREFIX_PATH}:/opt/ros/humble PYTHONPATH=/dev_ws/install/lib/python3.10/site-packages:/dev_ws/build/easy_handeye2:/dev_ws/install/local/lib/python3.10/dist-packages:/opt/ros/humble/lib/python3.10/site-packages:/opt/ros/humble/local/lib/python3.10/dist-packages /usr/bin/cmake --build /dev_ws/build/ur_controllers -- -j20 -l20
[16.545s] DEBUG:colcon.colcon_core.event_handler.log_command:Invoked command in '/dev_ws/build/ur_controllers' returned '0': CMAKE_PREFIX_PATH=${CMAKE_PREFIX_PATH}:/opt/ros/humble PYTHONPATH=/dev_ws/install/lib/python3.10/site-packages:/dev_ws/build/easy_handeye2:/dev_ws/install/local/lib/python3.10/dist-packages:/opt/ros/humble/lib/python3.10/site-packages:/opt/ros/humble/local/lib/python3.10/dist-packages /usr/bin/cmake --build /dev_ws/build/ur_controllers -- -j20 -l20
[16.546s] DEBUG:colcon.colcon_core.event_handler.log_command:Invoking command in '/dev_ws/build/ur_controllers': CMAKE_PREFIX_PATH=${CMAKE_PREFIX_PATH}:/opt/ros/humble PYTHONPATH=/dev_ws/install/lib/python3.10/site-packages:/dev_ws/build/easy_handeye2:/dev_ws/install/local/lib/python3.10/dist-packages:/opt/ros/humble/lib/python3.10/site-packages:/opt/ros/humble/local/lib/python3.10/dist-packages /usr/bin/cmake --install /dev_ws/build/ur_controllers
[16.561s] Level 1:colcon.colcon_core.environment:create_environment_scripts_only(ur_controllers)
[16.561s] Level 1:colcon.colcon_core.environment:checking '/dev_ws/install' for CMake module files
[16.562s] DEBUG:colcon.colcon_core.event_handler.log_command:Invoked command in '/dev_ws/build/ur_controllers' returned '0': CMAKE_PREFIX_PATH=${CMAKE_PREFIX_PATH}:/opt/ros/humble PYTHONPATH=/dev_ws/install/lib/python3.10/site-packages:/dev_ws/build/easy_handeye2:/dev_ws/install/local/lib/python3.10/dist-packages:/opt/ros/humble/lib/python3.10/site-packages:/opt/ros/humble/local/lib/python3.10/dist-packages /usr/bin/cmake --install /dev_ws/build/ur_controllers
[16.562s] Level 1:colcon.colcon_core.environment:checking '/dev_ws/install' for CMake config files
[16.563s] Level 1:colcon.colcon_core.shell:create_environment_hook('ur_controllers', 'cmake_prefix_path')
[16.563s] INFO:colcon.colcon_core.shell:Creating environment hook '/dev_ws/install/share/ur_controllers/hook/cmake_prefix_path.ps1'
[16.563s] INFO:colcon.colcon_core.shell:Creating environment descriptor '/dev_ws/install/share/ur_controllers/hook/cmake_prefix_path.dsv'
[16.564s] INFO:colcon.colcon_core.shell:Creating environment hook '/dev_ws/install/share/ur_controllers/hook/cmake_prefix_path.sh'
[16.564s] Level 1:colcon.colcon_core.environment:checking '/dev_ws/install/lib'
[16.564s] Level 1:colcon.colcon_core.shell:create_environment_hook('ur_controllers', 'ld_library_path_lib')
[16.564s] INFO:colcon.colcon_core.shell:Creating environment hook '/dev_ws/install/share/ur_controllers/hook/ld_library_path_lib.ps1'
[16.564s] INFO:colcon.colcon_core.shell:Creating environment descriptor '/dev_ws/install/share/ur_controllers/hook/ld_library_path_lib.dsv'
[16.565s] INFO:colcon.colcon_core.shell:Creating environment hook '/dev_ws/install/share/ur_controllers/hook/ld_library_path_lib.sh'
[16.565s] Level 1:colcon.colcon_core.environment:checking '/dev_ws/install/bin'
[16.565s] Level 1:colcon.colcon_core.environment:checking '/dev_ws/install/lib/pkgconfig/ur_controllers.pc'
[16.565s] Level 1:colcon.colcon_core.environment:checking '/dev_ws/install/lib/python3.10/site-packages'
[16.565s] Level 1:colcon.colcon_core.shell:create_environment_hook('ur_controllers', 'pythonpath')
[16.565s] INFO:colcon.colcon_core.shell:Creating environment hook '/dev_ws/install/share/ur_controllers/hook/pythonpath.ps1'
[16.565s] INFO:colcon.colcon_core.shell:Creating environment descriptor '/dev_ws/install/share/ur_controllers/hook/pythonpath.dsv'
[16.565s] INFO:colcon.colcon_core.shell:Creating environment hook '/dev_ws/install/share/ur_controllers/hook/pythonpath.sh'
[16.566s] Level 1:colcon.colcon_core.environment:checking '/dev_ws/install/bin'
[16.566s] INFO:colcon.colcon_core.shell:Creating package script '/dev_ws/install/share/ur_controllers/package.ps1'
[16.566s] INFO:colcon.colcon_core.shell:Creating package descriptor '/dev_ws/install/share/ur_controllers/package.dsv'
[16.567s] INFO:colcon.colcon_core.shell:Creating package script '/dev_ws/install/share/ur_controllers/package.sh'
[16.567s] INFO:colcon.colcon_core.shell:Creating package script '/dev_ws/install/share/ur_controllers/package.bash'
[16.567s] INFO:colcon.colcon_core.shell:Creating package script '/dev_ws/install/share/ur_controllers/package.zsh'
[16.567s] Level 1:colcon.colcon_core.environment:create_file_with_runtime_dependencies(/dev_ws/install/share/colcon-core/packages/ur_controllers)
[16.568s] Level 1:colcon.colcon_core.environment:create_environment_scripts_only(ur_controllers)
[16.568s] Level 1:colcon.colcon_core.environment:checking '/dev_ws/install' for CMake module files
[16.568s] Level 1:colcon.colcon_core.environment:checking '/dev_ws/install' for CMake config files
[16.569s] Level 1:colcon.colcon_core.shell:create_environment_hook('ur_controllers', 'cmake_prefix_path')
[16.569s] INFO:colcon.colcon_core.shell:Creating environment hook '/dev_ws/install/share/ur_controllers/hook/cmake_prefix_path.ps1'
[16.570s] INFO:colcon.colcon_core.shell:Creating environment descriptor '/dev_ws/install/share/ur_controllers/hook/cmake_prefix_path.dsv'
[16.570s] INFO:colcon.colcon_core.shell:Creating environment hook '/dev_ws/install/share/ur_controllers/hook/cmake_prefix_path.sh'
[16.571s] Level 1:colcon.colcon_core.environment:checking '/dev_ws/install/lib'
[16.571s] Level 1:colcon.colcon_core.shell:create_environment_hook('ur_controllers', 'ld_library_path_lib')
[16.571s] INFO:colcon.colcon_core.shell:Creating environment hook '/dev_ws/install/share/ur_controllers/hook/ld_library_path_lib.ps1'
[16.571s] INFO:colcon.colcon_core.shell:Creating environment descriptor '/dev_ws/install/share/ur_controllers/hook/ld_library_path_lib.dsv'
[16.571s] INFO:colcon.colcon_core.shell:Creating environment hook '/dev_ws/install/share/ur_controllers/hook/ld_library_path_lib.sh'
[16.572s] Level 1:colcon.colcon_core.environment:checking '/dev_ws/install/bin'
[16.572s] Level 1:colcon.colcon_core.environment:checking '/dev_ws/install/lib/pkgconfig/ur_controllers.pc'
[16.572s] Level 1:colcon.colcon_core.environment:checking '/dev_ws/install/lib/python3.10/site-packages'
[16.572s] Level 1:colcon.colcon_core.shell:create_environment_hook('ur_controllers', 'pythonpath')
[16.572s] INFO:colcon.colcon_core.shell:Creating environment hook '/dev_ws/install/share/ur_controllers/hook/pythonpath.ps1'
[16.572s] INFO:colcon.colcon_core.shell:Creating environment descriptor '/dev_ws/install/share/ur_controllers/hook/pythonpath.dsv'
[16.572s] INFO:colcon.colcon_core.shell:Creating environment hook '/dev_ws/install/share/ur_controllers/hook/pythonpath.sh'
[16.573s] Level 1:colcon.colcon_core.environment:checking '/dev_ws/install/bin'
[16.573s] INFO:colcon.colcon_core.shell:Creating package script '/dev_ws/install/share/ur_controllers/package.ps1'
[16.573s] INFO:colcon.colcon_core.shell:Creating package descriptor '/dev_ws/install/share/ur_controllers/package.dsv'
[16.574s] INFO:colcon.colcon_core.shell:Creating package script '/dev_ws/install/share/ur_controllers/package.sh'
[16.574s] INFO:colcon.colcon_core.shell:Creating package script '/dev_ws/install/share/ur_controllers/package.bash'
[16.574s] INFO:colcon.colcon_core.shell:Creating package script '/dev_ws/install/share/ur_controllers/package.zsh'
[16.574s] Level 1:colcon.colcon_core.environment:create_file_with_runtime_dependencies(/dev_ws/install/share/colcon-core/packages/ur_controllers)
[16.574s] INFO:colcon.colcon_ros.task.ament_cmake.build:Building ROS package in '/dev_ws/src/moveit2-introduction/Universal_Robots_ROS2_Driver/ur_robot_driver' with build type 'ament_cmake'
[16.575s] INFO:colcon.colcon_cmake.task.cmake.build:Building CMake package in '/dev_ws/src/moveit2-introduction/Universal_Robots_ROS2_Driver/ur_robot_driver'
[16.575s] INFO:colcon.colcon_core.shell:Skip shell extension 'powershell' for command environment: Not usable outside of PowerShell
[16.575s] DEBUG:colcon.colcon_core.shell:Skip shell extension 'dsv' for command environment
[16.577s] INFO:colcon.colcon_ros.task.ament_cmake.build:Building ROS package in '/dev_ws/src/moveit2-introduction/Universal_Robots_ROS2_Driver/ur_bringup' with build type 'ament_cmake'
[16.577s] INFO:colcon.colcon_cmake.task.cmake.build:Building CMake package in '/dev_ws/src/moveit2-introduction/Universal_Robots_ROS2_Driver/ur_bringup'
[16.577s] INFO:colcon.colcon_core.shell:Skip shell extension 'powershell' for command environment: Not usable outside of PowerShell
[16.578s] DEBUG:colcon.colcon_core.shell:Skip shell extension 'dsv' for command environment
[16.587s] DEBUG:colcon.colcon_core.event_handler.log_command:Invoking command in '/dev_ws/build/ur_robot_driver': CMAKE_PREFIX_PATH=${CMAKE_PREFIX_PATH}:/opt/ros/humble PYTHONPATH=/dev_ws/install/lib/python3.10/site-packages:/dev_ws/build/easy_handeye2:/dev_ws/install/local/lib/python3.10/dist-packages:/opt/ros/humble/lib/python3.10/site-packages:/opt/ros/humble/local/lib/python3.10/dist-packages /usr/bin/cmake /dev_ws/src/moveit2-introduction/Universal_Robots_ROS2_Driver/ur_robot_driver -DCMAKE_INSTALL_PREFIX=/dev_ws/install
[16.592s] DEBUG:colcon.colcon_core.event_handler.log_command:Invoking command in '/dev_ws/build/ur_bringup': CMAKE_PREFIX_PATH=${CMAKE_PREFIX_PATH}:/opt/ros/humble PYTHONPATH=/dev_ws/install/lib/python3.10/site-packages:/dev_ws/build/easy_handeye2:/dev_ws/install/local/lib/python3.10/dist-packages:/opt/ros/humble/lib/python3.10/site-packages:/opt/ros/humble/local/lib/python3.10/dist-packages /usr/bin/cmake /dev_ws/src/moveit2-introduction/Universal_Robots_ROS2_Driver/ur_bringup -DCMAKE_INSTALL_PREFIX=/dev_ws/install
[17.127s] DEBUG:colcon.colcon_core.event_handler.log_command:Invoked command in '/dev_ws/build/ur_bringup' returned '0': CMAKE_PREFIX_PATH=${CMAKE_PREFIX_PATH}:/opt/ros/humble PYTHONPATH=/dev_ws/install/lib/python3.10/site-packages:/dev_ws/build/easy_handeye2:/dev_ws/install/local/lib/python3.10/dist-packages:/opt/ros/humble/lib/python3.10/site-packages:/opt/ros/humble/local/lib/python3.10/dist-packages /usr/bin/cmake /dev_ws/src/moveit2-introduction/Universal_Robots_ROS2_Driver/ur_bringup -DCMAKE_INSTALL_PREFIX=/dev_ws/install
[17.128s] DEBUG:colcon.colcon_core.event_handler.log_command:Invoking command in '/dev_ws/build/ur_bringup': CMAKE_PREFIX_PATH=${CMAKE_PREFIX_PATH}:/opt/ros/humble PYTHONPATH=/dev_ws/install/lib/python3.10/site-packages:/dev_ws/build/easy_handeye2:/dev_ws/install/local/lib/python3.10/dist-packages:/opt/ros/humble/lib/python3.10/site-packages:/opt/ros/humble/local/lib/python3.10/dist-packages /usr/bin/cmake --build /dev_ws/build/ur_bringup -- -j20 -l20
[17.159s] DEBUG:colcon.colcon_core.event_handler.log_command:Invoked command in '/dev_ws/build/ur_bringup' returned '0': CMAKE_PREFIX_PATH=${CMAKE_PREFIX_PATH}:/opt/ros/humble PYTHONPATH=/dev_ws/install/lib/python3.10/site-packages:/dev_ws/build/easy_handeye2:/dev_ws/install/local/lib/python3.10/dist-packages:/opt/ros/humble/lib/python3.10/site-packages:/opt/ros/humble/local/lib/python3.10/dist-packages /usr/bin/cmake --build /dev_ws/build/ur_bringup -- -j20 -l20
[17.160s] DEBUG:colcon.colcon_core.event_handler.log_command:Invoking command in '/dev_ws/build/ur_bringup': CMAKE_PREFIX_PATH=${CMAKE_PREFIX_PATH}:/opt/ros/humble PYTHONPATH=/dev_ws/install/lib/python3.10/site-packages:/dev_ws/build/easy_handeye2:/dev_ws/install/local/lib/python3.10/dist-packages:/opt/ros/humble/lib/python3.10/site-packages:/opt/ros/humble/local/lib/python3.10/dist-packages /usr/bin/cmake --install /dev_ws/build/ur_bringup
[17.168s] Level 1:colcon.colcon_core.environment:create_environment_scripts_only(ur_bringup)
[17.168s] Level 1:colcon.colcon_core.environment:checking '/dev_ws/install' for CMake module files
[17.168s] DEBUG:colcon.colcon_core.event_handler.log_command:Invoked command in '/dev_ws/build/ur_bringup' returned '0': CMAKE_PREFIX_PATH=${CMAKE_PREFIX_PATH}:/opt/ros/humble PYTHONPATH=/dev_ws/install/lib/python3.10/site-packages:/dev_ws/build/easy_handeye2:/dev_ws/install/local/lib/python3.10/dist-packages:/opt/ros/humble/lib/python3.10/site-packages:/opt/ros/humble/local/lib/python3.10/dist-packages /usr/bin/cmake --install /dev_ws/build/ur_bringup
[17.168s] Level 1:colcon.colcon_core.environment:checking '/dev_ws/install' for CMake config files
[17.169s] Level 1:colcon.colcon_core.shell:create_environment_hook('ur_bringup', 'cmake_prefix_path')
[17.169s] INFO:colcon.colcon_core.shell:Creating environment hook '/dev_ws/install/share/ur_bringup/hook/cmake_prefix_path.ps1'
[17.170s] INFO:colcon.colcon_core.shell:Creating environment descriptor '/dev_ws/install/share/ur_bringup/hook/cmake_prefix_path.dsv'
[17.170s] INFO:colcon.colcon_core.shell:Creating environment hook '/dev_ws/install/share/ur_bringup/hook/cmake_prefix_path.sh'
[17.170s] Level 1:colcon.colcon_core.environment:checking '/dev_ws/install/lib'
[17.170s] Level 1:colcon.colcon_core.shell:create_environment_hook('ur_bringup', 'ld_library_path_lib')
[17.170s] INFO:colcon.colcon_core.shell:Creating environment hook '/dev_ws/install/share/ur_bringup/hook/ld_library_path_lib.ps1'
[17.171s] INFO:colcon.colcon_core.shell:Creating environment descriptor '/dev_ws/install/share/ur_bringup/hook/ld_library_path_lib.dsv'
[17.171s] INFO:colcon.colcon_core.shell:Creating environment hook '/dev_ws/install/share/ur_bringup/hook/ld_library_path_lib.sh'
[17.171s] Level 1:colcon.colcon_core.environment:checking '/dev_ws/install/bin'
[17.171s] Level 1:colcon.colcon_core.environment:checking '/dev_ws/install/lib/pkgconfig/ur_bringup.pc'
[17.171s] Level 1:colcon.colcon_core.environment:checking '/dev_ws/install/lib/python3.10/site-packages'
[17.171s] Level 1:colcon.colcon_core.shell:create_environment_hook('ur_bringup', 'pythonpath')
[17.172s] INFO:colcon.colcon_core.shell:Creating environment hook '/dev_ws/install/share/ur_bringup/hook/pythonpath.ps1'
[17.172s] INFO:colcon.colcon_core.shell:Creating environment descriptor '/dev_ws/install/share/ur_bringup/hook/pythonpath.dsv'
[17.172s] INFO:colcon.colcon_core.shell:Creating environment hook '/dev_ws/install/share/ur_bringup/hook/pythonpath.sh'
[17.172s] Level 1:colcon.colcon_core.environment:checking '/dev_ws/install/bin'
[17.172s] INFO:colcon.colcon_core.shell:Creating package script '/dev_ws/install/share/ur_bringup/package.ps1'
[17.173s] INFO:colcon.colcon_core.shell:Creating package descriptor '/dev_ws/install/share/ur_bringup/package.dsv'
[17.173s] INFO:colcon.colcon_core.shell:Creating package script '/dev_ws/install/share/ur_bringup/package.sh'
[17.173s] INFO:colcon.colcon_core.shell:Creating package script '/dev_ws/install/share/ur_bringup/package.bash'
[17.174s] INFO:colcon.colcon_core.shell:Creating package script '/dev_ws/install/share/ur_bringup/package.zsh'
[17.174s] Level 1:colcon.colcon_core.environment:create_file_with_runtime_dependencies(/dev_ws/install/share/colcon-core/packages/ur_bringup)
[17.174s] Level 1:colcon.colcon_core.environment:create_environment_scripts_only(ur_bringup)
[17.174s] Level 1:colcon.colcon_core.environment:checking '/dev_ws/install' for CMake module files
[17.174s] Level 1:colcon.colcon_core.environment:checking '/dev_ws/install' for CMake config files
[17.175s] Level 1:colcon.colcon_core.shell:create_environment_hook('ur_bringup', 'cmake_prefix_path')
[17.175s] INFO:colcon.colcon_core.shell:Creating environment hook '/dev_ws/install/share/ur_bringup/hook/cmake_prefix_path.ps1'
[17.176s] INFO:colcon.colcon_core.shell:Creating environment descriptor '/dev_ws/install/share/ur_bringup/hook/cmake_prefix_path.dsv'
[17.176s] INFO:colcon.colcon_core.shell:Creating environment hook '/dev_ws/install/share/ur_bringup/hook/cmake_prefix_path.sh'
[17.176s] Level 1:colcon.colcon_core.environment:checking '/dev_ws/install/lib'
[17.176s] Level 1:colcon.colcon_core.shell:create_environment_hook('ur_bringup', 'ld_library_path_lib')
[17.176s] INFO:colcon.colcon_core.shell:Creating environment hook '/dev_ws/install/share/ur_bringup/hook/ld_library_path_lib.ps1'
[17.177s] INFO:colcon.colcon_core.shell:Creating environment descriptor '/dev_ws/install/share/ur_bringup/hook/ld_library_path_lib.dsv'
[17.177s] INFO:colcon.colcon_core.shell:Creating environment hook '/dev_ws/install/share/ur_bringup/hook/ld_library_path_lib.sh'
[17.177s] Level 1:colcon.colcon_core.environment:checking '/dev_ws/install/bin'
[17.177s] Level 1:colcon.colcon_core.environment:checking '/dev_ws/install/lib/pkgconfig/ur_bringup.pc'
[17.177s] Level 1:colcon.colcon_core.environment:checking '/dev_ws/install/lib/python3.10/site-packages'
[17.177s] Level 1:colcon.colcon_core.shell:create_environment_hook('ur_bringup', 'pythonpath')
[17.177s] INFO:colcon.colcon_core.shell:Creating environment hook '/dev_ws/install/share/ur_bringup/hook/pythonpath.ps1'
[17.177s] INFO:colcon.colcon_core.shell:Creating environment descriptor '/dev_ws/install/share/ur_bringup/hook/pythonpath.dsv'
[17.178s] INFO:colcon.colcon_core.shell:Creating environment hook '/dev_ws/install/share/ur_bringup/hook/pythonpath.sh'
[17.178s] Level 1:colcon.colcon_core.environment:checking '/dev_ws/install/bin'
[17.178s] INFO:colcon.colcon_core.shell:Creating package script '/dev_ws/install/share/ur_bringup/package.ps1'
[17.178s] INFO:colcon.colcon_core.shell:Creating package descriptor '/dev_ws/install/share/ur_bringup/package.dsv'
[17.179s] INFO:colcon.colcon_core.shell:Creating package script '/dev_ws/install/share/ur_bringup/package.sh'
[17.179s] INFO:colcon.colcon_core.shell:Creating package script '/dev_ws/install/share/ur_bringup/package.bash'
[17.179s] INFO:colcon.colcon_core.shell:Creating package script '/dev_ws/install/share/ur_bringup/package.zsh'
[17.179s] Level 1:colcon.colcon_core.environment:create_file_with_runtime_dependencies(/dev_ws/install/share/colcon-core/packages/ur_bringup)
[18.245s] DEBUG:colcon.colcon_core.event_handler.log_command:Invoked command in '/dev_ws/build/ur_robot_driver' returned '0': CMAKE_PREFIX_PATH=${CMAKE_PREFIX_PATH}:/opt/ros/humble PYTHONPATH=/dev_ws/install/lib/python3.10/site-packages:/dev_ws/build/easy_handeye2:/dev_ws/install/local/lib/python3.10/dist-packages:/opt/ros/humble/lib/python3.10/site-packages:/opt/ros/humble/local/lib/python3.10/dist-packages /usr/bin/cmake /dev_ws/src/moveit2-introduction/Universal_Robots_ROS2_Driver/ur_robot_driver -DCMAKE_INSTALL_PREFIX=/dev_ws/install
[18.246s] DEBUG:colcon.colcon_core.event_handler.log_command:Invoking command in '/dev_ws/build/ur_robot_driver': CMAKE_PREFIX_PATH=${CMAKE_PREFIX_PATH}:/opt/ros/humble PYTHONPATH=/dev_ws/install/lib/python3.10/site-packages:/dev_ws/build/easy_handeye2:/dev_ws/install/local/lib/python3.10/dist-packages:/opt/ros/humble/lib/python3.10/site-packages:/opt/ros/humble/local/lib/python3.10/dist-packages /usr/bin/cmake --build /dev_ws/build/ur_robot_driver -- -j20 -l20
[34.565s] DEBUG:colcon.colcon_core.event_handler.log_command:Invoked command in '/dev_ws/build/ur_robot_driver' returned '0': CMAKE_PREFIX_PATH=${CMAKE_PREFIX_PATH}:/opt/ros/humble PYTHONPATH=/dev_ws/install/lib/python3.10/site-packages:/dev_ws/build/easy_handeye2:/dev_ws/install/local/lib/python3.10/dist-packages:/opt/ros/humble/lib/python3.10/site-packages:/opt/ros/humble/local/lib/python3.10/dist-packages /usr/bin/cmake --build /dev_ws/build/ur_robot_driver -- -j20 -l20
[34.566s] DEBUG:colcon.colcon_core.event_handler.log_command:Invoking command in '/dev_ws/build/ur_robot_driver': CMAKE_PREFIX_PATH=${CMAKE_PREFIX_PATH}:/opt/ros/humble PYTHONPATH=/dev_ws/install/lib/python3.10/site-packages:/dev_ws/build/easy_handeye2:/dev_ws/install/local/lib/python3.10/dist-packages:/opt/ros/humble/lib/python3.10/site-packages:/opt/ros/humble/local/lib/python3.10/dist-packages /usr/bin/cmake --install /dev_ws/build/ur_robot_driver
[34.642s] Level 1:colcon.colcon_core.environment:create_environment_scripts_only(ur_robot_driver)
[34.642s] Level 1:colcon.colcon_core.environment:checking '/dev_ws/install' for CMake module files
[34.642s] DEBUG:colcon.colcon_core.event_handler.log_command:Invoked command in '/dev_ws/build/ur_robot_driver' returned '0': CMAKE_PREFIX_PATH=${CMAKE_PREFIX_PATH}:/opt/ros/humble PYTHONPATH=/dev_ws/install/lib/python3.10/site-packages:/dev_ws/build/easy_handeye2:/dev_ws/install/local/lib/python3.10/dist-packages:/opt/ros/humble/lib/python3.10/site-packages:/opt/ros/humble/local/lib/python3.10/dist-packages /usr/bin/cmake --install /dev_ws/build/ur_robot_driver
[34.642s] Level 1:colcon.colcon_core.environment:checking '/dev_ws/install' for CMake config files
[34.643s] Level 1:colcon.colcon_core.shell:create_environment_hook('ur_robot_driver', 'cmake_prefix_path')
[34.643s] INFO:colcon.colcon_core.shell:Creating environment hook '/dev_ws/install/share/ur_robot_driver/hook/cmake_prefix_path.ps1'
[34.644s] INFO:colcon.colcon_core.shell:Creating environment descriptor '/dev_ws/install/share/ur_robot_driver/hook/cmake_prefix_path.dsv'
[34.644s] INFO:colcon.colcon_core.shell:Creating environment hook '/dev_ws/install/share/ur_robot_driver/hook/cmake_prefix_path.sh'
[34.644s] Level 1:colcon.colcon_core.environment:checking '/dev_ws/install/lib'
[34.644s] Level 1:colcon.colcon_core.shell:create_environment_hook('ur_robot_driver', 'ld_library_path_lib')
[34.644s] INFO:colcon.colcon_core.shell:Creating environment hook '/dev_ws/install/share/ur_robot_driver/hook/ld_library_path_lib.ps1'
[34.645s] INFO:colcon.colcon_core.shell:Creating environment descriptor '/dev_ws/install/share/ur_robot_driver/hook/ld_library_path_lib.dsv'
[34.645s] INFO:colcon.colcon_core.shell:Creating environment hook '/dev_ws/install/share/ur_robot_driver/hook/ld_library_path_lib.sh'
[34.645s] Level 1:colcon.colcon_core.environment:checking '/dev_ws/install/bin'
[34.645s] Level 1:colcon.colcon_core.shell:create_environment_hook('ur_robot_driver', 'path')
[34.645s] INFO:colcon.colcon_core.shell:Creating environment hook '/dev_ws/install/share/ur_robot_driver/hook/path.ps1'
[34.645s] INFO:colcon.colcon_core.shell:Creating environment descriptor '/dev_ws/install/share/ur_robot_driver/hook/path.dsv'
[34.646s] INFO:colcon.colcon_core.shell:Creating environment hook '/dev_ws/install/share/ur_robot_driver/hook/path.sh'
[34.646s] Level 1:colcon.colcon_core.environment:checking '/dev_ws/install/lib/pkgconfig/ur_robot_driver.pc'
[34.646s] Level 1:colcon.colcon_core.environment:checking '/dev_ws/install/lib/python3.10/site-packages'
[34.646s] Level 1:colcon.colcon_core.shell:create_environment_hook('ur_robot_driver', 'pythonpath')
[34.646s] INFO:colcon.colcon_core.shell:Creating environment hook '/dev_ws/install/share/ur_robot_driver/hook/pythonpath.ps1'
[34.646s] INFO:colcon.colcon_core.shell:Creating environment descriptor '/dev_ws/install/share/ur_robot_driver/hook/pythonpath.dsv'
[34.646s] INFO:colcon.colcon_core.shell:Creating environment hook '/dev_ws/install/share/ur_robot_driver/hook/pythonpath.sh'
[34.647s] Level 1:colcon.colcon_core.environment:checking '/dev_ws/install/bin'
[34.647s] Level 1:colcon.colcon_core.shell:create_environment_hook('ur_robot_driver', 'pythonscriptspath')
[34.647s] INFO:colcon.colcon_core.shell:Creating environment hook '/dev_ws/install/share/ur_robot_driver/hook/pythonscriptspath.ps1'
[34.647s] INFO:colcon.colcon_core.shell:Creating environment descriptor '/dev_ws/install/share/ur_robot_driver/hook/pythonscriptspath.dsv'
[34.647s] INFO:colcon.colcon_core.shell:Creating environment hook '/dev_ws/install/share/ur_robot_driver/hook/pythonscriptspath.sh'
[34.648s] INFO:colcon.colcon_core.shell:Creating package script '/dev_ws/install/share/ur_robot_driver/package.ps1'
[34.648s] INFO:colcon.colcon_core.shell:Creating package descriptor '/dev_ws/install/share/ur_robot_driver/package.dsv'
[34.648s] INFO:colcon.colcon_core.shell:Creating package script '/dev_ws/install/share/ur_robot_driver/package.sh'
[34.649s] INFO:colcon.colcon_core.shell:Creating package script '/dev_ws/install/share/ur_robot_driver/package.bash'
[34.649s] INFO:colcon.colcon_core.shell:Creating package script '/dev_ws/install/share/ur_robot_driver/package.zsh'
[34.649s] Level 1:colcon.colcon_core.environment:create_file_with_runtime_dependencies(/dev_ws/install/share/colcon-core/packages/ur_robot_driver)
[34.649s] Level 1:colcon.colcon_core.environment:create_environment_scripts_only(ur_robot_driver)
[34.649s] Level 1:colcon.colcon_core.environment:checking '/dev_ws/install' for CMake module files
[34.650s] Level 1:colcon.colcon_core.environment:checking '/dev_ws/install' for CMake config files
[34.651s] Level 1:colcon.colcon_core.shell:create_environment_hook('ur_robot_driver', 'cmake_prefix_path')
[34.651s] INFO:colcon.colcon_core.shell:Creating environment hook '/dev_ws/install/share/ur_robot_driver/hook/cmake_prefix_path.ps1'
[34.651s] INFO:colcon.colcon_core.shell:Creating environment descriptor '/dev_ws/install/share/ur_robot_driver/hook/cmake_prefix_path.dsv'
[34.651s] INFO:colcon.colcon_core.shell:Creating environment hook '/dev_ws/install/share/ur_robot_driver/hook/cmake_prefix_path.sh'
[34.652s] Level 1:colcon.colcon_core.environment:checking '/dev_ws/install/lib'
[34.652s] Level 1:colcon.colcon_core.shell:create_environment_hook('ur_robot_driver', 'ld_library_path_lib')
[34.652s] INFO:colcon.colcon_core.shell:Creating environment hook '/dev_ws/install/share/ur_robot_driver/hook/ld_library_path_lib.ps1'
[34.652s] INFO:colcon.colcon_core.shell:Creating environment descriptor '/dev_ws/install/share/ur_robot_driver/hook/ld_library_path_lib.dsv'
[34.652s] INFO:colcon.colcon_core.shell:Creating environment hook '/dev_ws/install/share/ur_robot_driver/hook/ld_library_path_lib.sh'
[34.652s] Level 1:colcon.colcon_core.environment:checking '/dev_ws/install/bin'
[34.652s] Level 1:colcon.colcon_core.shell:create_environment_hook('ur_robot_driver', 'path')
[34.652s] INFO:colcon.colcon_core.shell:Creating environment hook '/dev_ws/install/share/ur_robot_driver/hook/path.ps1'
[34.653s] INFO:colcon.colcon_core.shell:Creating environment descriptor '/dev_ws/install/share/ur_robot_driver/hook/path.dsv'
[34.653s] INFO:colcon.colcon_core.shell:Creating environment hook '/dev_ws/install/share/ur_robot_driver/hook/path.sh'
[34.653s] Level 1:colcon.colcon_core.environment:checking '/dev_ws/install/lib/pkgconfig/ur_robot_driver.pc'
[34.653s] Level 1:colcon.colcon_core.environment:checking '/dev_ws/install/lib/python3.10/site-packages'
[34.653s] Level 1:colcon.colcon_core.shell:create_environment_hook('ur_robot_driver', 'pythonpath')
[34.653s] INFO:colcon.colcon_core.shell:Creating environment hook '/dev_ws/install/share/ur_robot_driver/hook/pythonpath.ps1'
[34.654s] INFO:colcon.colcon_core.shell:Creating environment descriptor '/dev_ws/install/share/ur_robot_driver/hook/pythonpath.dsv'
[34.654s] INFO:colcon.colcon_core.shell:Creating environment hook '/dev_ws/install/share/ur_robot_driver/hook/pythonpath.sh'
[34.654s] Level 1:colcon.colcon_core.environment:checking '/dev_ws/install/bin'
[34.654s] Level 1:colcon.colcon_core.shell:create_environment_hook('ur_robot_driver', 'pythonscriptspath')
[34.654s] INFO:colcon.colcon_core.shell:Creating environment hook '/dev_ws/install/share/ur_robot_driver/hook/pythonscriptspath.ps1'
[34.654s] INFO:colcon.colcon_core.shell:Creating environment descriptor '/dev_ws/install/share/ur_robot_driver/hook/pythonscriptspath.dsv'
[34.655s] INFO:colcon.colcon_core.shell:Creating environment hook '/dev_ws/install/share/ur_robot_driver/hook/pythonscriptspath.sh'
[34.655s] INFO:colcon.colcon_core.shell:Creating package script '/dev_ws/install/share/ur_robot_driver/package.ps1'
[34.655s] INFO:colcon.colcon_core.shell:Creating package descriptor '/dev_ws/install/share/ur_robot_driver/package.dsv'
[34.656s] INFO:colcon.colcon_core.shell:Creating package script '/dev_ws/install/share/ur_robot_driver/package.sh'
[34.656s] INFO:colcon.colcon_core.shell:Creating package script '/dev_ws/install/share/ur_robot_driver/package.bash'
[34.656s] INFO:colcon.colcon_core.shell:Creating package script '/dev_ws/install/share/ur_robot_driver/package.zsh'
[34.656s] Level 1:colcon.colcon_core.environment:create_file_with_runtime_dependencies(/dev_ws/install/share/colcon-core/packages/ur_robot_driver)
[34.657s] INFO:colcon.colcon_ros.task.ament_cmake.build:Building ROS package in '/dev_ws/src/moveit2-introduction/Universal_Robots_ROS2_Driver/ur_calibration' with build type 'ament_cmake'
[34.657s] INFO:colcon.colcon_cmake.task.cmake.build:Building CMake package in '/dev_ws/src/moveit2-introduction/Universal_Robots_ROS2_Driver/ur_calibration'
[34.657s] INFO:colcon.colcon_core.shell:Skip shell extension 'powershell' for command environment: Not usable outside of PowerShell
[34.657s] DEBUG:colcon.colcon_core.shell:Skip shell extension 'dsv' for command environment
[34.672s] DEBUG:colcon.colcon_core.event_handler.log_command:Invoking command in '/dev_ws/build/ur_calibration': CMAKE_PREFIX_PATH=${CMAKE_PREFIX_PATH}:/opt/ros/humble PATH=/dev_ws/install/bin:${PATH} PYTHONPATH=/dev_ws/install/lib/python3.10/site-packages:/dev_ws/build/easy_handeye2:/dev_ws/install/local/lib/python3.10/dist-packages:/opt/ros/humble/lib/python3.10/site-packages:/opt/ros/humble/local/lib/python3.10/dist-packages /usr/bin/cmake /dev_ws/src/moveit2-introduction/Universal_Robots_ROS2_Driver/ur_calibration -DCMAKE_INSTALL_PREFIX=/dev_ws/install
[36.133s] DEBUG:colcon.colcon_core.event_handler.log_command:Invoked command in '/dev_ws/build/ur_calibration' returned '0': CMAKE_PREFIX_PATH=${CMAKE_PREFIX_PATH}:/opt/ros/humble PATH=/dev_ws/install/bin:${PATH} PYTHONPATH=/dev_ws/install/lib/python3.10/site-packages:/dev_ws/build/easy_handeye2:/dev_ws/install/local/lib/python3.10/dist-packages:/opt/ros/humble/lib/python3.10/site-packages:/opt/ros/humble/local/lib/python3.10/dist-packages /usr/bin/cmake /dev_ws/src/moveit2-introduction/Universal_Robots_ROS2_Driver/ur_calibration -DCMAKE_INSTALL_PREFIX=/dev_ws/install
[36.135s] DEBUG:colcon.colcon_core.event_handler.log_command:Invoking command in '/dev_ws/build/ur_calibration': CMAKE_PREFIX_PATH=${CMAKE_PREFIX_PATH}:/opt/ros/humble PATH=/dev_ws/install/bin:${PATH} PYTHONPATH=/dev_ws/install/lib/python3.10/site-packages:/dev_ws/build/easy_handeye2:/dev_ws/install/local/lib/python3.10/dist-packages:/opt/ros/humble/lib/python3.10/site-packages:/opt/ros/humble/local/lib/python3.10/dist-packages /usr/bin/cmake --build /dev_ws/build/ur_calibration -- -j20 -l20
[48.264s] DEBUG:colcon.colcon_core.event_handler.log_command:Invoked command in '/dev_ws/build/ur_calibration' returned '0': CMAKE_PREFIX_PATH=${CMAKE_PREFIX_PATH}:/opt/ros/humble PATH=/dev_ws/install/bin:${PATH} PYTHONPATH=/dev_ws/install/lib/python3.10/site-packages:/dev_ws/build/easy_handeye2:/dev_ws/install/local/lib/python3.10/dist-packages:/opt/ros/humble/lib/python3.10/site-packages:/opt/ros/humble/local/lib/python3.10/dist-packages /usr/bin/cmake --build /dev_ws/build/ur_calibration -- -j20 -l20
[48.266s] DEBUG:colcon.colcon_core.event_handler.log_command:Invoking command in '/dev_ws/build/ur_calibration': CMAKE_PREFIX_PATH=${CMAKE_PREFIX_PATH}:/opt/ros/humble PATH=/dev_ws/install/bin:${PATH} PYTHONPATH=/dev_ws/install/lib/python3.10/site-packages:/dev_ws/build/easy_handeye2:/dev_ws/install/local/lib/python3.10/dist-packages:/opt/ros/humble/lib/python3.10/site-packages:/opt/ros/humble/local/lib/python3.10/dist-packages /usr/bin/cmake --install /dev_ws/build/ur_calibration
[48.278s] Level 1:colcon.colcon_core.environment:create_environment_scripts_only(ur_calibration)
[48.279s] Level 1:colcon.colcon_core.environment:checking '/dev_ws/install' for CMake module files
[48.280s] DEBUG:colcon.colcon_core.event_handler.log_command:Invoked command in '/dev_ws/build/ur_calibration' returned '0': CMAKE_PREFIX_PATH=${CMAKE_PREFIX_PATH}:/opt/ros/humble PATH=/dev_ws/install/bin:${PATH} PYTHONPATH=/dev_ws/install/lib/python3.10/site-packages:/dev_ws/build/easy_handeye2:/dev_ws/install/local/lib/python3.10/dist-packages:/opt/ros/humble/lib/python3.10/site-packages:/opt/ros/humble/local/lib/python3.10/dist-packages /usr/bin/cmake --install /dev_ws/build/ur_calibration
[48.280s] Level 1:colcon.colcon_core.environment:checking '/dev_ws/install' for CMake config files
[48.282s] Level 1:colcon.colcon_core.shell:create_environment_hook('ur_calibration', 'cmake_prefix_path')
[48.283s] INFO:colcon.colcon_core.shell:Creating environment hook '/dev_ws/install/share/ur_calibration/hook/cmake_prefix_path.ps1'
[48.283s] INFO:colcon.colcon_core.shell:Creating environment descriptor '/dev_ws/install/share/ur_calibration/hook/cmake_prefix_path.dsv'
[48.284s] INFO:colcon.colcon_core.shell:Creating environment hook '/dev_ws/install/share/ur_calibration/hook/cmake_prefix_path.sh'
[48.284s] Level 1:colcon.colcon_core.environment:checking '/dev_ws/install/lib'
[48.284s] Level 1:colcon.colcon_core.shell:create_environment_hook('ur_calibration', 'ld_library_path_lib')
[48.285s] INFO:colcon.colcon_core.shell:Creating environment hook '/dev_ws/install/share/ur_calibration/hook/ld_library_path_lib.ps1'
[48.285s] INFO:colcon.colcon_core.shell:Creating environment descriptor '/dev_ws/install/share/ur_calibration/hook/ld_library_path_lib.dsv'
[48.285s] INFO:colcon.colcon_core.shell:Creating environment hook '/dev_ws/install/share/ur_calibration/hook/ld_library_path_lib.sh'
[48.285s] Level 1:colcon.colcon_core.environment:checking '/dev_ws/install/bin'
[48.285s] Level 1:colcon.colcon_core.shell:create_environment_hook('ur_calibration', 'path')
[48.285s] INFO:colcon.colcon_core.shell:Creating environment hook '/dev_ws/install/share/ur_calibration/hook/path.ps1'
[48.286s] INFO:colcon.colcon_core.shell:Creating environment descriptor '/dev_ws/install/share/ur_calibration/hook/path.dsv'
[48.286s] INFO:colcon.colcon_core.shell:Creating environment hook '/dev_ws/install/share/ur_calibration/hook/path.sh'
[48.286s] Level 1:colcon.colcon_core.environment:checking '/dev_ws/install/lib/pkgconfig/ur_calibration.pc'
[48.286s] Level 1:colcon.colcon_core.environment:checking '/dev_ws/install/lib/python3.10/site-packages'
[48.287s] Level 1:colcon.colcon_core.shell:create_environment_hook('ur_calibration', 'pythonpath')
[48.287s] INFO:colcon.colcon_core.shell:Creating environment hook '/dev_ws/install/share/ur_calibration/hook/pythonpath.ps1'
[48.287s] INFO:colcon.colcon_core.shell:Creating environment descriptor '/dev_ws/install/share/ur_calibration/hook/pythonpath.dsv'
[48.287s] INFO:colcon.colcon_core.shell:Creating environment hook '/dev_ws/install/share/ur_calibration/hook/pythonpath.sh'
[48.288s] Level 1:colcon.colcon_core.environment:checking '/dev_ws/install/bin'
[48.288s] Level 1:colcon.colcon_core.shell:create_environment_hook('ur_calibration', 'pythonscriptspath')
[48.288s] INFO:colcon.colcon_core.shell:Creating environment hook '/dev_ws/install/share/ur_calibration/hook/pythonscriptspath.ps1'
[48.288s] INFO:colcon.colcon_core.shell:Creating environment descriptor '/dev_ws/install/share/ur_calibration/hook/pythonscriptspath.dsv'
[48.288s] INFO:colcon.colcon_core.shell:Creating environment hook '/dev_ws/install/share/ur_calibration/hook/pythonscriptspath.sh'
[48.289s] INFO:colcon.colcon_core.shell:Creating package script '/dev_ws/install/share/ur_calibration/package.ps1'
[48.289s] INFO:colcon.colcon_core.shell:Creating package descriptor '/dev_ws/install/share/ur_calibration/package.dsv'
[48.289s] INFO:colcon.colcon_core.shell:Creating package script '/dev_ws/install/share/ur_calibration/package.sh'
[48.290s] INFO:colcon.colcon_core.shell:Creating package script '/dev_ws/install/share/ur_calibration/package.bash'
[48.290s] INFO:colcon.colcon_core.shell:Creating package script '/dev_ws/install/share/ur_calibration/package.zsh'
[48.290s] Level 1:colcon.colcon_core.environment:create_file_with_runtime_dependencies(/dev_ws/install/share/colcon-core/packages/ur_calibration)
[48.290s] Level 1:colcon.colcon_core.environment:create_environment_scripts_only(ur_calibration)
[48.291s] Level 1:colcon.colcon_core.environment:checking '/dev_ws/install' for CMake module files
[48.291s] Level 1:colcon.colcon_core.environment:checking '/dev_ws/install' for CMake config files
[48.292s] Level 1:colcon.colcon_core.shell:create_environment_hook('ur_calibration', 'cmake_prefix_path')
[48.292s] INFO:colcon.colcon_core.shell:Creating environment hook '/dev_ws/install/share/ur_calibration/hook/cmake_prefix_path.ps1'
[48.292s] INFO:colcon.colcon_core.shell:Creating environment descriptor '/dev_ws/install/share/ur_calibration/hook/cmake_prefix_path.dsv'
[48.292s] INFO:colcon.colcon_core.shell:Creating environment hook '/dev_ws/install/share/ur_calibration/hook/cmake_prefix_path.sh'
[48.293s] Level 1:colcon.colcon_core.environment:checking '/dev_ws/install/lib'
[48.293s] Level 1:colcon.colcon_core.shell:create_environment_hook('ur_calibration', 'ld_library_path_lib')
[48.293s] INFO:colcon.colcon_core.shell:Creating environment hook '/dev_ws/install/share/ur_calibration/hook/ld_library_path_lib.ps1'
[48.293s] INFO:colcon.colcon_core.shell:Creating environment descriptor '/dev_ws/install/share/ur_calibration/hook/ld_library_path_lib.dsv'
[48.293s] INFO:colcon.colcon_core.shell:Creating environment hook '/dev_ws/install/share/ur_calibration/hook/ld_library_path_lib.sh'
[48.293s] Level 1:colcon.colcon_core.environment:checking '/dev_ws/install/bin'
[48.293s] Level 1:colcon.colcon_core.shell:create_environment_hook('ur_calibration', 'path')
[48.293s] INFO:colcon.colcon_core.shell:Creating environment hook '/dev_ws/install/share/ur_calibration/hook/path.ps1'
[48.294s] INFO:colcon.colcon_core.shell:Creating environment descriptor '/dev_ws/install/share/ur_calibration/hook/path.dsv'
[48.294s] INFO:colcon.colcon_core.shell:Creating environment hook '/dev_ws/install/share/ur_calibration/hook/path.sh'
[48.294s] Level 1:colcon.colcon_core.environment:checking '/dev_ws/install/lib/pkgconfig/ur_calibration.pc'
[48.294s] Level 1:colcon.colcon_core.environment:checking '/dev_ws/install/lib/python3.10/site-packages'
[48.294s] Level 1:colcon.colcon_core.shell:create_environment_hook('ur_calibration', 'pythonpath')
[48.294s] INFO:colcon.colcon_core.shell:Creating environment hook '/dev_ws/install/share/ur_calibration/hook/pythonpath.ps1'
[48.295s] INFO:colcon.colcon_core.shell:Creating environment descriptor '/dev_ws/install/share/ur_calibration/hook/pythonpath.dsv'
[48.295s] INFO:colcon.colcon_core.shell:Creating environment hook '/dev_ws/install/share/ur_calibration/hook/pythonpath.sh'
[48.295s] Level 1:colcon.colcon_core.environment:checking '/dev_ws/install/bin'
[48.295s] Level 1:colcon.colcon_core.shell:create_environment_hook('ur_calibration', 'pythonscriptspath')
[48.295s] INFO:colcon.colcon_core.shell:Creating environment hook '/dev_ws/install/share/ur_calibration/hook/pythonscriptspath.ps1'
[48.295s] INFO:colcon.colcon_core.shell:Creating environment descriptor '/dev_ws/install/share/ur_calibration/hook/pythonscriptspath.dsv'
[48.296s] INFO:colcon.colcon_core.shell:Creating environment hook '/dev_ws/install/share/ur_calibration/hook/pythonscriptspath.sh'
[48.296s] INFO:colcon.colcon_core.shell:Creating package script '/dev_ws/install/share/ur_calibration/package.ps1'
[48.296s] INFO:colcon.colcon_core.shell:Creating package descriptor '/dev_ws/install/share/ur_calibration/package.dsv'
[48.297s] INFO:colcon.colcon_core.shell:Creating package script '/dev_ws/install/share/ur_calibration/package.sh'
[48.297s] INFO:colcon.colcon_core.shell:Creating package script '/dev_ws/install/share/ur_calibration/package.bash'
[48.297s] INFO:colcon.colcon_core.shell:Creating package script '/dev_ws/install/share/ur_calibration/package.zsh'
[48.297s] Level 1:colcon.colcon_core.environment:create_file_with_runtime_dependencies(/dev_ws/install/share/colcon-core/packages/ur_calibration)
[48.298s] INFO:colcon.colcon_ros.task.ament_cmake.build:Building ROS package in '/dev_ws/src/moveit2-introduction/Universal_Robots_ROS2_Driver/ur' with build type 'ament_cmake'
[48.298s] INFO:colcon.colcon_cmake.task.cmake.build:Building CMake package in '/dev_ws/src/moveit2-introduction/Universal_Robots_ROS2_Driver/ur'
[48.298s] INFO:colcon.colcon_core.shell:Skip shell extension 'powershell' for command environment: Not usable outside of PowerShell
[48.298s] DEBUG:colcon.colcon_core.shell:Skip shell extension 'dsv' for command environment
[48.318s] DEBUG:colcon.colcon_core.event_handler.log_command:Invoking command in '/dev_ws/build/ur': CMAKE_PREFIX_PATH=${CMAKE_PREFIX_PATH}:/opt/ros/humble PATH=/dev_ws/install/bin:${PATH} PYTHONPATH=/dev_ws/install/lib/python3.10/site-packages:/dev_ws/build/easy_handeye2:/dev_ws/install/local/lib/python3.10/dist-packages:/opt/ros/humble/lib/python3.10/site-packages:/opt/ros/humble/local/lib/python3.10/dist-packages /usr/bin/cmake /dev_ws/src/moveit2-introduction/Universal_Robots_ROS2_Driver/ur -DCMAKE_INSTALL_PREFIX=/dev_ws/install
[49.004s] DEBUG:colcon.colcon_core.event_handler.log_command:Invoked command in '/dev_ws/build/ur' returned '0': CMAKE_PREFIX_PATH=${CMAKE_PREFIX_PATH}:/opt/ros/humble PATH=/dev_ws/install/bin:${PATH} PYTHONPATH=/dev_ws/install/lib/python3.10/site-packages:/dev_ws/build/easy_handeye2:/dev_ws/install/local/lib/python3.10/dist-packages:/opt/ros/humble/lib/python3.10/site-packages:/opt/ros/humble/local/lib/python3.10/dist-packages /usr/bin/cmake /dev_ws/src/moveit2-introduction/Universal_Robots_ROS2_Driver/ur -DCMAKE_INSTALL_PREFIX=/dev_ws/install
[49.005s] DEBUG:colcon.colcon_core.event_handler.log_command:Invoking command in '/dev_ws/build/ur': CMAKE_PREFIX_PATH=${CMAKE_PREFIX_PATH}:/opt/ros/humble PATH=/dev_ws/install/bin:${PATH} PYTHONPATH=/dev_ws/install/lib/python3.10/site-packages:/dev_ws/build/easy_handeye2:/dev_ws/install/local/lib/python3.10/dist-packages:/opt/ros/humble/lib/python3.10/site-packages:/opt/ros/humble/local/lib/python3.10/dist-packages /usr/bin/cmake --build /dev_ws/build/ur -- -j20 -l20
[49.045s] DEBUG:colcon.colcon_core.event_handler.log_command:Invoked command in '/dev_ws/build/ur' returned '0': CMAKE_PREFIX_PATH=${CMAKE_PREFIX_PATH}:/opt/ros/humble PATH=/dev_ws/install/bin:${PATH} PYTHONPATH=/dev_ws/install/lib/python3.10/site-packages:/dev_ws/build/easy_handeye2:/dev_ws/install/local/lib/python3.10/dist-packages:/opt/ros/humble/lib/python3.10/site-packages:/opt/ros/humble/local/lib/python3.10/dist-packages /usr/bin/cmake --build /dev_ws/build/ur -- -j20 -l20
[49.048s] DEBUG:colcon.colcon_core.event_handler.log_command:Invoking command in '/dev_ws/build/ur': CMAKE_PREFIX_PATH=${CMAKE_PREFIX_PATH}:/opt/ros/humble PATH=/dev_ws/install/bin:${PATH} PYTHONPATH=/dev_ws/install/lib/python3.10/site-packages:/dev_ws/build/easy_handeye2:/dev_ws/install/local/lib/python3.10/dist-packages:/opt/ros/humble/lib/python3.10/site-packages:/opt/ros/humble/local/lib/python3.10/dist-packages /usr/bin/cmake --install /dev_ws/build/ur
[49.069s] Level 1:colcon.colcon_core.environment:create_environment_scripts_only(ur)
[49.070s] DEBUG:colcon.colcon_core.event_handler.log_command:Invoked command in '/dev_ws/build/ur' returned '0': CMAKE_PREFIX_PATH=${CMAKE_PREFIX_PATH}:/opt/ros/humble PATH=/dev_ws/install/bin:${PATH} PYTHONPATH=/dev_ws/install/lib/python3.10/site-packages:/dev_ws/build/easy_handeye2:/dev_ws/install/local/lib/python3.10/dist-packages:/opt/ros/humble/lib/python3.10/site-packages:/opt/ros/humble/local/lib/python3.10/dist-packages /usr/bin/cmake --install /dev_ws/build/ur
[49.070s] Level 1:colcon.colcon_core.environment:checking '/dev_ws/install' for CMake module files
[49.070s] Level 1:colcon.colcon_core.environment:checking '/dev_ws/install' for CMake config files
[49.072s] Level 1:colcon.colcon_core.shell:create_environment_hook('ur', 'cmake_prefix_path')
[49.073s] INFO:colcon.colcon_core.shell:Creating environment hook '/dev_ws/install/share/ur/hook/cmake_prefix_path.ps1'
[49.073s] INFO:colcon.colcon_core.shell:Creating environment descriptor '/dev_ws/install/share/ur/hook/cmake_prefix_path.dsv'
[49.074s] INFO:colcon.colcon_core.shell:Creating environment hook '/dev_ws/install/share/ur/hook/cmake_prefix_path.sh'
[49.075s] Level 1:colcon.colcon_core.environment:checking '/dev_ws/install/lib'
[49.075s] Level 1:colcon.colcon_core.shell:create_environment_hook('ur', 'ld_library_path_lib')
[49.076s] INFO:colcon.colcon_core.shell:Creating environment hook '/dev_ws/install/share/ur/hook/ld_library_path_lib.ps1'
[49.076s] INFO:colcon.colcon_core.shell:Creating environment descriptor '/dev_ws/install/share/ur/hook/ld_library_path_lib.dsv'
[49.077s] INFO:colcon.colcon_core.shell:Creating environment hook '/dev_ws/install/share/ur/hook/ld_library_path_lib.sh'
[49.078s] Level 1:colcon.colcon_core.environment:checking '/dev_ws/install/bin'
[49.078s] Level 1:colcon.colcon_core.shell:create_environment_hook('ur', 'path')
[49.078s] INFO:colcon.colcon_core.shell:Creating environment hook '/dev_ws/install/share/ur/hook/path.ps1'
[49.079s] INFO:colcon.colcon_core.shell:Creating environment descriptor '/dev_ws/install/share/ur/hook/path.dsv'
[49.080s] INFO:colcon.colcon_core.shell:Creating environment hook '/dev_ws/install/share/ur/hook/path.sh'
[49.081s] Level 1:colcon.colcon_core.environment:checking '/dev_ws/install/lib/pkgconfig/ur.pc'
[49.081s] Level 1:colcon.colcon_core.environment:checking '/dev_ws/install/lib/python3.10/site-packages'
[49.081s] Level 1:colcon.colcon_core.shell:create_environment_hook('ur', 'pythonpath')
[49.082s] INFO:colcon.colcon_core.shell:Creating environment hook '/dev_ws/install/share/ur/hook/pythonpath.ps1'
[49.083s] INFO:colcon.colcon_core.shell:Creating environment descriptor '/dev_ws/install/share/ur/hook/pythonpath.dsv'
[49.084s] INFO:colcon.colcon_core.shell:Creating environment hook '/dev_ws/install/share/ur/hook/pythonpath.sh'
[49.085s] Level 1:colcon.colcon_core.environment:checking '/dev_ws/install/bin'
[49.085s] Level 1:colcon.colcon_core.shell:create_environment_hook('ur', 'pythonscriptspath')
[49.086s] INFO:colcon.colcon_core.shell:Creating environment hook '/dev_ws/install/share/ur/hook/pythonscriptspath.ps1'
[49.086s] INFO:colcon.colcon_core.shell:Creating environment descriptor '/dev_ws/install/share/ur/hook/pythonscriptspath.dsv'
[49.087s] INFO:colcon.colcon_core.shell:Creating environment hook '/dev_ws/install/share/ur/hook/pythonscriptspath.sh'
[49.088s] INFO:colcon.colcon_core.shell:Creating package script '/dev_ws/install/share/ur/package.ps1'
[49.089s] INFO:colcon.colcon_core.shell:Creating package descriptor '/dev_ws/install/share/ur/package.dsv'
[49.089s] INFO:colcon.colcon_core.shell:Creating package script '/dev_ws/install/share/ur/package.sh'
[49.090s] INFO:colcon.colcon_core.shell:Creating package script '/dev_ws/install/share/ur/package.bash'
[49.090s] INFO:colcon.colcon_core.shell:Creating package script '/dev_ws/install/share/ur/package.zsh'
[49.090s] Level 1:colcon.colcon_core.environment:create_file_with_runtime_dependencies(/dev_ws/install/share/colcon-core/packages/ur)
[49.091s] Level 1:colcon.colcon_core.environment:create_environment_scripts_only(ur)
[49.091s] Level 1:colcon.colcon_core.environment:checking '/dev_ws/install' for CMake module files
[49.091s] Level 1:colcon.colcon_core.environment:checking '/dev_ws/install' for CMake config files
[49.093s] Level 1:colcon.colcon_core.shell:create_environment_hook('ur', 'cmake_prefix_path')
[49.093s] INFO:colcon.colcon_core.shell:Creating environment hook '/dev_ws/install/share/ur/hook/cmake_prefix_path.ps1'
[49.093s] INFO:colcon.colcon_core.shell:Creating environment descriptor '/dev_ws/install/share/ur/hook/cmake_prefix_path.dsv'
[49.093s] INFO:colcon.colcon_core.shell:Creating environment hook '/dev_ws/install/share/ur/hook/cmake_prefix_path.sh'
[49.094s] Level 1:colcon.colcon_core.environment:checking '/dev_ws/install/lib'
[49.094s] Level 1:colcon.colcon_core.shell:create_environment_hook('ur', 'ld_library_path_lib')
[49.094s] INFO:colcon.colcon_core.shell:Creating environment hook '/dev_ws/install/share/ur/hook/ld_library_path_lib.ps1'
[49.094s] INFO:colcon.colcon_core.shell:Creating environment descriptor '/dev_ws/install/share/ur/hook/ld_library_path_lib.dsv'
[49.094s] INFO:colcon.colcon_core.shell:Creating environment hook '/dev_ws/install/share/ur/hook/ld_library_path_lib.sh'
[49.094s] Level 1:colcon.colcon_core.environment:checking '/dev_ws/install/bin'
[49.095s] Level 1:colcon.colcon_core.shell:create_environment_hook('ur', 'path')
[49.095s] INFO:colcon.colcon_core.shell:Creating environment hook '/dev_ws/install/share/ur/hook/path.ps1'
[49.095s] INFO:colcon.colcon_core.shell:Creating environment descriptor '/dev_ws/install/share/ur/hook/path.dsv'
[49.095s] INFO:colcon.colcon_core.shell:Creating environment hook '/dev_ws/install/share/ur/hook/path.sh'
[49.095s] Level 1:colcon.colcon_core.environment:checking '/dev_ws/install/lib/pkgconfig/ur.pc'
[49.095s] Level 1:colcon.colcon_core.environment:checking '/dev_ws/install/lib/python3.10/site-packages'
[49.095s] Level 1:colcon.colcon_core.shell:create_environment_hook('ur', 'pythonpath')
[49.095s] INFO:colcon.colcon_core.shell:Creating environment hook '/dev_ws/install/share/ur/hook/pythonpath.ps1'
[49.096s] INFO:colcon.colcon_core.shell:Creating environment descriptor '/dev_ws/install/share/ur/hook/pythonpath.dsv'
[49.096s] INFO:colcon.colcon_core.shell:Creating environment hook '/dev_ws/install/share/ur/hook/pythonpath.sh'
[49.096s] Level 1:colcon.colcon_core.environment:checking '/dev_ws/install/bin'
[49.096s] Level 1:colcon.colcon_core.shell:create_environment_hook('ur', 'pythonscriptspath')
[49.096s] INFO:colcon.colcon_core.shell:Creating environment hook '/dev_ws/install/share/ur/hook/pythonscriptspath.ps1'
[49.096s] INFO:colcon.colcon_core.shell:Creating environment descriptor '/dev_ws/install/share/ur/hook/pythonscriptspath.dsv'
[49.097s] INFO:colcon.colcon_core.shell:Creating environment hook '/dev_ws/install/share/ur/hook/pythonscriptspath.sh'
[49.097s] INFO:colcon.colcon_core.shell:Creating package script '/dev_ws/install/share/ur/package.ps1'
[49.097s] INFO:colcon.colcon_core.shell:Creating package descriptor '/dev_ws/install/share/ur/package.dsv'
[49.098s] INFO:colcon.colcon_core.shell:Creating package script '/dev_ws/install/share/ur/package.sh'
[49.098s] INFO:colcon.colcon_core.shell:Creating package script '/dev_ws/install/share/ur/package.bash'
[49.098s] INFO:colcon.colcon_core.shell:Creating package script '/dev_ws/install/share/ur/package.zsh'
[49.098s] Level 1:colcon.colcon_core.environment:create_file_with_runtime_dependencies(/dev_ws/install/share/colcon-core/packages/ur)
[49.098s] DEBUG:colcon.colcon_parallel_executor.executor.parallel:closing loop
[49.099s] DEBUG:colcon.colcon_parallel_executor.executor.parallel:loop closed
[49.099s] DEBUG:colcon.colcon_parallel_executor.executor.parallel:run_until_complete finished with '0'
[49.099s] DEBUG:colcon.colcon_core.event_reactor:joining thread
[49.102s] INFO:colcon.colcon_core.plugin_system:Skipping extension 'colcon_notification.desktop_notification.notify_send': Could not find 'notify-send'
[49.102s] INFO:colcon.colcon_core.plugin_system:Skipping extension 'colcon_notification.desktop_notification.terminal_notifier': Not used on non-Darwin systems
[49.102s] INFO:colcon.colcon_core.plugin_system:Skipping extension 'colcon_notification.desktop_notification.win32': Not used on non-Windows systems
[49.102s] INFO:colcon.colcon_notification.desktop_notification:Sending desktop notification using 'notify2'
[49.104s] DEBUG:colcon.colcon_notification.desktop_notification.notify2:Failed to initialize notify2: org.freedesktop.DBus.Error.Spawn.ExecFailed: /usr/bin/dbus-launch terminated abnormally without any error message
[49.104s] DEBUG:colcon.colcon_core.event_reactor:joined thread
[49.105s] INFO:colcon.colcon_core.shell:Creating prefix script '/dev_ws/install/local_setup.ps1'
[49.105s] INFO:colcon.colcon_core.shell:Creating prefix util module '/dev_ws/install/_local_setup_util_ps1.py'
[49.106s] INFO:colcon.colcon_core.shell:Creating prefix chain script '/dev_ws/install/setup.ps1'
[49.107s] INFO:colcon.colcon_core.shell:Creating prefix script '/dev_ws/install/local_setup.sh'
[49.107s] INFO:colcon.colcon_core.shell:Creating prefix util module '/dev_ws/install/_local_setup_util_sh.py'
[49.107s] INFO:colcon.colcon_core.shell:Creating prefix chain script '/dev_ws/install/setup.sh'
[49.108s] INFO:colcon.colcon_core.shell:Creating prefix script '/dev_ws/install/local_setup.bash'
[49.108s] INFO:colcon.colcon_core.shell:Creating prefix chain script '/dev_ws/install/setup.bash'
[49.109s] INFO:colcon.colcon_core.shell:Creating prefix script '/dev_ws/install/local_setup.zsh'
[49.109s] INFO:colcon.colcon_core.shell:Creating prefix chain script '/dev_ws/install/setup.zsh'
