[0.000000] (-) TimerEvent: {}
[0.000160] (easy_handeye2_msgs) JobQueued: {'identifier': 'easy_handeye2_msgs', 'dependencies': OrderedDict()}
[0.000198] (easy_handeye2) JobQueued: {'identifier': 'easy_handeye2', 'dependencies': OrderedDict([('easy_handeye2_msgs', '/dev_ws/install')])}
[0.000261] (easy_handeye2_msgs) JobStarted: {'identifier': 'easy_handeye2_msgs'}
[0.006179] (easy_handeye2_msgs) JobProgress: {'identifier': 'easy_handeye2_msgs', 'progress': 'cmake'}
[0.006449] (easy_handeye2_msgs) Command: {'cmd': ['/usr/bin/cmake', '/dev_ws/src/easy_handeye2/easy_handeye2_msgs', '-DCMAKE_INSTALL_PREFIX=/dev_ws/install'], 'cwd': '/dev_ws/build/easy_handeye2_msgs', 'env': OrderedDict([('HOSTNAME', 'prottay-Pulse-15-B13VFK'), ('SHLVL', '2'), ('LD_LIBRARY_PATH', '/dev_ws/install/lib:/opt/ros/humble/opt/rviz_ogre_vendor/lib:/opt/ros/humble/lib/x86_64-linux-gnu:/opt/ros/humble/lib'), ('HOME', '/home/prottay'), ('ROS_PYTHON_VERSION', '3'), ('COLORTERM', 'truecolor'), ('COLCON_PREFIX_PATH', '/dev_ws/install'), ('ROS_DISTRO', 'humble'), ('_', '/usr/bin/colcon'), ('ROS_VERSION', '2'), ('NVIDIA_DRIVER_CAPABILITIES', 'compute,display,graphics,utility,video'), ('TERM', 'xterm-256color'), ('ROS_LOCALHOST_ONLY', '1'), ('QT_X11_NO_MITSHM', '1'), ('PATH', '/opt/ros/humble/bin:/usr/local/sbin:/usr/local/bin:/usr/sbin:/usr/bin:/sbin:/bin'), ('DISPLAY', ':1'), ('LANG', 'C.UTF-8'), ('RMW_IMPLEMENTATION', 'rmw_fastrtps_cpp'), ('LS_COLORS', 'rs=0:di=01;34:ln=01;36:mh=00:pi=40;33:so=01;35:do=01;35:bd=40;33;01:cd=40;33;01:or=40;31;01:mi=00:su=37;41:sg=30;43:ca=30;41:tw=30;42:ow=34;42:st=37;44:ex=01;32:*.tar=01;31:*.tgz=01;31:*.arc=01;31:*.arj=01;31:*.taz=01;31:*.lha=01;31:*.lz4=01;31:*.lzh=01;31:*.lzma=01;31:*.tlz=01;31:*.txz=01;31:*.tzo=01;31:*.t7z=01;31:*.zip=01;31:*.z=01;31:*.dz=01;31:*.gz=01;31:*.lrz=01;31:*.lz=01;31:*.lzo=01;31:*.xz=01;31:*.zst=01;31:*.tzst=01;31:*.bz2=01;31:*.bz=01;31:*.tbz=01;31:*.tbz2=01;31:*.tz=01;31:*.deb=01;31:*.rpm=01;31:*.jar=01;31:*.war=01;31:*.ear=01;31:*.sar=01;31:*.rar=01;31:*.alz=01;31:*.ace=01;31:*.zoo=01;31:*.cpio=01;31:*.7z=01;31:*.rz=01;31:*.cab=01;31:*.wim=01;31:*.swm=01;31:*.dwm=01;31:*.esd=01;31:*.jpg=01;35:*.jpeg=01;35:*.mjpg=01;35:*.mjpeg=01;35:*.gif=01;35:*.bmp=01;35:*.pbm=01;35:*.pgm=01;35:*.ppm=01;35:*.tga=01;35:*.xbm=01;35:*.xpm=01;35:*.tif=01;35:*.tiff=01;35:*.png=01;35:*.svg=01;35:*.svgz=01;35:*.mng=01;35:*.pcx=01;35:*.mov=01;35:*.mpg=01;35:*.mpeg=01;35:*.m2v=01;35:*.mkv=01;35:*.webm=01;35:*.webp=01;35:*.ogm=01;35:*.mp4=01;35:*.m4v=01;35:*.mp4v=01;35:*.vob=01;35:*.qt=01;35:*.nuv=01;35:*.wmv=01;35:*.asf=01;35:*.rm=01;35:*.rmvb=01;35:*.flc=01;35:*.avi=01;35:*.fli=01;35:*.flv=01;35:*.gl=01;35:*.dl=01;35:*.xcf=01;35:*.xwd=01;35:*.yuv=01;35:*.cgm=01;35:*.emf=01;35:*.ogv=01;35:*.ogx=01;35:*.aac=00;36:*.au=00;36:*.flac=00;36:*.m4a=00;36:*.mid=00;36:*.midi=00;36:*.mka=00;36:*.mp3=00;36:*.mpc=00;36:*.ogg=00;36:*.ra=00;36:*.wav=00;36:*.oga=00;36:*.opus=00;36:*.spx=00;36:*.xspf=00;36:'), ('ROS_DOMAIN_ID', '0'), ('AMENT_PREFIX_PATH', '/dev_ws/install:/opt/ros/humble'), ('DEBIAN_FRONTEND', 'noninteractive'), ('TERMINATOR_UUID', 'urn:uuid:f94316ff-644a-45a6-8ebc-68eacf2d4390'), ('PWD', '/dev_ws/build/easy_handeye2_msgs'), ('LC_ALL', 'C.UTF-8'), ('PYTHONPATH', '/dev_ws/build/easy_handeye2:/dev_ws/install/lib/python3.10/site-packages:/dev_ws/install/local/lib/python3.10/dist-packages:/opt/ros/humble/lib/python3.10/site-packages:/opt/ros/humble/local/lib/python3.10/dist-packages'), ('NVIDIA_VISIBLE_DEVICES', 'all'), ('COLCON', '1'), ('VTE_VERSION', '6800'), ('CMAKE_PREFIX_PATH', '/dev_ws/install:/opt/ros/humble')]), 'shell': False}
[0.087578] (easy_handeye2_msgs) StdoutLine: {'line': b'-- The C compiler identification is GNU 11.4.0\n'}
[0.099580] (-) TimerEvent: {}
[0.157789] (easy_handeye2_msgs) StdoutLine: {'line': b'-- The CXX compiler identification is GNU 11.4.0\n'}
[0.163847] (easy_handeye2_msgs) StdoutLine: {'line': b'-- Detecting C compiler ABI info\n'}
[0.199780] (-) TimerEvent: {}
[0.256783] (easy_handeye2_msgs) StdoutLine: {'line': b'-- Detecting C compiler ABI info - done\n'}
[0.264312] (easy_handeye2_msgs) StdoutLine: {'line': b'-- Check for working C compiler: /usr/bin/cc - skipped\n'}
[0.264690] (easy_handeye2_msgs) StdoutLine: {'line': b'-- Detecting C compile features\n'}
[0.264930] (easy_handeye2_msgs) StdoutLine: {'line': b'-- Detecting C compile features - done\n'}
[0.267255] (easy_handeye2_msgs) StdoutLine: {'line': b'-- Detecting CXX compiler ABI info\n'}
[0.299896] (-) TimerEvent: {}
[0.327652] (easy_handeye2_msgs) StdoutLine: {'line': b'-- Detecting CXX compiler ABI info - done\n'}
[0.333491] (easy_handeye2_msgs) StdoutLine: {'line': b'-- Check for working CXX compiler: /usr/bin/c++ - skipped\n'}
[0.333672] (easy_handeye2_msgs) StdoutLine: {'line': b'-- Detecting CXX compile features\n'}
[0.333907] (easy_handeye2_msgs) StdoutLine: {'line': b'-- Detecting CXX compile features - done\n'}
[0.335995] (easy_handeye2_msgs) StdoutLine: {'line': b'-- Found ament_cmake: 1.3.11 (/opt/ros/humble/share/ament_cmake/cmake)\n'}
[0.400059] (-) TimerEvent: {}
[0.460942] (easy_handeye2_msgs) StdoutLine: {'line': b'-- Found Python3: /usr/bin/python3 (found version "3.10.12") found components: Interpreter \n'}
[0.500281] (-) TimerEvent: {}
[0.530823] (easy_handeye2_msgs) StdoutLine: {'line': b'-- Found rosidl_default_generators: 1.2.0 (/opt/ros/humble/share/rosidl_default_generators/cmake)\n'}
[0.533095] (easy_handeye2_msgs) StdoutLine: {'line': b'-- Using all available rosidl_typesupport_c: rosidl_typesupport_fastrtps_c;rosidl_typesupport_introspection_c\n'}
[0.539415] (easy_handeye2_msgs) StdoutLine: {'line': b'-- Found rosidl_adapter: 3.1.6 (/opt/ros/humble/share/rosidl_adapter/cmake)\n'}
[0.572832] (easy_handeye2_msgs) StdoutLine: {'line': b'-- Using all available rosidl_typesupport_cpp: rosidl_typesupport_fastrtps_cpp;rosidl_typesupport_introspection_cpp\n'}
[0.597364] (easy_handeye2_msgs) StdoutLine: {'line': b'-- Found std_msgs: 4.8.0 (/opt/ros/humble/share/std_msgs/cmake)\n'}
[0.600490] (-) TimerEvent: {}
[0.615650] (easy_handeye2_msgs) StdoutLine: {'line': b'-- Found geometry_msgs: 4.8.0 (/opt/ros/humble/share/geometry_msgs/cmake)\n'}
[0.700749] (-) TimerEvent: {}
[0.801163] (-) TimerEvent: {}
[0.897327] (easy_handeye2_msgs) StdoutLine: {'line': b'-- Found ament_cmake_ros: 0.10.0 (/opt/ros/humble/share/ament_cmake_ros/cmake)\n'}
[0.901400] (-) TimerEvent: {}
[1.001741] (-) TimerEvent: {}
[1.077276] (easy_handeye2_msgs) StdoutLine: {'line': b'-- Using all available rosidl_typesupport_c: rosidl_typesupport_fastrtps_c;rosidl_typesupport_introspection_c\n'}
[1.101845] (-) TimerEvent: {}
[1.202268] (-) TimerEvent: {}
[1.302656] (-) TimerEvent: {}
[1.327266] (easy_handeye2_msgs) StdoutLine: {'line': b'-- Using all available rosidl_typesupport_cpp: rosidl_typesupport_fastrtps_cpp;rosidl_typesupport_introspection_cpp\n'}
[1.352795] (easy_handeye2_msgs) StdoutLine: {'line': b'-- Found PythonInterp: /usr/bin/python3 (found suitable version "3.10.12", minimum required is "3.6") \n'}
[1.354494] (easy_handeye2_msgs) StdoutLine: {'line': b'-- Found python_cmake_module: 0.10.0 (/opt/ros/humble/share/python_cmake_module/cmake)\n'}
[1.373240] (easy_handeye2_msgs) StdoutLine: {'line': b'-- Found PythonLibs: /usr/lib/x86_64-linux-gnu/libpython3.10.so (found suitable version "3.10.12", minimum required is "3.5") \n'}
[1.373326] (easy_handeye2_msgs) StdoutLine: {'line': b'-- Using PYTHON_EXECUTABLE: /usr/bin/python3\n'}
[1.373365] (easy_handeye2_msgs) StdoutLine: {'line': b'-- Using PYTHON_INCLUDE_DIRS: /usr/include/python3.10\n'}
[1.373396] (easy_handeye2_msgs) StdoutLine: {'line': b'-- Using PYTHON_LIBRARIES: /usr/lib/x86_64-linux-gnu/libpython3.10.so\n'}
[1.388107] (easy_handeye2_msgs) StdoutLine: {'line': b'-- Found PythonExtra: .so  \n'}
[1.402828] (-) TimerEvent: {}
[1.431217] (easy_handeye2_msgs) StdoutLine: {'line': b'-- Configuring done\n'}
[1.477197] (easy_handeye2_msgs) StdoutLine: {'line': b'-- Generating done\n'}
[1.486552] (easy_handeye2_msgs) StdoutLine: {'line': b'-- Build files have been written to: /dev_ws/build/easy_handeye2_msgs\n'}
[1.490422] (easy_handeye2_msgs) CommandEnded: {'returncode': 0}
[1.491808] (easy_handeye2_msgs) JobProgress: {'identifier': 'easy_handeye2_msgs', 'progress': 'build'}
[1.491833] (easy_handeye2_msgs) Command: {'cmd': ['/usr/bin/cmake', '--build', '/dev_ws/build/easy_handeye2_msgs', '--', '-j20', '-l20'], 'cwd': '/dev_ws/build/easy_handeye2_msgs', 'env': OrderedDict([('HOSTNAME', 'prottay-Pulse-15-B13VFK'), ('SHLVL', '2'), ('LD_LIBRARY_PATH', '/dev_ws/install/lib:/opt/ros/humble/opt/rviz_ogre_vendor/lib:/opt/ros/humble/lib/x86_64-linux-gnu:/opt/ros/humble/lib'), ('HOME', '/home/prottay'), ('ROS_PYTHON_VERSION', '3'), ('COLORTERM', 'truecolor'), ('COLCON_PREFIX_PATH', '/dev_ws/install'), ('ROS_DISTRO', 'humble'), ('_', '/usr/bin/colcon'), ('ROS_VERSION', '2'), ('NVIDIA_DRIVER_CAPABILITIES', 'compute,display,graphics,utility,video'), ('TERM', 'xterm-256color'), ('ROS_LOCALHOST_ONLY', '1'), ('QT_X11_NO_MITSHM', '1'), ('PATH', '/opt/ros/humble/bin:/usr/local/sbin:/usr/local/bin:/usr/sbin:/usr/bin:/sbin:/bin'), ('DISPLAY', ':1'), ('LANG', 'C.UTF-8'), ('RMW_IMPLEMENTATION', 'rmw_fastrtps_cpp'), ('LS_COLORS', 'rs=0:di=01;34:ln=01;36:mh=00:pi=40;33:so=01;35:do=01;35:bd=40;33;01:cd=40;33;01:or=40;31;01:mi=00:su=37;41:sg=30;43:ca=30;41:tw=30;42:ow=34;42:st=37;44:ex=01;32:*.tar=01;31:*.tgz=01;31:*.arc=01;31:*.arj=01;31:*.taz=01;31:*.lha=01;31:*.lz4=01;31:*.lzh=01;31:*.lzma=01;31:*.tlz=01;31:*.txz=01;31:*.tzo=01;31:*.t7z=01;31:*.zip=01;31:*.z=01;31:*.dz=01;31:*.gz=01;31:*.lrz=01;31:*.lz=01;31:*.lzo=01;31:*.xz=01;31:*.zst=01;31:*.tzst=01;31:*.bz2=01;31:*.bz=01;31:*.tbz=01;31:*.tbz2=01;31:*.tz=01;31:*.deb=01;31:*.rpm=01;31:*.jar=01;31:*.war=01;31:*.ear=01;31:*.sar=01;31:*.rar=01;31:*.alz=01;31:*.ace=01;31:*.zoo=01;31:*.cpio=01;31:*.7z=01;31:*.rz=01;31:*.cab=01;31:*.wim=01;31:*.swm=01;31:*.dwm=01;31:*.esd=01;31:*.jpg=01;35:*.jpeg=01;35:*.mjpg=01;35:*.mjpeg=01;35:*.gif=01;35:*.bmp=01;35:*.pbm=01;35:*.pgm=01;35:*.ppm=01;35:*.tga=01;35:*.xbm=01;35:*.xpm=01;35:*.tif=01;35:*.tiff=01;35:*.png=01;35:*.svg=01;35:*.svgz=01;35:*.mng=01;35:*.pcx=01;35:*.mov=01;35:*.mpg=01;35:*.mpeg=01;35:*.m2v=01;35:*.mkv=01;35:*.webm=01;35:*.webp=01;35:*.ogm=01;35:*.mp4=01;35:*.m4v=01;35:*.mp4v=01;35:*.vob=01;35:*.qt=01;35:*.nuv=01;35:*.wmv=01;35:*.asf=01;35:*.rm=01;35:*.rmvb=01;35:*.flc=01;35:*.avi=01;35:*.fli=01;35:*.flv=01;35:*.gl=01;35:*.dl=01;35:*.xcf=01;35:*.xwd=01;35:*.yuv=01;35:*.cgm=01;35:*.emf=01;35:*.ogv=01;35:*.ogx=01;35:*.aac=00;36:*.au=00;36:*.flac=00;36:*.m4a=00;36:*.mid=00;36:*.midi=00;36:*.mka=00;36:*.mp3=00;36:*.mpc=00;36:*.ogg=00;36:*.ra=00;36:*.wav=00;36:*.oga=00;36:*.opus=00;36:*.spx=00;36:*.xspf=00;36:'), ('ROS_DOMAIN_ID', '0'), ('AMENT_PREFIX_PATH', '/dev_ws/install:/opt/ros/humble'), ('DEBIAN_FRONTEND', 'noninteractive'), ('TERMINATOR_UUID', 'urn:uuid:f94316ff-644a-45a6-8ebc-68eacf2d4390'), ('PWD', '/dev_ws/build/easy_handeye2_msgs'), ('LC_ALL', 'C.UTF-8'), ('PYTHONPATH', '/dev_ws/build/easy_handeye2:/dev_ws/install/lib/python3.10/site-packages:/dev_ws/install/local/lib/python3.10/dist-packages:/opt/ros/humble/lib/python3.10/site-packages:/opt/ros/humble/local/lib/python3.10/dist-packages'), ('NVIDIA_VISIBLE_DEVICES', 'all'), ('COLCON', '1'), ('VTE_VERSION', '6800'), ('CMAKE_PREFIX_PATH', '/dev_ws/install:/opt/ros/humble')]), 'shell': False}
[1.503015] (-) TimerEvent: {}
[1.533626] (easy_handeye2_msgs) StdoutLine: {'line': b'[  0%] \x1b[34m\x1b[1mGenerating C code for ROS interfaces\x1b[0m\n'}
[1.545389] (easy_handeye2_msgs) StdoutLine: {'line': b'[  0%] \x1b[34m\x1b[1mGenerating C++ code for ROS interfaces\x1b[0m\n'}
[1.554182] (easy_handeye2_msgs) StdoutLine: {'line': b'[  0%] Built target ament_cmake_python_copy_easy_handeye2_msgs\n'}
[1.603139] (-) TimerEvent: {}
[1.701655] (easy_handeye2_msgs) StdoutLine: {'line': b'running egg_info\n'}
[1.701882] (easy_handeye2_msgs) StdoutLine: {'line': b'creating easy_handeye2_msgs.egg-info\n'}
[1.702107] (easy_handeye2_msgs) StdoutLine: {'line': b'writing easy_handeye2_msgs.egg-info/PKG-INFO\n'}
[1.702185] (easy_handeye2_msgs) StdoutLine: {'line': b'writing dependency_links to easy_handeye2_msgs.egg-info/dependency_links.txt\n'}
[1.702247] (easy_handeye2_msgs) StdoutLine: {'line': b'writing top-level names to easy_handeye2_msgs.egg-info/top_level.txt\n'}
[1.702285] (easy_handeye2_msgs) StdoutLine: {'line': b"writing manifest file 'easy_handeye2_msgs.egg-info/SOURCES.txt'\n"}
[1.703320] (-) TimerEvent: {}
[1.703447] (easy_handeye2_msgs) StdoutLine: {'line': b"reading manifest file 'easy_handeye2_msgs.egg-info/SOURCES.txt'\n"}
[1.703759] (easy_handeye2_msgs) StdoutLine: {'line': b"writing manifest file 'easy_handeye2_msgs.egg-info/SOURCES.txt'\n"}
[1.720697] (easy_handeye2_msgs) StdoutLine: {'line': b'[  0%] Built target ament_cmake_python_build_easy_handeye2_msgs_egg\n'}
[1.803517] (-) TimerEvent: {}
[1.903719] (-) TimerEvent: {}
[2.003940] (-) TimerEvent: {}
[2.104223] (-) TimerEvent: {}
[2.204506] (-) TimerEvent: {}
[2.304722] (-) TimerEvent: {}
[2.377268] (easy_handeye2_msgs) StdoutLine: {'line': b'[  0%] Built target easy_handeye2_msgs__cpp\n'}
[2.389346] (easy_handeye2_msgs) StdoutLine: {'line': b'[  1%] \x1b[34m\x1b[1mGenerating C++ type support for eProsima Fast-RTPS\x1b[0m\n'}
[2.389559] (easy_handeye2_msgs) StdoutLine: {'line': b'[  2%] \x1b[34m\x1b[1mGenerating C++ introspection for ROS interfaces\x1b[0m\n'}
[2.389616] (easy_handeye2_msgs) StdoutLine: {'line': b'[  2%] \x1b[34m\x1b[1mGenerating C++ type support dispatch for ROS interfaces\x1b[0m\n'}
[2.400620] (easy_handeye2_msgs) StdoutLine: {'line': b'[  2%] \x1b[32mBuilding C object CMakeFiles/easy_handeye2_msgs__rosidl_generator_c.dir/rosidl_generator_c/easy_handeye2_msgs/srv/detail/set_algorithm__functions.c.o\x1b[0m\n'}
[2.400810] (easy_handeye2_msgs) StdoutLine: {'line': b'[  3%] \x1b[32mBuilding C object CMakeFiles/easy_handeye2_msgs__rosidl_generator_c.dir/rosidl_generator_c/easy_handeye2_msgs/msg/detail/sample__functions.c.o\x1b[0m\n'}
[2.400952] (easy_handeye2_msgs) StdoutLine: {'line': b'[  4%] \x1b[32mBuilding C object CMakeFiles/easy_handeye2_msgs__rosidl_generator_c.dir/rosidl_generator_c/easy_handeye2_msgs/msg/detail/sample_list__functions.c.o\x1b[0m\n'}
[2.401232] (easy_handeye2_msgs) StdoutLine: {'line': b'[  4%] \x1b[32mBuilding C object CMakeFiles/easy_handeye2_msgs__rosidl_generator_c.dir/rosidl_generator_c/easy_handeye2_msgs/msg/detail/target_pose_list__functions.c.o\x1b[0m\n'}
[2.401481] (easy_handeye2_msgs) StdoutLine: {'line': b'[  5%] \x1b[32mBuilding C object CMakeFiles/easy_handeye2_msgs__rosidl_generator_c.dir/rosidl_generator_c/easy_handeye2_msgs/srv/detail/list_algorithms__functions.c.o\x1b[0m\n'}
[2.402148] (easy_handeye2_msgs) StdoutLine: {'line': b'[  6%] \x1b[32mBuilding C object CMakeFiles/easy_handeye2_msgs__rosidl_generator_c.dir/rosidl_generator_c/easy_handeye2_msgs/msg/detail/handeye_calibration_parameters__functions.c.o\x1b[0m\n'}
[2.402281] (easy_handeye2_msgs) StdoutLine: {'line': b'[  6%] \x1b[32mBuilding C object CMakeFiles/easy_handeye2_msgs__rosidl_generator_c.dir/rosidl_generator_c/easy_handeye2_msgs/msg/detail/handeye_calibration__functions.c.o\x1b[0m\n'}
[2.402852] (easy_handeye2_msgs) StdoutLine: {'line': b'[  6%] \x1b[32mBuilding C object CMakeFiles/easy_handeye2_msgs__rosidl_generator_c.dir/rosidl_generator_c/easy_handeye2_msgs/srv/detail/remove_sample__functions.c.o\x1b[0m\n'}
[2.403204] (easy_handeye2_msgs) StdoutLine: {'line': b'[  7%] \x1b[32mBuilding C object CMakeFiles/easy_handeye2_msgs__rosidl_generator_c.dir/rosidl_generator_c/easy_handeye2_msgs/srv/detail/save_calibration__functions.c.o\x1b[0m\n'}
[2.403340] (easy_handeye2_msgs) StdoutLine: {'line': b'[  8%] \x1b[32mBuilding C object CMakeFiles/easy_handeye2_msgs__rosidl_generator_c.dir/rosidl_generator_c/easy_handeye2_msgs/srv/detail/take_sample__functions.c.o\x1b[0m\n'}
[2.403683] (easy_handeye2_msgs) StdoutLine: {'line': b'[  9%] \x1b[32mBuilding C object CMakeFiles/easy_handeye2_msgs__rosidl_generator_c.dir/rosidl_generator_c/easy_handeye2_msgs/srv/detail/compute_calibration__functions.c.o\x1b[0m\n'}
[2.403829] (easy_handeye2_msgs) StdoutLine: {'line': b'[  9%] \x1b[32mBuilding C object CMakeFiles/easy_handeye2_msgs__rosidl_generator_c.dir/rosidl_generator_c/easy_handeye2_msgs/srv/detail/enumerate_target_poses__functions.c.o\x1b[0m\n'}
[2.404838] (-) TimerEvent: {}
[2.406721] (easy_handeye2_msgs) StdoutLine: {'line': b'[ 10%] \x1b[32mBuilding C object CMakeFiles/easy_handeye2_msgs__rosidl_generator_c.dir/rosidl_generator_c/easy_handeye2_msgs/srv/detail/select_target_pose__functions.c.o\x1b[0m\n'}
[2.406883] (easy_handeye2_msgs) StdoutLine: {'line': b'[ 11%] \x1b[32mBuilding C object CMakeFiles/easy_handeye2_msgs__rosidl_generator_c.dir/rosidl_generator_c/easy_handeye2_msgs/srv/detail/load_samples__functions.c.o\x1b[0m\n'}
[2.406952] (easy_handeye2_msgs) StdoutLine: {'line': b'[ 12%] \x1b[32mBuilding C object CMakeFiles/easy_handeye2_msgs__rosidl_generator_c.dir/rosidl_generator_c/easy_handeye2_msgs/srv/detail/check_starting_pose__functions.c.o\x1b[0m\n'}
[2.407088] (easy_handeye2_msgs) StdoutLine: {'line': b'[ 12%] \x1b[32mBuilding C object CMakeFiles/easy_handeye2_msgs__rosidl_generator_c.dir/rosidl_generator_c/easy_handeye2_msgs/srv/detail/plan_to_selected_target_pose__functions.c.o\x1b[0m\n'}
[2.410716] (easy_handeye2_msgs) StdoutLine: {'line': b'[ 12%] \x1b[32mBuilding C object CMakeFiles/easy_handeye2_msgs__rosidl_generator_c.dir/rosidl_generator_c/easy_handeye2_msgs/srv/detail/save_samples__functions.c.o\x1b[0m\n'}
[2.477674] (easy_handeye2_msgs) StdoutLine: {'line': b'[ 13%] \x1b[32mBuilding C object CMakeFiles/easy_handeye2_msgs__rosidl_generator_c.dir/rosidl_generator_c/easy_handeye2_msgs/srv/detail/execute_plan__functions.c.o\x1b[0m\n'}
[2.505088] (-) TimerEvent: {}
[2.531469] (easy_handeye2_msgs) StdoutLine: {'line': b'[ 14%] \x1b[32m\x1b[1mLinking C shared library libeasy_handeye2_msgs__rosidl_generator_c.so\x1b[0m\n'}
[2.568461] (easy_handeye2_msgs) StdoutLine: {'line': b'[ 14%] Built target easy_handeye2_msgs__rosidl_generator_c\n'}
[2.580249] (easy_handeye2_msgs) StdoutLine: {'line': b'[ 17%] \x1b[34m\x1b[1mGenerating C introspection for ROS interfaces\x1b[0m\n'}
[2.580454] (easy_handeye2_msgs) StdoutLine: {'line': b'[ 17%] \x1b[34m\x1b[1mGenerating C type support for eProsima Fast-RTPS\x1b[0m\n'}
[2.580567] (easy_handeye2_msgs) StdoutLine: {'line': b'[ 17%] \x1b[34m\x1b[1mGenerating C type support dispatch for ROS interfaces\x1b[0m\n'}
[2.605220] (-) TimerEvent: {}
[2.705604] (-) TimerEvent: {}
[2.806004] (-) TimerEvent: {}
[2.906418] (-) TimerEvent: {}
[3.006725] (-) TimerEvent: {}
[3.030204] (easy_handeye2_msgs) StdoutLine: {'line': b'[ 19%] \x1b[32mBuilding CXX object CMakeFiles/easy_handeye2_msgs__rosidl_typesupport_cpp.dir/rosidl_typesupport_cpp/easy_handeye2_msgs/msg/handeye_calibration_parameters__type_support.cpp.o\x1b[0m\n'}
[3.030553] (easy_handeye2_msgs) StdoutLine: {'line': b'[ 19%] \x1b[32mBuilding CXX object CMakeFiles/easy_handeye2_msgs__rosidl_typesupport_cpp.dir/rosidl_typesupport_cpp/easy_handeye2_msgs/srv/compute_calibration__type_support.cpp.o\x1b[0m\n'}
[3.030828] (easy_handeye2_msgs) StdoutLine: {'line': b'[ 19%] \x1b[32mBuilding CXX object CMakeFiles/easy_handeye2_msgs__rosidl_typesupport_cpp.dir/rosidl_typesupport_cpp/easy_handeye2_msgs/msg/handeye_calibration__type_support.cpp.o\x1b[0m\n'}
[3.030990] (easy_handeye2_msgs) StdoutLine: {'line': b'[ 19%] \x1b[32mBuilding CXX object CMakeFiles/easy_handeye2_msgs__rosidl_typesupport_cpp.dir/rosidl_typesupport_cpp/easy_handeye2_msgs/srv/save_calibration__type_support.cpp.o\x1b[0m\n'}
[3.031125] (easy_handeye2_msgs) StdoutLine: {'line': b'[ 21%] \x1b[32mBuilding CXX object CMakeFiles/easy_handeye2_msgs__rosidl_typesupport_cpp.dir/rosidl_typesupport_cpp/easy_handeye2_msgs/srv/remove_sample__type_support.cpp.o\x1b[0m\n'}
[3.031352] (easy_handeye2_msgs) StdoutLine: {'line': b'[ 21%] \x1b[32mBuilding CXX object CMakeFiles/easy_handeye2_msgs__rosidl_typesupport_cpp.dir/rosidl_typesupport_cpp/easy_handeye2_msgs/msg/sample_list__type_support.cpp.o\x1b[0m\n'}
[3.031686] (easy_handeye2_msgs) StdoutLine: {'line': b'[ 22%] \x1b[32mBuilding CXX object CMakeFiles/easy_handeye2_msgs__rosidl_typesupport_cpp.dir/rosidl_typesupport_cpp/easy_handeye2_msgs/srv/save_samples__type_support.cpp.o\x1b[0m\n'}
[3.031849] (easy_handeye2_msgs) StdoutLine: {'line': b'[ 22%] \x1b[32mBuilding CXX object CMakeFiles/easy_handeye2_msgs__rosidl_typesupport_cpp.dir/rosidl_typesupport_cpp/easy_handeye2_msgs/srv/list_algorithms__type_support.cpp.o\x1b[0m\n'}
[3.031993] (easy_handeye2_msgs) StdoutLine: {'line': b'[ 23%] \x1b[32mBuilding CXX object CMakeFiles/easy_handeye2_msgs__rosidl_typesupport_cpp.dir/rosidl_typesupport_cpp/easy_handeye2_msgs/msg/sample__type_support.cpp.o\x1b[0m\n'}
[3.032116] (easy_handeye2_msgs) StdoutLine: {'line': b'[ 23%] \x1b[32mBuilding CXX object CMakeFiles/easy_handeye2_msgs__rosidl_typesupport_cpp.dir/rosidl_typesupport_cpp/easy_handeye2_msgs/msg/target_pose_list__type_support.cpp.o\x1b[0m\n'}
[3.032249] (easy_handeye2_msgs) StdoutLine: {'line': b'[ 25%] \x1b[32mBuilding CXX object CMakeFiles/easy_handeye2_msgs__rosidl_typesupport_cpp.dir/rosidl_typesupport_cpp/easy_handeye2_msgs/srv/set_algorithm__type_support.cpp.o\x1b[0m\n'}
[3.032370] (easy_handeye2_msgs) StdoutLine: {'line': b'[ 25%] \x1b[32mBuilding CXX object CMakeFiles/easy_handeye2_msgs__rosidl_typesupport_cpp.dir/rosidl_typesupport_cpp/easy_handeye2_msgs/srv/check_starting_pose__type_support.cpp.o\x1b[0m\n'}
[3.032490] (easy_handeye2_msgs) StdoutLine: {'line': b'[ 26%] \x1b[32mBuilding CXX object CMakeFiles/easy_handeye2_msgs__rosidl_typesupport_cpp.dir/rosidl_typesupport_cpp/easy_handeye2_msgs/srv/load_samples__type_support.cpp.o\x1b[0m\n'}
[3.032632] (easy_handeye2_msgs) StdoutLine: {'line': b'[ 26%] \x1b[32mBuilding CXX object CMakeFiles/easy_handeye2_msgs__rosidl_typesupport_cpp.dir/rosidl_typesupport_cpp/easy_handeye2_msgs/srv/enumerate_target_poses__type_support.cpp.o\x1b[0m\n'}
[3.032749] (easy_handeye2_msgs) StdoutLine: {'line': b'[ 26%] \x1b[32mBuilding CXX object CMakeFiles/easy_handeye2_msgs__rosidl_typesupport_cpp.dir/rosidl_typesupport_cpp/easy_handeye2_msgs/srv/take_sample__type_support.cpp.o\x1b[0m\n'}
[3.108581] (-) TimerEvent: {}
[3.208947] (-) TimerEvent: {}
[3.309389] (-) TimerEvent: {}
[3.409919] (-) TimerEvent: {}
[3.429727] (easy_handeye2_msgs) StdoutLine: {'line': b'[ 26%] \x1b[32mBuilding CXX object CMakeFiles/easy_handeye2_msgs__rosidl_typesupport_c.dir/rosidl_typesupport_c/easy_handeye2_msgs/msg/handeye_calibration__type_support.cpp.o\x1b[0m\n'}
[3.456599] (easy_handeye2_msgs) StdoutLine: {'line': b'[ 27%] \x1b[32mBuilding CXX object CMakeFiles/easy_handeye2_msgs__rosidl_typesupport_c.dir/rosidl_typesupport_c/easy_handeye2_msgs/msg/handeye_calibration_parameters__type_support.cpp.o\x1b[0m\n'}
[3.457015] (easy_handeye2_msgs) StdoutLine: {'line': b'[ 27%] \x1b[32mBuilding CXX object CMakeFiles/easy_handeye2_msgs__rosidl_typesupport_c.dir/rosidl_typesupport_c/easy_handeye2_msgs/msg/sample__type_support.cpp.o\x1b[0m\n'}
[3.460603] (easy_handeye2_msgs) StdoutLine: {'line': b'[ 28%] \x1b[32mBuilding CXX object CMakeFiles/easy_handeye2_msgs__rosidl_typesupport_c.dir/rosidl_typesupport_c/easy_handeye2_msgs/msg/sample_list__type_support.cpp.o\x1b[0m\n'}
[3.460988] (easy_handeye2_msgs) StdoutLine: {'line': b'[ 29%] \x1b[32mBuilding CXX object CMakeFiles/easy_handeye2_msgs__rosidl_typesupport_c.dir/rosidl_typesupport_c/easy_handeye2_msgs/msg/target_pose_list__type_support.cpp.o\x1b[0m\n'}
[3.461229] (easy_handeye2_msgs) StdoutLine: {'line': b'[ 29%] \x1b[32mBuilding CXX object CMakeFiles/easy_handeye2_msgs__rosidl_typesupport_cpp.dir/rosidl_typesupport_cpp/easy_handeye2_msgs/srv/select_target_pose__type_support.cpp.o\x1b[0m\n'}
[3.477881] (easy_handeye2_msgs) StdoutLine: {'line': b'[ 29%] \x1b[32mBuilding CXX object CMakeFiles/easy_handeye2_msgs__rosidl_typesupport_c.dir/rosidl_typesupport_c/easy_handeye2_msgs/srv/list_algorithms__type_support.cpp.o\x1b[0m\n'}
[3.478232] (easy_handeye2_msgs) StdoutLine: {'line': b'[ 30%] \x1b[32mBuilding CXX object CMakeFiles/easy_handeye2_msgs__rosidl_typesupport_c.dir/rosidl_typesupport_c/easy_handeye2_msgs/srv/compute_calibration__type_support.cpp.o\x1b[0m\n'}
[3.478361] (easy_handeye2_msgs) StdoutLine: {'line': b'[ 30%] \x1b[32mBuilding CXX object CMakeFiles/easy_handeye2_msgs__rosidl_typesupport_c.dir/rosidl_typesupport_c/easy_handeye2_msgs/srv/set_algorithm__type_support.cpp.o\x1b[0m\n'}
[3.478547] (easy_handeye2_msgs) StdoutLine: {'line': b'[ 31%] \x1b[32mBuilding CXX object CMakeFiles/easy_handeye2_msgs__rosidl_typesupport_cpp.dir/rosidl_typesupport_cpp/easy_handeye2_msgs/srv/plan_to_selected_target_pose__type_support.cpp.o\x1b[0m\n'}
[3.486598] (easy_handeye2_msgs) StdoutLine: {'line': b'[ 32%] \x1b[32mBuilding CXX object CMakeFiles/easy_handeye2_msgs__rosidl_typesupport_c.dir/rosidl_typesupport_c/easy_handeye2_msgs/srv/save_calibration__type_support.cpp.o\x1b[0m\n'}
[3.498133] (easy_handeye2_msgs) StdoutLine: {'line': b'[ 33%] \x1b[32mBuilding CXX object CMakeFiles/easy_handeye2_msgs__rosidl_typesupport_cpp.dir/rosidl_typesupport_cpp/easy_handeye2_msgs/srv/execute_plan__type_support.cpp.o\x1b[0m\n'}
[3.498791] (easy_handeye2_msgs) StdoutLine: {'line': b'[ 34%] \x1b[32mBuilding CXX object CMakeFiles/easy_handeye2_msgs__rosidl_typesupport_c.dir/rosidl_typesupport_c/easy_handeye2_msgs/srv/remove_sample__type_support.cpp.o\x1b[0m\n'}
[3.501683] (easy_handeye2_msgs) StdoutLine: {'line': b'[ 34%] \x1b[32mBuilding CXX object CMakeFiles/easy_handeye2_msgs__rosidl_typesupport_c.dir/rosidl_typesupport_c/easy_handeye2_msgs/srv/take_sample__type_support.cpp.o\x1b[0m\n'}
[3.503516] (easy_handeye2_msgs) StdoutLine: {'line': b'[ 35%] \x1b[32mBuilding CXX object CMakeFiles/easy_handeye2_msgs__rosidl_typesupport_c.dir/rosidl_typesupport_c/easy_handeye2_msgs/srv/save_samples__type_support.cpp.o\x1b[0m\n'}
[3.510013] (-) TimerEvent: {}
[3.524625] (easy_handeye2_msgs) StdoutLine: {'line': b'[ 35%] \x1b[32mBuilding CXX object CMakeFiles/easy_handeye2_msgs__rosidl_typesupport_c.dir/rosidl_typesupport_c/easy_handeye2_msgs/srv/load_samples__type_support.cpp.o\x1b[0m\n'}
[3.532944] (easy_handeye2_msgs) StdoutLine: {'line': b'[ 36%] \x1b[32mBuilding CXX object CMakeFiles/easy_handeye2_msgs__rosidl_typesupport_c.dir/rosidl_typesupport_c/easy_handeye2_msgs/srv/check_starting_pose__type_support.cpp.o\x1b[0m\n'}
[3.538006] (easy_handeye2_msgs) StdoutLine: {'line': b'[ 37%] \x1b[32mBuilding CXX object CMakeFiles/easy_handeye2_msgs__rosidl_typesupport_c.dir/rosidl_typesupport_c/easy_handeye2_msgs/srv/enumerate_target_poses__type_support.cpp.o\x1b[0m\n'}
[3.540766] (easy_handeye2_msgs) StdoutLine: {'line': b'[ 37%] \x1b[32mBuilding CXX object CMakeFiles/easy_handeye2_msgs__rosidl_typesupport_c.dir/rosidl_typesupport_c/easy_handeye2_msgs/srv/select_target_pose__type_support.cpp.o\x1b[0m\n'}
[3.547031] (easy_handeye2_msgs) StdoutLine: {'line': b'[ 38%] \x1b[32mBuilding CXX object CMakeFiles/easy_handeye2_msgs__rosidl_typesupport_c.dir/rosidl_typesupport_c/easy_handeye2_msgs/srv/plan_to_selected_target_pose__type_support.cpp.o\x1b[0m\n'}
[3.562047] (easy_handeye2_msgs) StdoutLine: {'line': b'[ 38%] \x1b[32mBuilding CXX object CMakeFiles/easy_handeye2_msgs__rosidl_typesupport_c.dir/rosidl_typesupport_c/easy_handeye2_msgs/srv/execute_plan__type_support.cpp.o\x1b[0m\n'}
[3.597233] (easy_handeye2_msgs) StdoutLine: {'line': b'[ 40%] \x1b[32mBuilding CXX object CMakeFiles/easy_handeye2_msgs__rosidl_typesupport_introspection_cpp.dir/rosidl_typesupport_introspection_cpp/easy_handeye2_msgs/msg/detail/handeye_calibration_parameters__type_support.cpp.o\x1b[0m\n'}
[3.597459] (easy_handeye2_msgs) StdoutLine: {'line': b'[ 41%] \x1b[32mBuilding CXX object CMakeFiles/easy_handeye2_msgs__rosidl_typesupport_introspection_cpp.dir/rosidl_typesupport_introspection_cpp/easy_handeye2_msgs/msg/detail/target_pose_list__type_support.cpp.o\x1b[0m\n'}
[3.597596] (easy_handeye2_msgs) StdoutLine: {'line': b'[ 41%] \x1b[32mBuilding CXX object CMakeFiles/easy_handeye2_msgs__rosidl_typesupport_introspection_cpp.dir/rosidl_typesupport_introspection_cpp/easy_handeye2_msgs/msg/detail/sample__type_support.cpp.o\x1b[0m\n'}
[3.597692] (easy_handeye2_msgs) StdoutLine: {'line': b'[ 40%] \x1b[32mBuilding CXX object CMakeFiles/easy_handeye2_msgs__rosidl_typesupport_introspection_cpp.dir/rosidl_typesupport_introspection_cpp/easy_handeye2_msgs/msg/detail/sample_list__type_support.cpp.o\x1b[0m\n'}
[3.597952] (easy_handeye2_msgs) StdoutLine: {'line': b'[ 41%] \x1b[32mBuilding CXX object CMakeFiles/easy_handeye2_msgs__rosidl_typesupport_introspection_cpp.dir/rosidl_typesupport_introspection_cpp/easy_handeye2_msgs/srv/detail/set_algorithm__type_support.cpp.o\x1b[0m\n'}
[3.599238] (easy_handeye2_msgs) StdoutLine: {'line': b'[ 41%] \x1b[32mBuilding CXX object CMakeFiles/easy_handeye2_msgs__rosidl_typesupport_introspection_cpp.dir/rosidl_typesupport_introspection_cpp/easy_handeye2_msgs/msg/detail/handeye_calibration__type_support.cpp.o\x1b[0m\n'}
[3.599381] (easy_handeye2_msgs) StdoutLine: {'line': b'[ 42%] \x1b[32mBuilding CXX object CMakeFiles/easy_handeye2_msgs__rosidl_typesupport_introspection_cpp.dir/rosidl_typesupport_introspection_cpp/easy_handeye2_msgs/srv/detail/list_algorithms__type_support.cpp.o\x1b[0m\n'}
[3.599471] (easy_handeye2_msgs) StdoutLine: {'line': b'[ 43%] \x1b[32m\x1b[1mLinking CXX shared library libeasy_handeye2_msgs__rosidl_typesupport_c.so\x1b[0m\n'}
[3.612568] (-) TimerEvent: {}
[3.670627] (easy_handeye2_msgs) StdoutLine: {'line': b'[ 43%] Built target easy_handeye2_msgs__rosidl_typesupport_c\n'}
[3.671120] (easy_handeye2_msgs) StdoutLine: {'line': b'[ 44%] \x1b[32mBuilding CXX object CMakeFiles/easy_handeye2_msgs__rosidl_typesupport_introspection_cpp.dir/rosidl_typesupport_introspection_cpp/easy_handeye2_msgs/srv/detail/compute_calibration__type_support.cpp.o\x1b[0m\n'}
[3.682123] (easy_handeye2_msgs) StdoutLine: {'line': b'[ 45%] \x1b[32mBuilding CXX object CMakeFiles/easy_handeye2_msgs__rosidl_typesupport_introspection_cpp.dir/rosidl_typesupport_introspection_cpp/easy_handeye2_msgs/srv/detail/save_calibration__type_support.cpp.o\x1b[0m\n'}
[3.712682] (-) TimerEvent: {}
[3.765614] (easy_handeye2_msgs) StdoutLine: {'line': b'[ 45%] \x1b[32mBuilding CXX object CMakeFiles/easy_handeye2_msgs__rosidl_typesupport_introspection_cpp.dir/rosidl_typesupport_introspection_cpp/easy_handeye2_msgs/srv/detail/remove_sample__type_support.cpp.o\x1b[0m\n'}
[3.794529] (easy_handeye2_msgs) StdoutLine: {'line': b'[ 46%] \x1b[32mBuilding CXX object CMakeFiles/easy_handeye2_msgs__rosidl_typesupport_introspection_cpp.dir/rosidl_typesupport_introspection_cpp/easy_handeye2_msgs/srv/detail/take_sample__type_support.cpp.o\x1b[0m\n'}
[3.796888] (easy_handeye2_msgs) StdoutLine: {'line': b'[ 47%] \x1b[32mBuilding CXX object CMakeFiles/easy_handeye2_msgs__rosidl_typesupport_introspection_cpp.dir/rosidl_typesupport_introspection_cpp/easy_handeye2_msgs/srv/detail/load_samples__type_support.cpp.o\x1b[0m\n'}
[3.797207] (easy_handeye2_msgs) StdoutLine: {'line': b'[ 47%] \x1b[32mBuilding CXX object CMakeFiles/easy_handeye2_msgs__rosidl_typesupport_introspection_cpp.dir/rosidl_typesupport_introspection_cpp/easy_handeye2_msgs/srv/detail/save_samples__type_support.cpp.o\x1b[0m\n'}
[3.812788] (-) TimerEvent: {}
[3.852319] (easy_handeye2_msgs) StdoutLine: {'line': b'[ 48%] \x1b[32mBuilding CXX object CMakeFiles/easy_handeye2_msgs__rosidl_typesupport_introspection_cpp.dir/rosidl_typesupport_introspection_cpp/easy_handeye2_msgs/srv/detail/check_starting_pose__type_support.cpp.o\x1b[0m\n'}
[3.871606] (easy_handeye2_msgs) StdoutLine: {'line': b'[ 48%] \x1b[32mBuilding CXX object CMakeFiles/easy_handeye2_msgs__rosidl_typesupport_introspection_cpp.dir/rosidl_typesupport_introspection_cpp/easy_handeye2_msgs/srv/detail/enumerate_target_poses__type_support.cpp.o\x1b[0m\n'}
[3.879728] (easy_handeye2_msgs) StdoutLine: {'line': b'[ 49%] \x1b[32mBuilding CXX object CMakeFiles/easy_handeye2_msgs__rosidl_typesupport_introspection_cpp.dir/rosidl_typesupport_introspection_cpp/easy_handeye2_msgs/srv/detail/select_target_pose__type_support.cpp.o\x1b[0m\n'}
[3.906183] (easy_handeye2_msgs) StdoutLine: {'line': b'[ 49%] \x1b[32m\x1b[1mLinking CXX shared library libeasy_handeye2_msgs__rosidl_typesupport_cpp.so\x1b[0m\n'}
[3.916618] (-) TimerEvent: {}
[3.980706] (easy_handeye2_msgs) StdoutLine: {'line': b'[ 49%] Built target easy_handeye2_msgs__rosidl_typesupport_cpp\n'}
[4.016771] (-) TimerEvent: {}
[4.017641] (easy_handeye2_msgs) StdoutLine: {'line': b'[ 49%] \x1b[32mBuilding CXX object CMakeFiles/easy_handeye2_msgs__rosidl_typesupport_introspection_cpp.dir/rosidl_typesupport_introspection_cpp/easy_handeye2_msgs/srv/detail/plan_to_selected_target_pose__type_support.cpp.o\x1b[0m\n'}
[4.116919] (-) TimerEvent: {}
[4.136506] (easy_handeye2_msgs) StdoutLine: {'line': b'[ 50%] \x1b[32mBuilding CXX object CMakeFiles/easy_handeye2_msgs__rosidl_typesupport_fastrtps_cpp.dir/rosidl_typesupport_fastrtps_cpp/easy_handeye2_msgs/msg/detail/dds_fastrtps/handeye_calibration__type_support.cpp.o\x1b[0m\n'}
[4.185488] (easy_handeye2_msgs) StdoutLine: {'line': b'[ 50%] \x1b[32mBuilding CXX object CMakeFiles/easy_handeye2_msgs__rosidl_typesupport_fastrtps_cpp.dir/rosidl_typesupport_fastrtps_cpp/easy_handeye2_msgs/msg/detail/dds_fastrtps/handeye_calibration_parameters__type_support.cpp.o\x1b[0m\n'}
[4.193444] (easy_handeye2_msgs) StdoutLine: {'line': b'[ 51%] \x1b[32mBuilding CXX object CMakeFiles/easy_handeye2_msgs__rosidl_typesupport_fastrtps_cpp.dir/rosidl_typesupport_fastrtps_cpp/easy_handeye2_msgs/msg/detail/dds_fastrtps/sample__type_support.cpp.o\x1b[0m\n'}
[4.215382] (easy_handeye2_msgs) StdoutLine: {'line': b'[ 51%] \x1b[32mBuilding CXX object CMakeFiles/easy_handeye2_msgs__rosidl_typesupport_fastrtps_cpp.dir/rosidl_typesupport_fastrtps_cpp/easy_handeye2_msgs/msg/detail/dds_fastrtps/sample_list__type_support.cpp.o\x1b[0m\n'}
[4.217003] (-) TimerEvent: {}
[4.229758] (easy_handeye2_msgs) StdoutLine: {'line': b'[ 52%] \x1b[32mBuilding CXX object CMakeFiles/easy_handeye2_msgs__rosidl_typesupport_introspection_cpp.dir/rosidl_typesupport_introspection_cpp/easy_handeye2_msgs/srv/detail/execute_plan__type_support.cpp.o\x1b[0m\n'}
[4.268547] (easy_handeye2_msgs) StdoutLine: {'line': b'[ 53%] \x1b[32mBuilding CXX object CMakeFiles/easy_handeye2_msgs__rosidl_typesupport_fastrtps_cpp.dir/rosidl_typesupport_fastrtps_cpp/easy_handeye2_msgs/msg/detail/dds_fastrtps/target_pose_list__type_support.cpp.o\x1b[0m\n'}
[4.275397] (easy_handeye2_msgs) StdoutLine: {'line': b'[ 54%] \x1b[32mBuilding CXX object CMakeFiles/easy_handeye2_msgs__rosidl_typesupport_fastrtps_cpp.dir/rosidl_typesupport_fastrtps_cpp/easy_handeye2_msgs/srv/detail/dds_fastrtps/list_algorithms__type_support.cpp.o\x1b[0m\n'}
[4.317579] (-) TimerEvent: {}
[4.364660] (easy_handeye2_msgs) StdoutLine: {'line': b'[ 54%] \x1b[32mBuilding CXX object CMakeFiles/easy_handeye2_msgs__rosidl_typesupport_fastrtps_cpp.dir/rosidl_typesupport_fastrtps_cpp/easy_handeye2_msgs/srv/detail/dds_fastrtps/set_algorithm__type_support.cpp.o\x1b[0m\n'}
[4.419616] (-) TimerEvent: {}
[4.494361] (easy_handeye2_msgs) StdoutLine: {'line': b'[ 55%] \x1b[32mBuilding CXX object CMakeFiles/easy_handeye2_msgs__rosidl_typesupport_fastrtps_cpp.dir/rosidl_typesupport_fastrtps_cpp/easy_handeye2_msgs/srv/detail/dds_fastrtps/compute_calibration__type_support.cpp.o\x1b[0m\n'}
[4.498612] (easy_handeye2_msgs) StdoutLine: {'line': b'[ 55%] \x1b[32mBuilding CXX object CMakeFiles/easy_handeye2_msgs__rosidl_typesupport_fastrtps_cpp.dir/rosidl_typesupport_fastrtps_cpp/easy_handeye2_msgs/srv/detail/dds_fastrtps/save_calibration__type_support.cpp.o\x1b[0m\n'}
[4.501622] (easy_handeye2_msgs) StdoutLine: {'line': b'[ 56%] \x1b[32mBuilding CXX object CMakeFiles/easy_handeye2_msgs__rosidl_typesupport_fastrtps_cpp.dir/rosidl_typesupport_fastrtps_cpp/easy_handeye2_msgs/srv/detail/dds_fastrtps/remove_sample__type_support.cpp.o\x1b[0m\n'}
[4.522642] (-) TimerEvent: {}
[4.623298] (-) TimerEvent: {}
[4.717292] (easy_handeye2_msgs) StdoutLine: {'line': b'[ 57%] \x1b[32mBuilding C object CMakeFiles/easy_handeye2_msgs__rosidl_typesupport_introspection_c.dir/rosidl_typesupport_introspection_c/easy_handeye2_msgs/msg/detail/handeye_calibration__type_support.c.o\x1b[0m\n'}
[4.723453] (-) TimerEvent: {}
[4.732706] (easy_handeye2_msgs) StdoutLine: {'line': b'[ 58%] \x1b[32mBuilding CXX object CMakeFiles/easy_handeye2_msgs__rosidl_typesupport_fastrtps_cpp.dir/rosidl_typesupport_fastrtps_cpp/easy_handeye2_msgs/srv/detail/dds_fastrtps/take_sample__type_support.cpp.o\x1b[0m\n'}
[4.762585] (easy_handeye2_msgs) StdoutLine: {'line': b'[ 58%] \x1b[32mBuilding CXX object CMakeFiles/easy_handeye2_msgs__rosidl_typesupport_fastrtps_cpp.dir/rosidl_typesupport_fastrtps_cpp/easy_handeye2_msgs/srv/detail/dds_fastrtps/save_samples__type_support.cpp.o\x1b[0m\n'}
[4.785641] (easy_handeye2_msgs) StdoutLine: {'line': b'[ 59%] \x1b[32mBuilding CXX object CMakeFiles/easy_handeye2_msgs__rosidl_typesupport_fastrtps_cpp.dir/rosidl_typesupport_fastrtps_cpp/easy_handeye2_msgs/srv/detail/dds_fastrtps/load_samples__type_support.cpp.o\x1b[0m\n'}
[4.795376] (easy_handeye2_msgs) StdoutLine: {'line': b'[ 59%] \x1b[32mBuilding C object CMakeFiles/easy_handeye2_msgs__rosidl_typesupport_introspection_c.dir/rosidl_typesupport_introspection_c/easy_handeye2_msgs/msg/detail/handeye_calibration_parameters__type_support.c.o\x1b[0m\n'}
[4.800224] (easy_handeye2_msgs) StdoutLine: {'line': b'[ 59%] \x1b[32mBuilding CXX object CMakeFiles/easy_handeye2_msgs__rosidl_typesupport_fastrtps_cpp.dir/rosidl_typesupport_fastrtps_cpp/easy_handeye2_msgs/srv/detail/dds_fastrtps/check_starting_pose__type_support.cpp.o\x1b[0m\n'}
[4.802940] (easy_handeye2_msgs) StdoutLine: {'line': b'[ 60%] \x1b[32mBuilding CXX object CMakeFiles/easy_handeye2_msgs__rosidl_typesupport_fastrtps_cpp.dir/rosidl_typesupport_fastrtps_cpp/easy_handeye2_msgs/srv/detail/dds_fastrtps/enumerate_target_poses__type_support.cpp.o\x1b[0m\n'}
[4.813704] (easy_handeye2_msgs) StdoutLine: {'line': b'[ 61%] \x1b[32mBuilding C object CMakeFiles/easy_handeye2_msgs__rosidl_typesupport_introspection_c.dir/rosidl_typesupport_introspection_c/easy_handeye2_msgs/msg/detail/sample__type_support.c.o\x1b[0m\n'}
[4.823572] (-) TimerEvent: {}
[4.836327] (easy_handeye2_msgs) StdoutLine: {'line': b'[ 61%] \x1b[32mBuilding C object CMakeFiles/easy_handeye2_msgs__rosidl_typesupport_introspection_c.dir/rosidl_typesupport_introspection_c/easy_handeye2_msgs/msg/detail/sample_list__type_support.c.o\x1b[0m\n'}
[4.846329] (easy_handeye2_msgs) StdoutLine: {'line': b'[ 62%] \x1b[32mBuilding C object CMakeFiles/easy_handeye2_msgs__rosidl_typesupport_introspection_c.dir/rosidl_typesupport_introspection_c/easy_handeye2_msgs/msg/detail/target_pose_list__type_support.c.o\x1b[0m\n'}
[4.855415] (easy_handeye2_msgs) StdoutLine: {'line': b'[ 63%] \x1b[32mBuilding CXX object CMakeFiles/easy_handeye2_msgs__rosidl_typesupport_fastrtps_cpp.dir/rosidl_typesupport_fastrtps_cpp/easy_handeye2_msgs/srv/detail/dds_fastrtps/select_target_pose__type_support.cpp.o\x1b[0m\n'}
[4.887581] (easy_handeye2_msgs) StdoutLine: {'line': b'[ 64%] \x1b[32mBuilding C object CMakeFiles/easy_handeye2_msgs__rosidl_typesupport_introspection_c.dir/rosidl_typesupport_introspection_c/easy_handeye2_msgs/srv/detail/list_algorithms__type_support.c.o\x1b[0m\n'}
[4.920647] (easy_handeye2_msgs) StdoutLine: {'line': b'[ 65%] \x1b[32mBuilding CXX object CMakeFiles/easy_handeye2_msgs__rosidl_typesupport_fastrtps_cpp.dir/rosidl_typesupport_fastrtps_cpp/easy_handeye2_msgs/srv/detail/dds_fastrtps/execute_plan__type_support.cpp.o\x1b[0m\n'}
[4.923681] (-) TimerEvent: {}
[4.925079] (easy_handeye2_msgs) StdoutLine: {'line': b'[ 65%] \x1b[32mBuilding C object CMakeFiles/easy_handeye2_msgs__rosidl_typesupport_introspection_c.dir/rosidl_typesupport_introspection_c/easy_handeye2_msgs/srv/detail/set_algorithm__type_support.c.o\x1b[0m\n'}
[4.928310] (easy_handeye2_msgs) StdoutLine: {'line': b'[ 65%] \x1b[32mBuilding CXX object CMakeFiles/easy_handeye2_msgs__rosidl_typesupport_fastrtps_cpp.dir/rosidl_typesupport_fastrtps_cpp/easy_handeye2_msgs/srv/detail/dds_fastrtps/plan_to_selected_target_pose__type_support.cpp.o\x1b[0m\n'}
[4.978702] (easy_handeye2_msgs) StdoutLine: {'line': b'[ 66%] \x1b[32mBuilding C object CMakeFiles/easy_handeye2_msgs__rosidl_typesupport_introspection_c.dir/rosidl_typesupport_introspection_c/easy_handeye2_msgs/srv/detail/compute_calibration__type_support.c.o\x1b[0m\n'}
[4.984142] (easy_handeye2_msgs) StdoutLine: {'line': b'[ 66%] \x1b[32mBuilding C object CMakeFiles/easy_handeye2_msgs__rosidl_typesupport_introspection_c.dir/rosidl_typesupport_introspection_c/easy_handeye2_msgs/srv/detail/save_calibration__type_support.c.o\x1b[0m\n'}
[4.995478] (easy_handeye2_msgs) StdoutLine: {'line': b'[ 67%] \x1b[32mBuilding C object CMakeFiles/easy_handeye2_msgs__rosidl_typesupport_introspection_c.dir/rosidl_typesupport_introspection_c/easy_handeye2_msgs/srv/detail/remove_sample__type_support.c.o\x1b[0m\n'}
[5.002112] (easy_handeye2_msgs) StdoutLine: {'line': b'[ 68%] \x1b[32mBuilding C object CMakeFiles/easy_handeye2_msgs__rosidl_typesupport_introspection_c.dir/rosidl_typesupport_introspection_c/easy_handeye2_msgs/srv/detail/take_sample__type_support.c.o\x1b[0m\n'}
[5.007675] (easy_handeye2_msgs) StdoutLine: {'line': b'[ 68%] \x1b[32mBuilding C object CMakeFiles/easy_handeye2_msgs__rosidl_typesupport_introspection_c.dir/rosidl_typesupport_introspection_c/easy_handeye2_msgs/srv/detail/save_samples__type_support.c.o\x1b[0m\n'}
[5.023797] (-) TimerEvent: {}
[5.046194] (easy_handeye2_msgs) StdoutLine: {'line': b'[ 68%] \x1b[32mBuilding C object CMakeFiles/easy_handeye2_msgs__rosidl_typesupport_introspection_c.dir/rosidl_typesupport_introspection_c/easy_handeye2_msgs/srv/detail/check_starting_pose__type_support.c.o\x1b[0m\n'}
[5.052784] (easy_handeye2_msgs) StdoutLine: {'line': b'[ 69%] \x1b[32mBuilding C object CMakeFiles/easy_handeye2_msgs__rosidl_typesupport_introspection_c.dir/rosidl_typesupport_introspection_c/easy_handeye2_msgs/srv/detail/enumerate_target_poses__type_support.c.o\x1b[0m\n'}
[5.061086] (easy_handeye2_msgs) StdoutLine: {'line': b'[ 70%] \x1b[32mBuilding C object CMakeFiles/easy_handeye2_msgs__rosidl_typesupport_introspection_c.dir/rosidl_typesupport_introspection_c/easy_handeye2_msgs/srv/detail/load_samples__type_support.c.o\x1b[0m\n'}
[5.064599] (easy_handeye2_msgs) StdoutLine: {'line': b'[ 70%] \x1b[32mBuilding C object CMakeFiles/easy_handeye2_msgs__rosidl_typesupport_introspection_c.dir/rosidl_typesupport_introspection_c/easy_handeye2_msgs/srv/detail/plan_to_selected_target_pose__type_support.c.o\x1b[0m\n'}
[5.065662] (easy_handeye2_msgs) StdoutLine: {'line': b'[ 71%] \x1b[32mBuilding C object CMakeFiles/easy_handeye2_msgs__rosidl_typesupport_introspection_c.dir/rosidl_typesupport_introspection_c/easy_handeye2_msgs/srv/detail/select_target_pose__type_support.c.o\x1b[0m\n'}
[5.101585] (easy_handeye2_msgs) StdoutLine: {'line': b'[ 72%] \x1b[32mBuilding CXX object CMakeFiles/easy_handeye2_msgs__rosidl_typesupport_fastrtps_c.dir/rosidl_typesupport_fastrtps_c/easy_handeye2_msgs/msg/detail/handeye_calibration__type_support_c.cpp.o\x1b[0m\n'}
[5.101877] (easy_handeye2_msgs) StdoutLine: {'line': b'[ 72%] \x1b[32mBuilding CXX object CMakeFiles/easy_handeye2_msgs__rosidl_typesupport_fastrtps_c.dir/rosidl_typesupport_fastrtps_c/easy_handeye2_msgs/msg/detail/handeye_calibration_parameters__type_support_c.cpp.o\x1b[0m\n'}
[5.102044] (easy_handeye2_msgs) StdoutLine: {'line': b'[ 73%] \x1b[32mBuilding C object CMakeFiles/easy_handeye2_msgs__rosidl_typesupport_introspection_c.dir/rosidl_typesupport_introspection_c/easy_handeye2_msgs/srv/detail/execute_plan__type_support.c.o\x1b[0m\n'}
[5.102326] (easy_handeye2_msgs) StdoutLine: {'line': b'[ 74%] \x1b[32mBuilding CXX object CMakeFiles/easy_handeye2_msgs__rosidl_typesupport_fastrtps_c.dir/rosidl_typesupport_fastrtps_c/easy_handeye2_msgs/msg/detail/sample__type_support_c.cpp.o\x1b[0m\n'}
[5.111938] (easy_handeye2_msgs) StdoutLine: {'line': b'[ 74%] \x1b[32mBuilding CXX object CMakeFiles/easy_handeye2_msgs__rosidl_typesupport_fastrtps_c.dir/rosidl_typesupport_fastrtps_c/easy_handeye2_msgs/msg/detail/sample_list__type_support_c.cpp.o\x1b[0m\n'}
[5.113814] (easy_handeye2_msgs) StdoutLine: {'line': b'[ 75%] \x1b[32mBuilding CXX object CMakeFiles/easy_handeye2_msgs__rosidl_typesupport_fastrtps_c.dir/rosidl_typesupport_fastrtps_c/easy_handeye2_msgs/msg/detail/target_pose_list__type_support_c.cpp.o\x1b[0m\n'}
[5.121329] (easy_handeye2_msgs) StdoutLine: {'line': b'[ 75%] \x1b[32mBuilding CXX object CMakeFiles/easy_handeye2_msgs__rosidl_typesupport_fastrtps_c.dir/rosidl_typesupport_fastrtps_c/easy_handeye2_msgs/srv/detail/list_algorithms__type_support_c.cpp.o\x1b[0m\n'}
[5.123902] (-) TimerEvent: {}
[5.127109] (easy_handeye2_msgs) StdoutLine: {'line': b'[ 76%] \x1b[32mBuilding CXX object CMakeFiles/easy_handeye2_msgs__rosidl_typesupport_fastrtps_c.dir/rosidl_typesupport_fastrtps_c/easy_handeye2_msgs/srv/detail/compute_calibration__type_support_c.cpp.o\x1b[0m\n'}
[5.137607] (easy_handeye2_msgs) StdoutLine: {'line': b'[ 77%] \x1b[32mBuilding CXX object CMakeFiles/easy_handeye2_msgs__rosidl_typesupport_fastrtps_c.dir/rosidl_typesupport_fastrtps_c/easy_handeye2_msgs/srv/detail/set_algorithm__type_support_c.cpp.o\x1b[0m\n'}
[5.191440] (easy_handeye2_msgs) StdoutLine: {'line': b'[ 78%] \x1b[32mBuilding CXX object CMakeFiles/easy_handeye2_msgs__rosidl_typesupport_fastrtps_c.dir/rosidl_typesupport_fastrtps_c/easy_handeye2_msgs/srv/detail/remove_sample__type_support_c.cpp.o\x1b[0m\n'}
[5.192244] (easy_handeye2_msgs) StdoutLine: {'line': b'[ 78%] \x1b[32mBuilding CXX object CMakeFiles/easy_handeye2_msgs__rosidl_typesupport_fastrtps_c.dir/rosidl_typesupport_fastrtps_c/easy_handeye2_msgs/srv/detail/save_calibration__type_support_c.cpp.o\x1b[0m\n'}
[5.194555] (easy_handeye2_msgs) StdoutLine: {'line': b'[ 78%] \x1b[32m\x1b[1mLinking C shared library libeasy_handeye2_msgs__rosidl_typesupport_introspection_c.so\x1b[0m\n'}
[5.224018] (-) TimerEvent: {}
[5.250048] (easy_handeye2_msgs) StdoutLine: {'line': b'[ 78%] Built target easy_handeye2_msgs__rosidl_typesupport_introspection_c\n'}
[5.262763] (easy_handeye2_msgs) StdoutLine: {'line': b'[ 78%] \x1b[32mBuilding CXX object CMakeFiles/easy_handeye2_msgs__rosidl_typesupport_fastrtps_c.dir/rosidl_typesupport_fastrtps_c/easy_handeye2_msgs/srv/detail/take_sample__type_support_c.cpp.o\x1b[0m\n'}
[5.280734] (easy_handeye2_msgs) StdoutLine: {'line': b'[ 79%] \x1b[32m\x1b[1mLinking CXX shared library libeasy_handeye2_msgs__rosidl_typesupport_introspection_cpp.so\x1b[0m\n'}
[5.324143] (-) TimerEvent: {}
[5.402616] (easy_handeye2_msgs) StdoutLine: {'line': b'[ 80%] \x1b[32mBuilding CXX object CMakeFiles/easy_handeye2_msgs__rosidl_typesupport_fastrtps_c.dir/rosidl_typesupport_fastrtps_c/easy_handeye2_msgs/srv/detail/save_samples__type_support_c.cpp.o\x1b[0m\n'}
[5.413605] (easy_handeye2_msgs) StdoutLine: {'line': b'[ 80%] Built target easy_handeye2_msgs__rosidl_typesupport_introspection_cpp\n'}
[5.424261] (-) TimerEvent: {}
[5.424578] (easy_handeye2_msgs) StdoutLine: {'line': b'[ 81%] \x1b[32mBuilding CXX object CMakeFiles/easy_handeye2_msgs__rosidl_typesupport_fastrtps_c.dir/rosidl_typesupport_fastrtps_c/easy_handeye2_msgs/srv/detail/load_samples__type_support_c.cpp.o\x1b[0m\n'}
[5.426446] (easy_handeye2_msgs) StdoutLine: {'line': b'[ 81%] \x1b[32mBuilding CXX object CMakeFiles/easy_handeye2_msgs__rosidl_typesupport_fastrtps_c.dir/rosidl_typesupport_fastrtps_c/easy_handeye2_msgs/srv/detail/check_starting_pose__type_support_c.cpp.o\x1b[0m\n'}
[5.488822] (easy_handeye2_msgs) StdoutLine: {'line': b'[ 82%] \x1b[32mBuilding CXX object CMakeFiles/easy_handeye2_msgs__rosidl_typesupport_fastrtps_c.dir/rosidl_typesupport_fastrtps_c/easy_handeye2_msgs/srv/detail/enumerate_target_poses__type_support_c.cpp.o\x1b[0m\n'}
[5.524383] (-) TimerEvent: {}
[5.532533] (easy_handeye2_msgs) StdoutLine: {'line': b'[ 82%] \x1b[32mBuilding CXX object CMakeFiles/easy_handeye2_msgs__rosidl_typesupport_fastrtps_c.dir/rosidl_typesupport_fastrtps_c/easy_handeye2_msgs/srv/detail/select_target_pose__type_support_c.cpp.o\x1b[0m\n'}
[5.612641] (easy_handeye2_msgs) StdoutLine: {'line': b'[ 83%] \x1b[32mBuilding CXX object CMakeFiles/easy_handeye2_msgs__rosidl_typesupport_fastrtps_c.dir/rosidl_typesupport_fastrtps_c/easy_handeye2_msgs/srv/detail/plan_to_selected_target_pose__type_support_c.cpp.o\x1b[0m\n'}
[5.624504] (-) TimerEvent: {}
[5.636403] (easy_handeye2_msgs) StdoutLine: {'line': b'[ 84%] \x1b[32mBuilding CXX object CMakeFiles/easy_handeye2_msgs__rosidl_typesupport_fastrtps_c.dir/rosidl_typesupport_fastrtps_c/easy_handeye2_msgs/srv/detail/execute_plan__type_support_c.cpp.o\x1b[0m\n'}
[5.724621] (-) TimerEvent: {}
[5.824969] (-) TimerEvent: {}
[5.925300] (-) TimerEvent: {}
[5.958906] (easy_handeye2_msgs) StdoutLine: {'line': b'[ 84%] \x1b[32m\x1b[1mLinking CXX shared library libeasy_handeye2_msgs__rosidl_typesupport_fastrtps_cpp.so\x1b[0m\n'}
[6.025499] (-) TimerEvent: {}
[6.028077] (easy_handeye2_msgs) StdoutLine: {'line': b'[ 84%] Built target easy_handeye2_msgs__rosidl_typesupport_fastrtps_cpp\n'}
[6.043083] (easy_handeye2_msgs) StdoutLine: {'line': b'[ 84%] \x1b[32m\x1b[1mLinking CXX shared library libeasy_handeye2_msgs__rosidl_typesupport_fastrtps_c.so\x1b[0m\n'}
[6.106109] (easy_handeye2_msgs) StdoutLine: {'line': b'[ 84%] Built target easy_handeye2_msgs__rosidl_typesupport_fastrtps_c\n'}
[6.125721] (-) TimerEvent: {}
[6.134259] (easy_handeye2_msgs) StdoutLine: {'line': b'[ 84%] Built target easy_handeye2_msgs\n'}
[6.174818] (easy_handeye2_msgs) StdoutLine: {'line': b'[ 85%] \x1b[34m\x1b[1mGenerating Python code for ROS interfaces\x1b[0m\n'}
[6.225894] (-) TimerEvent: {}
[6.326177] (-) TimerEvent: {}
[6.426463] (-) TimerEvent: {}
[6.526759] (-) TimerEvent: {}
[6.627040] (-) TimerEvent: {}
[6.727317] (-) TimerEvent: {}
[6.827582] (-) TimerEvent: {}
[6.927876] (-) TimerEvent: {}
[7.028153] (-) TimerEvent: {}
[7.128445] (-) TimerEvent: {}
[7.228746] (-) TimerEvent: {}
[7.329049] (-) TimerEvent: {}
[7.429323] (-) TimerEvent: {}
[7.529587] (-) TimerEvent: {}
[7.597647] (easy_handeye2_msgs) StdoutLine: {'line': b'[ 85%] Built target easy_handeye2_msgs__py\n'}
[7.622994] (easy_handeye2_msgs) StdoutLine: {'line': b'[ 86%] \x1b[32mBuilding C object CMakeFiles/easy_handeye2_msgs__rosidl_generator_py.dir/rosidl_generator_py/easy_handeye2_msgs/srv/_save_calibration_s.c.o\x1b[0m\n'}
[7.624124] (easy_handeye2_msgs) StdoutLine: {'line': b'[ 86%] \x1b[32mBuilding C object CMakeFiles/easy_handeye2_msgs__rosidl_generator_py.dir/rosidl_generator_py/easy_handeye2_msgs/srv/_compute_calibration_s.c.o\x1b[0m\n'}
[7.625346] (easy_handeye2_msgs) StdoutLine: {'line': b'[ 87%] \x1b[32mBuilding C object CMakeFiles/easy_handeye2_msgs__rosidl_generator_py.dir/rosidl_generator_py/easy_handeye2_msgs/msg/_handeye_calibration_s.c.o\x1b[0m\n'}
[7.625991] (easy_handeye2_msgs) StdoutLine: {'line': b'[ 87%] \x1b[32mBuilding C object CMakeFiles/easy_handeye2_msgs__rosidl_generator_py.dir/rosidl_generator_py/easy_handeye2_msgs/srv/_list_algorithms_s.c.o\x1b[0m\n'}
[7.626247] (easy_handeye2_msgs) StdoutLine: {'line': b'[ 87%] \x1b[32mBuilding C object CMakeFiles/easy_handeye2_msgs__rosidl_generator_py.dir/rosidl_generator_py/easy_handeye2_msgs/msg/_target_pose_list_s.c.o\x1b[0m\n'}
[7.626391] (easy_handeye2_msgs) StdoutLine: {'line': b'[ 88%] \x1b[32mBuilding C object CMakeFiles/easy_handeye2_msgs__rosidl_generator_py.dir/rosidl_generator_py/easy_handeye2_msgs/srv/_take_sample_s.c.o\x1b[0m\n'}
[7.626602] (easy_handeye2_msgs) StdoutLine: {'line': b'[ 88%] \x1b[32mBuilding C object CMakeFiles/easy_handeye2_msgs__rosidl_generator_py.dir/rosidl_generator_py/easy_handeye2_msgs/msg/_handeye_calibration_parameters_s.c.o\x1b[0m\n'}
[7.627438] (easy_handeye2_msgs) StdoutLine: {'line': b'[ 89%] \x1b[32mBuilding C object CMakeFiles/easy_handeye2_msgs__rosidl_generator_py.dir/rosidl_generator_py/easy_handeye2_msgs/srv/_set_algorithm_s.c.o\x1b[0m\n'}
[7.627683] (easy_handeye2_msgs) StdoutLine: {'line': b'[ 89%] \x1b[32mBuilding C object CMakeFiles/easy_handeye2_msgs__rosidl_generator_py.dir/rosidl_generator_py/easy_handeye2_msgs/msg/_sample_s.c.o\x1b[0m\n'}
[7.627904] (easy_handeye2_msgs) StdoutLine: {'line': b'[ 90%] \x1b[32mBuilding C object CMakeFiles/easy_handeye2_msgs__rosidl_generator_py.dir/rosidl_generator_py/easy_handeye2_msgs/srv/_check_starting_pose_s.c.o\x1b[0m\n'}
[7.628314] (easy_handeye2_msgs) StdoutLine: {'line': b'[ 91%] \x1b[32mBuilding C object CMakeFiles/easy_handeye2_msgs__rosidl_generator_py.dir/rosidl_generator_py/easy_handeye2_msgs/msg/_sample_list_s.c.o\x1b[0m\n'}
[7.630303] (easy_handeye2_msgs) StdoutLine: {'line': b'[ 91%] \x1b[32mBuilding C object CMakeFiles/easy_handeye2_msgs__rosidl_generator_py.dir/rosidl_generator_py/easy_handeye2_msgs/srv/_load_samples_s.c.o\x1b[0m\n'}
[7.630668] (-) TimerEvent: {}
[7.631142] (easy_handeye2_msgs) StdoutLine: {'line': b'[ 92%] \x1b[32mBuilding C object CMakeFiles/easy_handeye2_msgs__rosidl_generator_py.dir/rosidl_generator_py/easy_handeye2_msgs/srv/_save_samples_s.c.o\x1b[0m\n'}
[7.631363] (easy_handeye2_msgs) StdoutLine: {'line': b'[ 92%] \x1b[32mBuilding C object CMakeFiles/easy_handeye2_msgs__rosidl_generator_py.dir/rosidl_generator_py/easy_handeye2_msgs/srv/_select_target_pose_s.c.o\x1b[0m\n'}
[7.631468] (easy_handeye2_msgs) StdoutLine: {'line': b'[ 93%] \x1b[32mBuilding C object CMakeFiles/easy_handeye2_msgs__rosidl_generator_py.dir/rosidl_generator_py/easy_handeye2_msgs/srv/_execute_plan_s.c.o\x1b[0m\n'}
[7.631587] (easy_handeye2_msgs) StdoutLine: {'line': b'[ 95%] \x1b[32mBuilding C object CMakeFiles/easy_handeye2_msgs__rosidl_generator_py.dir/rosidl_generator_py/easy_handeye2_msgs/srv/_remove_sample_s.c.o\x1b[0m\n'}
[7.631836] (easy_handeye2_msgs) StdoutLine: {'line': b'[ 93%] \x1b[32mBuilding C object CMakeFiles/easy_handeye2_msgs__rosidl_generator_py.dir/rosidl_generator_py/easy_handeye2_msgs/srv/_enumerate_target_poses_s.c.o\x1b[0m\n'}
[7.632226] (easy_handeye2_msgs) StdoutLine: {'line': b'[ 95%] \x1b[32mBuilding C object CMakeFiles/easy_handeye2_msgs__rosidl_generator_py.dir/rosidl_generator_py/easy_handeye2_msgs/srv/_plan_to_selected_target_pose_s.c.o\x1b[0m\n'}
[7.730926] (-) TimerEvent: {}
[7.810796] (easy_handeye2_msgs) StdoutLine: {'line': b'[ 96%] \x1b[32m\x1b[1mLinking C shared library rosidl_generator_py/easy_handeye2_msgs/libeasy_handeye2_msgs__rosidl_generator_py.so\x1b[0m\n'}
[7.831068] (-) TimerEvent: {}
[7.857130] (easy_handeye2_msgs) StdoutLine: {'line': b'[ 96%] Built target easy_handeye2_msgs__rosidl_generator_py\n'}
[7.894082] (easy_handeye2_msgs) StdoutLine: {'line': b'[ 98%] \x1b[32mBuilding C object CMakeFiles/easy_handeye2_msgs__rosidl_typesupport_c__pyext.dir/rosidl_generator_py/easy_handeye2_msgs/_easy_handeye2_msgs_s.ep.rosidl_typesupport_c.c.o\x1b[0m\n'}
[7.894330] (easy_handeye2_msgs) StdoutLine: {'line': b'[ 98%] \x1b[32mBuilding C object CMakeFiles/easy_handeye2_msgs__rosidl_typesupport_fastrtps_c__pyext.dir/rosidl_generator_py/easy_handeye2_msgs/_easy_handeye2_msgs_s.ep.rosidl_typesupport_fastrtps_c.c.o\x1b[0m\n'}
[7.894591] (easy_handeye2_msgs) StdoutLine: {'line': b'[ 99%] \x1b[32mBuilding C object CMakeFiles/easy_handeye2_msgs__rosidl_typesupport_introspection_c__pyext.dir/rosidl_generator_py/easy_handeye2_msgs/_easy_handeye2_msgs_s.ep.rosidl_typesupport_introspection_c.c.o\x1b[0m\n'}
[7.931155] (-) TimerEvent: {}
[8.027158] (easy_handeye2_msgs) StdoutLine: {'line': b'[100%] \x1b[32m\x1b[1mLinking C shared library rosidl_generator_py/easy_handeye2_msgs/easy_handeye2_msgs_s__rosidl_typesupport_introspection_c.cpython-310-x86_64-linux-gnu.so\x1b[0m\n'}
[8.027828] (easy_handeye2_msgs) StdoutLine: {'line': b'[100%] \x1b[32m\x1b[1mLinking C shared library rosidl_generator_py/easy_handeye2_msgs/easy_handeye2_msgs_s__rosidl_typesupport_c.cpython-310-x86_64-linux-gnu.so\x1b[0m\n'}
[8.029643] (easy_handeye2_msgs) StdoutLine: {'line': b'[100%] \x1b[32m\x1b[1mLinking C shared library rosidl_generator_py/easy_handeye2_msgs/easy_handeye2_msgs_s__rosidl_typesupport_fastrtps_c.cpython-310-x86_64-linux-gnu.so\x1b[0m\n'}
[8.031241] (-) TimerEvent: {}
[8.064279] (easy_handeye2_msgs) StdoutLine: {'line': b'[100%] Built target easy_handeye2_msgs__rosidl_typesupport_fastrtps_c__pyext\n'}
[8.064462] (easy_handeye2_msgs) StdoutLine: {'line': b'[100%] Built target easy_handeye2_msgs__rosidl_typesupport_c__pyext\n'}
[8.065402] (easy_handeye2_msgs) StdoutLine: {'line': b'[100%] Built target easy_handeye2_msgs__rosidl_typesupport_introspection_c__pyext\n'}
[8.081315] (easy_handeye2_msgs) CommandEnded: {'returncode': 0}
[8.082450] (easy_handeye2_msgs) JobProgress: {'identifier': 'easy_handeye2_msgs', 'progress': 'install'}
[8.095380] (easy_handeye2_msgs) Command: {'cmd': ['/usr/bin/cmake', '--install', '/dev_ws/build/easy_handeye2_msgs'], 'cwd': '/dev_ws/build/easy_handeye2_msgs', 'env': OrderedDict([('HOSTNAME', 'prottay-Pulse-15-B13VFK'), ('SHLVL', '2'), ('LD_LIBRARY_PATH', '/dev_ws/install/lib:/opt/ros/humble/opt/rviz_ogre_vendor/lib:/opt/ros/humble/lib/x86_64-linux-gnu:/opt/ros/humble/lib'), ('HOME', '/home/prottay'), ('ROS_PYTHON_VERSION', '3'), ('COLORTERM', 'truecolor'), ('COLCON_PREFIX_PATH', '/dev_ws/install'), ('ROS_DISTRO', 'humble'), ('_', '/usr/bin/colcon'), ('ROS_VERSION', '2'), ('NVIDIA_DRIVER_CAPABILITIES', 'compute,display,graphics,utility,video'), ('TERM', 'xterm-256color'), ('ROS_LOCALHOST_ONLY', '1'), ('QT_X11_NO_MITSHM', '1'), ('PATH', '/opt/ros/humble/bin:/usr/local/sbin:/usr/local/bin:/usr/sbin:/usr/bin:/sbin:/bin'), ('DISPLAY', ':1'), ('LANG', 'C.UTF-8'), ('RMW_IMPLEMENTATION', 'rmw_fastrtps_cpp'), ('LS_COLORS', 'rs=0:di=01;34:ln=01;36:mh=00:pi=40;33:so=01;35:do=01;35:bd=40;33;01:cd=40;33;01:or=40;31;01:mi=00:su=37;41:sg=30;43:ca=30;41:tw=30;42:ow=34;42:st=37;44:ex=01;32:*.tar=01;31:*.tgz=01;31:*.arc=01;31:*.arj=01;31:*.taz=01;31:*.lha=01;31:*.lz4=01;31:*.lzh=01;31:*.lzma=01;31:*.tlz=01;31:*.txz=01;31:*.tzo=01;31:*.t7z=01;31:*.zip=01;31:*.z=01;31:*.dz=01;31:*.gz=01;31:*.lrz=01;31:*.lz=01;31:*.lzo=01;31:*.xz=01;31:*.zst=01;31:*.tzst=01;31:*.bz2=01;31:*.bz=01;31:*.tbz=01;31:*.tbz2=01;31:*.tz=01;31:*.deb=01;31:*.rpm=01;31:*.jar=01;31:*.war=01;31:*.ear=01;31:*.sar=01;31:*.rar=01;31:*.alz=01;31:*.ace=01;31:*.zoo=01;31:*.cpio=01;31:*.7z=01;31:*.rz=01;31:*.cab=01;31:*.wim=01;31:*.swm=01;31:*.dwm=01;31:*.esd=01;31:*.jpg=01;35:*.jpeg=01;35:*.mjpg=01;35:*.mjpeg=01;35:*.gif=01;35:*.bmp=01;35:*.pbm=01;35:*.pgm=01;35:*.ppm=01;35:*.tga=01;35:*.xbm=01;35:*.xpm=01;35:*.tif=01;35:*.tiff=01;35:*.png=01;35:*.svg=01;35:*.svgz=01;35:*.mng=01;35:*.pcx=01;35:*.mov=01;35:*.mpg=01;35:*.mpeg=01;35:*.m2v=01;35:*.mkv=01;35:*.webm=01;35:*.webp=01;35:*.ogm=01;35:*.mp4=01;35:*.m4v=01;35:*.mp4v=01;35:*.vob=01;35:*.qt=01;35:*.nuv=01;35:*.wmv=01;35:*.asf=01;35:*.rm=01;35:*.rmvb=01;35:*.flc=01;35:*.avi=01;35:*.fli=01;35:*.flv=01;35:*.gl=01;35:*.dl=01;35:*.xcf=01;35:*.xwd=01;35:*.yuv=01;35:*.cgm=01;35:*.emf=01;35:*.ogv=01;35:*.ogx=01;35:*.aac=00;36:*.au=00;36:*.flac=00;36:*.m4a=00;36:*.mid=00;36:*.midi=00;36:*.mka=00;36:*.mp3=00;36:*.mpc=00;36:*.ogg=00;36:*.ra=00;36:*.wav=00;36:*.oga=00;36:*.opus=00;36:*.spx=00;36:*.xspf=00;36:'), ('ROS_DOMAIN_ID', '0'), ('AMENT_PREFIX_PATH', '/dev_ws/install:/opt/ros/humble'), ('DEBIAN_FRONTEND', 'noninteractive'), ('TERMINATOR_UUID', 'urn:uuid:f94316ff-644a-45a6-8ebc-68eacf2d4390'), ('PWD', '/dev_ws/build/easy_handeye2_msgs'), ('LC_ALL', 'C.UTF-8'), ('PYTHONPATH', '/dev_ws/build/easy_handeye2:/dev_ws/install/lib/python3.10/site-packages:/dev_ws/install/local/lib/python3.10/dist-packages:/opt/ros/humble/lib/python3.10/site-packages:/opt/ros/humble/local/lib/python3.10/dist-packages'), ('NVIDIA_VISIBLE_DEVICES', 'all'), ('COLCON', '1'), ('VTE_VERSION', '6800'), ('CMAKE_PREFIX_PATH', '/dev_ws/install:/opt/ros/humble')]), 'shell': False}
[8.105982] (easy_handeye2_msgs) StdoutLine: {'line': b'-- Install configuration: ""\n'}
[8.106265] (easy_handeye2_msgs) StdoutLine: {'line': b'-- Installing: /dev_ws/install/share/ament_index/resource_index/rosidl_interfaces/easy_handeye2_msgs\n'}
[8.106481] (easy_handeye2_msgs) StdoutLine: {'line': b'-- Installing: /dev_ws/install/include/easy_handeye2_msgs/easy_handeye2_msgs\n'}
[8.106672] (easy_handeye2_msgs) StdoutLine: {'line': b'-- Installing: /dev_ws/install/include/easy_handeye2_msgs/easy_handeye2_msgs/msg\n'}
[8.106826] (easy_handeye2_msgs) StdoutLine: {'line': b'-- Installing: /dev_ws/install/include/easy_handeye2_msgs/easy_handeye2_msgs/msg/sample.h\n'}
[8.106882] (easy_handeye2_msgs) StdoutLine: {'line': b'-- Installing: /dev_ws/install/include/easy_handeye2_msgs/easy_handeye2_msgs/msg/target_pose_list.h\n'}
[8.106933] (easy_handeye2_msgs) StdoutLine: {'line': b'-- Installing: /dev_ws/install/include/easy_handeye2_msgs/easy_handeye2_msgs/msg/rosidl_generator_c__visibility_control.h\n'}
[8.106995] (easy_handeye2_msgs) StdoutLine: {'line': b'-- Installing: /dev_ws/install/include/easy_handeye2_msgs/easy_handeye2_msgs/msg/sample_list.h\n'}
[8.107043] (easy_handeye2_msgs) StdoutLine: {'line': b'-- Installing: /dev_ws/install/include/easy_handeye2_msgs/easy_handeye2_msgs/msg/detail\n'}
[8.107090] (easy_handeye2_msgs) StdoutLine: {'line': b'-- Installing: /dev_ws/install/include/easy_handeye2_msgs/easy_handeye2_msgs/msg/detail/handeye_calibration__functions.h\n'}
[8.107160] (easy_handeye2_msgs) StdoutLine: {'line': b'-- Installing: /dev_ws/install/include/easy_handeye2_msgs/easy_handeye2_msgs/msg/detail/sample__type_support.h\n'}
[8.107208] (easy_handeye2_msgs) StdoutLine: {'line': b'-- Installing: /dev_ws/install/include/easy_handeye2_msgs/easy_handeye2_msgs/msg/detail/handeye_calibration__functions.c\n'}
[8.107254] (easy_handeye2_msgs) StdoutLine: {'line': b'-- Installing: /dev_ws/install/include/easy_handeye2_msgs/easy_handeye2_msgs/msg/detail/sample_list__type_support.h\n'}
[8.107332] (easy_handeye2_msgs) StdoutLine: {'line': b'-- Installing: /dev_ws/install/include/easy_handeye2_msgs/easy_handeye2_msgs/msg/detail/sample_list__struct.h\n'}
[8.107382] (easy_handeye2_msgs) StdoutLine: {'line': b'-- Installing: /dev_ws/install/include/easy_handeye2_msgs/easy_handeye2_msgs/msg/detail/sample__functions.h\n'}
[8.107428] (easy_handeye2_msgs) StdoutLine: {'line': b'-- Installing: /dev_ws/install/include/easy_handeye2_msgs/easy_handeye2_msgs/msg/detail/target_pose_list__functions.h\n'}
[8.107495] (easy_handeye2_msgs) StdoutLine: {'line': b'-- Installing: /dev_ws/install/include/easy_handeye2_msgs/easy_handeye2_msgs/msg/detail/handeye_calibration_parameters__type_support.h\n'}
[8.107546] (easy_handeye2_msgs) StdoutLine: {'line': b'-- Installing: /dev_ws/install/include/easy_handeye2_msgs/easy_handeye2_msgs/msg/detail/handeye_calibration_parameters__functions.c\n'}
[8.107602] (easy_handeye2_msgs) StdoutLine: {'line': b'-- Installing: /dev_ws/install/include/easy_handeye2_msgs/easy_handeye2_msgs/msg/detail/target_pose_list__type_support.h\n'}
[8.107682] (easy_handeye2_msgs) StdoutLine: {'line': b'-- Installing: /dev_ws/install/include/easy_handeye2_msgs/easy_handeye2_msgs/msg/detail/handeye_calibration_parameters__functions.h\n'}
[8.107766] (easy_handeye2_msgs) StdoutLine: {'line': b'-- Installing: /dev_ws/install/include/easy_handeye2_msgs/easy_handeye2_msgs/msg/detail/handeye_calibration__type_support.h\n'}
[8.107843] (easy_handeye2_msgs) StdoutLine: {'line': b'-- Installing: /dev_ws/install/include/easy_handeye2_msgs/easy_handeye2_msgs/msg/detail/target_pose_list__functions.c\n'}
[8.107938] (easy_handeye2_msgs) StdoutLine: {'line': b'-- Installing: /dev_ws/install/include/easy_handeye2_msgs/easy_handeye2_msgs/msg/detail/handeye_calibration_parameters__struct.h\n'}
[8.108018] (easy_handeye2_msgs) StdoutLine: {'line': b'-- Installing: /dev_ws/install/include/easy_handeye2_msgs/easy_handeye2_msgs/msg/detail/sample_list__functions.c\n'}
[8.108115] (easy_handeye2_msgs) StdoutLine: {'line': b'-- Installing: /dev_ws/install/include/easy_handeye2_msgs/easy_handeye2_msgs/msg/detail/handeye_calibration__struct.h\n'}
[8.108194] (easy_handeye2_msgs) StdoutLine: {'line': b'-- Installing: /dev_ws/install/include/easy_handeye2_msgs/easy_handeye2_msgs/msg/detail/sample_list__functions.h\n'}
[8.108282] (easy_handeye2_msgs) StdoutLine: {'line': b'-- Installing: /dev_ws/install/include/easy_handeye2_msgs/easy_handeye2_msgs/msg/detail/target_pose_list__struct.h\n'}
[8.108361] (easy_handeye2_msgs) StdoutLine: {'line': b'-- Installing: /dev_ws/install/include/easy_handeye2_msgs/easy_handeye2_msgs/msg/detail/sample__functions.c\n'}
[8.108442] (easy_handeye2_msgs) StdoutLine: {'line': b'-- Installing: /dev_ws/install/include/easy_handeye2_msgs/easy_handeye2_msgs/msg/detail/sample__struct.h\n'}
[8.108525] (easy_handeye2_msgs) StdoutLine: {'line': b'-- Installing: /dev_ws/install/include/easy_handeye2_msgs/easy_handeye2_msgs/msg/handeye_calibration_parameters.h\n'}
[8.108592] (easy_handeye2_msgs) StdoutLine: {'line': b'-- Installing: /dev_ws/install/include/easy_handeye2_msgs/easy_handeye2_msgs/msg/handeye_calibration.h\n'}
[8.108654] (easy_handeye2_msgs) StdoutLine: {'line': b'-- Installing: /dev_ws/install/include/easy_handeye2_msgs/easy_handeye2_msgs/srv\n'}
[8.108710] (easy_handeye2_msgs) StdoutLine: {'line': b'-- Installing: /dev_ws/install/include/easy_handeye2_msgs/easy_handeye2_msgs/srv/enumerate_target_poses.h\n'}
[8.108776] (easy_handeye2_msgs) StdoutLine: {'line': b'-- Installing: /dev_ws/install/include/easy_handeye2_msgs/easy_handeye2_msgs/srv/load_samples.h\n'}
[8.108841] (easy_handeye2_msgs) StdoutLine: {'line': b'-- Installing: /dev_ws/install/include/easy_handeye2_msgs/easy_handeye2_msgs/srv/plan_to_selected_target_pose.h\n'}
[8.108904] (easy_handeye2_msgs) StdoutLine: {'line': b'-- Installing: /dev_ws/install/include/easy_handeye2_msgs/easy_handeye2_msgs/srv/save_calibration.h\n'}
[8.108968] (easy_handeye2_msgs) StdoutLine: {'line': b'-- Installing: /dev_ws/install/include/easy_handeye2_msgs/easy_handeye2_msgs/srv/set_algorithm.h\n'}
[8.109029] (easy_handeye2_msgs) StdoutLine: {'line': b'-- Installing: /dev_ws/install/include/easy_handeye2_msgs/easy_handeye2_msgs/srv/detail\n'}
[8.109094] (easy_handeye2_msgs) StdoutLine: {'line': b'-- Installing: /dev_ws/install/include/easy_handeye2_msgs/easy_handeye2_msgs/srv/detail/load_samples__struct.h\n'}
[8.109165] (easy_handeye2_msgs) StdoutLine: {'line': b'-- Installing: /dev_ws/install/include/easy_handeye2_msgs/easy_handeye2_msgs/srv/detail/set_algorithm__type_support.h\n'}
[8.109233] (easy_handeye2_msgs) StdoutLine: {'line': b'-- Installing: /dev_ws/install/include/easy_handeye2_msgs/easy_handeye2_msgs/srv/detail/check_starting_pose__functions.h\n'}
[8.109307] (easy_handeye2_msgs) StdoutLine: {'line': b'-- Installing: /dev_ws/install/include/easy_handeye2_msgs/easy_handeye2_msgs/srv/detail/take_sample__functions.h\n'}
[8.109380] (easy_handeye2_msgs) StdoutLine: {'line': b'-- Installing: /dev_ws/install/include/easy_handeye2_msgs/easy_handeye2_msgs/srv/detail/take_sample__type_support.h\n'}
[8.109444] (easy_handeye2_msgs) StdoutLine: {'line': b'-- Installing: /dev_ws/install/include/easy_handeye2_msgs/easy_handeye2_msgs/srv/detail/select_target_pose__functions.h\n'}
[8.109520] (easy_handeye2_msgs) StdoutLine: {'line': b'-- Installing: /dev_ws/install/include/easy_handeye2_msgs/easy_handeye2_msgs/srv/detail/enumerate_target_poses__functions.c\n'}
[8.109589] (easy_handeye2_msgs) StdoutLine: {'line': b'-- Installing: /dev_ws/install/include/easy_handeye2_msgs/easy_handeye2_msgs/srv/detail/enumerate_target_poses__struct.h\n'}
[8.109655] (easy_handeye2_msgs) StdoutLine: {'line': b'-- Installing: /dev_ws/install/include/easy_handeye2_msgs/easy_handeye2_msgs/srv/detail/save_samples__type_support.h\n'}
[8.109715] (easy_handeye2_msgs) StdoutLine: {'line': b'-- Installing: /dev_ws/install/include/easy_handeye2_msgs/easy_handeye2_msgs/srv/detail/save_calibration__struct.h\n'}
[8.109774] (easy_handeye2_msgs) StdoutLine: {'line': b'-- Installing: /dev_ws/install/include/easy_handeye2_msgs/easy_handeye2_msgs/srv/detail/remove_sample__type_support.h\n'}
[8.109833] (easy_handeye2_msgs) StdoutLine: {'line': b'-- Installing: /dev_ws/install/include/easy_handeye2_msgs/easy_handeye2_msgs/srv/detail/set_algorithm__functions.h\n'}
[8.109900] (easy_handeye2_msgs) StdoutLine: {'line': b'-- Installing: /dev_ws/install/include/easy_handeye2_msgs/easy_handeye2_msgs/srv/detail/save_samples__functions.c\n'}
[8.109966] (easy_handeye2_msgs) StdoutLine: {'line': b'-- Installing: /dev_ws/install/include/easy_handeye2_msgs/easy_handeye2_msgs/srv/detail/list_algorithms__functions.h\n'}
[8.110032] (easy_handeye2_msgs) StdoutLine: {'line': b'-- Installing: /dev_ws/install/include/easy_handeye2_msgs/easy_handeye2_msgs/srv/detail/remove_sample__functions.h\n'}
[8.110101] (easy_handeye2_msgs) StdoutLine: {'line': b'-- Installing: /dev_ws/install/include/easy_handeye2_msgs/easy_handeye2_msgs/srv/detail/plan_to_selected_target_pose__struct.h\n'}
[8.110163] (easy_handeye2_msgs) StdoutLine: {'line': b'-- Installing: /dev_ws/install/include/easy_handeye2_msgs/easy_handeye2_msgs/srv/detail/execute_plan__type_support.h\n'}
[8.110220] (easy_handeye2_msgs) StdoutLine: {'line': b'-- Installing: /dev_ws/install/include/easy_handeye2_msgs/easy_handeye2_msgs/srv/detail/remove_sample__functions.c\n'}
[8.110286] (easy_handeye2_msgs) StdoutLine: {'line': b'-- Installing: /dev_ws/install/include/easy_handeye2_msgs/easy_handeye2_msgs/srv/detail/save_calibration__type_support.h\n'}
[8.110344] (easy_handeye2_msgs) StdoutLine: {'line': b'-- Installing: /dev_ws/install/include/easy_handeye2_msgs/easy_handeye2_msgs/srv/detail/plan_to_selected_target_pose__functions.c\n'}
[8.110410] (easy_handeye2_msgs) StdoutLine: {'line': b'-- Installing: /dev_ws/install/include/easy_handeye2_msgs/easy_handeye2_msgs/srv/detail/set_algorithm__functions.c\n'}
[8.110475] (easy_handeye2_msgs) StdoutLine: {'line': b'-- Installing: /dev_ws/install/include/easy_handeye2_msgs/easy_handeye2_msgs/srv/detail/compute_calibration__type_support.h\n'}
[8.110539] (easy_handeye2_msgs) StdoutLine: {'line': b'-- Installing: /dev_ws/install/include/easy_handeye2_msgs/easy_handeye2_msgs/srv/detail/save_calibration__functions.h\n'}
[8.110608] (easy_handeye2_msgs) StdoutLine: {'line': b'-- Installing: /dev_ws/install/include/easy_handeye2_msgs/easy_handeye2_msgs/srv/detail/take_sample__struct.h\n'}
[8.110665] (easy_handeye2_msgs) StdoutLine: {'line': b'-- Installing: /dev_ws/install/include/easy_handeye2_msgs/easy_handeye2_msgs/srv/detail/check_starting_pose__type_support.h\n'}
[8.110724] (easy_handeye2_msgs) StdoutLine: {'line': b'-- Installing: /dev_ws/install/include/easy_handeye2_msgs/easy_handeye2_msgs/srv/detail/plan_to_selected_target_pose__functions.h\n'}
[8.110790] (easy_handeye2_msgs) StdoutLine: {'line': b'-- Installing: /dev_ws/install/include/easy_handeye2_msgs/easy_handeye2_msgs/srv/detail/check_starting_pose__functions.c\n'}
[8.110855] (easy_handeye2_msgs) StdoutLine: {'line': b'-- Installing: /dev_ws/install/include/easy_handeye2_msgs/easy_handeye2_msgs/srv/detail/load_samples__functions.c\n'}
[8.110921] (easy_handeye2_msgs) StdoutLine: {'line': b'-- Installing: /dev_ws/install/include/easy_handeye2_msgs/easy_handeye2_msgs/srv/detail/save_samples__struct.h\n'}
[8.110984] (easy_handeye2_msgs) StdoutLine: {'line': b'-- Installing: /dev_ws/install/include/easy_handeye2_msgs/easy_handeye2_msgs/srv/detail/enumerate_target_poses__functions.h\n'}
[8.111052] (easy_handeye2_msgs) StdoutLine: {'line': b'-- Installing: /dev_ws/install/include/easy_handeye2_msgs/easy_handeye2_msgs/srv/detail/save_samples__functions.h\n'}
[8.111122] (easy_handeye2_msgs) StdoutLine: {'line': b'-- Installing: /dev_ws/install/include/easy_handeye2_msgs/easy_handeye2_msgs/srv/detail/plan_to_selected_target_pose__type_support.h\n'}
[8.111176] (easy_handeye2_msgs) StdoutLine: {'line': b'-- Installing: /dev_ws/install/include/easy_handeye2_msgs/easy_handeye2_msgs/srv/detail/list_algorithms__struct.h\n'}
[8.111229] (easy_handeye2_msgs) StdoutLine: {'line': b'-- Installing: /dev_ws/install/include/easy_handeye2_msgs/easy_handeye2_msgs/srv/detail/select_target_pose__type_support.h\n'}
[8.111282] (easy_handeye2_msgs) StdoutLine: {'line': b'-- Installing: /dev_ws/install/include/easy_handeye2_msgs/easy_handeye2_msgs/srv/detail/take_sample__functions.c\n'}
[8.111341] (easy_handeye2_msgs) StdoutLine: {'line': b'-- Installing: /dev_ws/install/include/easy_handeye2_msgs/easy_handeye2_msgs/srv/detail/save_calibration__functions.c\n'}
[8.111402] (easy_handeye2_msgs) StdoutLine: {'line': b'-- Installing: /dev_ws/install/include/easy_handeye2_msgs/easy_handeye2_msgs/srv/detail/compute_calibration__struct.h\n'}
[8.111454] (easy_handeye2_msgs) StdoutLine: {'line': b'-- Installing: /dev_ws/install/include/easy_handeye2_msgs/easy_handeye2_msgs/srv/detail/select_target_pose__functions.c\n'}
[8.111517] (easy_handeye2_msgs) StdoutLine: {'line': b'-- Installing: /dev_ws/install/include/easy_handeye2_msgs/easy_handeye2_msgs/srv/detail/load_samples__functions.h\n'}
[8.111576] (easy_handeye2_msgs) StdoutLine: {'line': b'-- Installing: /dev_ws/install/include/easy_handeye2_msgs/easy_handeye2_msgs/srv/detail/load_samples__type_support.h\n'}
[8.111629] (easy_handeye2_msgs) StdoutLine: {'line': b'-- Installing: /dev_ws/install/include/easy_handeye2_msgs/easy_handeye2_msgs/srv/detail/list_algorithms__functions.c\n'}
[8.111688] (easy_handeye2_msgs) StdoutLine: {'line': b'-- Installing: /dev_ws/install/include/easy_handeye2_msgs/easy_handeye2_msgs/srv/detail/compute_calibration__functions.c\n'}
[8.111749] (easy_handeye2_msgs) StdoutLine: {'line': b'-- Installing: /dev_ws/install/include/easy_handeye2_msgs/easy_handeye2_msgs/srv/detail/select_target_pose__struct.h\n'}
[8.111808] (easy_handeye2_msgs) StdoutLine: {'line': b'-- Installing: /dev_ws/install/include/easy_handeye2_msgs/easy_handeye2_msgs/srv/detail/enumerate_target_poses__type_support.h\n'}
[8.111861] (easy_handeye2_msgs) StdoutLine: {'line': b'-- Installing: /dev_ws/install/include/easy_handeye2_msgs/easy_handeye2_msgs/srv/detail/execute_plan__functions.c\n'}
[8.111920] (easy_handeye2_msgs) StdoutLine: {'line': b'-- Installing: /dev_ws/install/include/easy_handeye2_msgs/easy_handeye2_msgs/srv/detail/execute_plan__struct.h\n'}
[8.111976] (easy_handeye2_msgs) StdoutLine: {'line': b'-- Installing: /dev_ws/install/include/easy_handeye2_msgs/easy_handeye2_msgs/srv/detail/set_algorithm__struct.h\n'}
[8.112029] (easy_handeye2_msgs) StdoutLine: {'line': b'-- Installing: /dev_ws/install/include/easy_handeye2_msgs/easy_handeye2_msgs/srv/detail/list_algorithms__type_support.h\n'}
[8.112085] (easy_handeye2_msgs) StdoutLine: {'line': b'-- Installing: /dev_ws/install/include/easy_handeye2_msgs/easy_handeye2_msgs/srv/detail/remove_sample__struct.h\n'}
[8.112139] (easy_handeye2_msgs) StdoutLine: {'line': b'-- Installing: /dev_ws/install/include/easy_handeye2_msgs/easy_handeye2_msgs/srv/detail/compute_calibration__functions.h\n'}
[8.112202] (easy_handeye2_msgs) StdoutLine: {'line': b'-- Installing: /dev_ws/install/include/easy_handeye2_msgs/easy_handeye2_msgs/srv/detail/check_starting_pose__struct.h\n'}
[8.112256] (easy_handeye2_msgs) StdoutLine: {'line': b'-- Installing: /dev_ws/install/include/easy_handeye2_msgs/easy_handeye2_msgs/srv/detail/execute_plan__functions.h\n'}
[8.112317] (easy_handeye2_msgs) StdoutLine: {'line': b'-- Installing: /dev_ws/install/include/easy_handeye2_msgs/easy_handeye2_msgs/srv/check_starting_pose.h\n'}
[8.112370] (easy_handeye2_msgs) StdoutLine: {'line': b'-- Installing: /dev_ws/install/include/easy_handeye2_msgs/easy_handeye2_msgs/srv/compute_calibration.h\n'}
[8.112418] (easy_handeye2_msgs) StdoutLine: {'line': b'-- Installing: /dev_ws/install/include/easy_handeye2_msgs/easy_handeye2_msgs/srv/save_samples.h\n'}
[8.112466] (easy_handeye2_msgs) StdoutLine: {'line': b'-- Installing: /dev_ws/install/include/easy_handeye2_msgs/easy_handeye2_msgs/srv/list_algorithms.h\n'}
[8.112522] (easy_handeye2_msgs) StdoutLine: {'line': b'-- Installing: /dev_ws/install/include/easy_handeye2_msgs/easy_handeye2_msgs/srv/execute_plan.h\n'}
[8.112571] (easy_handeye2_msgs) StdoutLine: {'line': b'-- Installing: /dev_ws/install/include/easy_handeye2_msgs/easy_handeye2_msgs/srv/remove_sample.h\n'}
[8.112619] (easy_handeye2_msgs) StdoutLine: {'line': b'-- Installing: /dev_ws/install/include/easy_handeye2_msgs/easy_handeye2_msgs/srv/select_target_pose.h\n'}
[8.112667] (easy_handeye2_msgs) StdoutLine: {'line': b'-- Installing: /dev_ws/install/include/easy_handeye2_msgs/easy_handeye2_msgs/srv/take_sample.h\n'}
[8.112786] (easy_handeye2_msgs) StdoutLine: {'line': b'-- Installing: /dev_ws/install/share/easy_handeye2_msgs/environment/library_path.sh\n'}
[8.112857] (easy_handeye2_msgs) StdoutLine: {'line': b'-- Installing: /dev_ws/install/share/easy_handeye2_msgs/environment/library_path.dsv\n'}
[8.112946] (easy_handeye2_msgs) StdoutLine: {'line': b'-- Installing: /dev_ws/install/lib/libeasy_handeye2_msgs__rosidl_generator_c.so\n'}
[8.113306] (easy_handeye2_msgs) StdoutLine: {'line': b'-- Set runtime path of "/dev_ws/install/lib/libeasy_handeye2_msgs__rosidl_generator_c.so" to ""\n'}
[8.113339] (easy_handeye2_msgs) StdoutLine: {'line': b'-- Up-to-date: /dev_ws/install/include/easy_handeye2_msgs/easy_handeye2_msgs\n'}
[8.113367] (easy_handeye2_msgs) StdoutLine: {'line': b'-- Up-to-date: /dev_ws/install/include/easy_handeye2_msgs/easy_handeye2_msgs/msg\n'}
[8.113413] (easy_handeye2_msgs) StdoutLine: {'line': b'-- Up-to-date: /dev_ws/install/include/easy_handeye2_msgs/easy_handeye2_msgs/msg/detail\n'}
[8.113444] (easy_handeye2_msgs) StdoutLine: {'line': b'-- Installing: /dev_ws/install/include/easy_handeye2_msgs/easy_handeye2_msgs/msg/detail/sample_list__rosidl_typesupport_fastrtps_c.h\n'}
[8.113472] (easy_handeye2_msgs) StdoutLine: {'line': b'-- Installing: /dev_ws/install/include/easy_handeye2_msgs/easy_handeye2_msgs/msg/detail/handeye_calibration_parameters__rosidl_typesupport_fastrtps_c.h\n'}
[8.113517] (easy_handeye2_msgs) StdoutLine: {'line': b'-- Installing: /dev_ws/install/include/easy_handeye2_msgs/easy_handeye2_msgs/msg/detail/handeye_calibration__rosidl_typesupport_fastrtps_c.h\n'}
[8.113547] (easy_handeye2_msgs) StdoutLine: {'line': b'-- Installing: /dev_ws/install/include/easy_handeye2_msgs/easy_handeye2_msgs/msg/detail/sample__rosidl_typesupport_fastrtps_c.h\n'}
[8.113585] (easy_handeye2_msgs) StdoutLine: {'line': b'-- Installing: /dev_ws/install/include/easy_handeye2_msgs/easy_handeye2_msgs/msg/detail/target_pose_list__rosidl_typesupport_fastrtps_c.h\n'}
[8.113623] (easy_handeye2_msgs) StdoutLine: {'line': b'-- Installing: /dev_ws/install/include/easy_handeye2_msgs/easy_handeye2_msgs/msg/rosidl_typesupport_fastrtps_c__visibility_control.h\n'}
[8.113659] (easy_handeye2_msgs) StdoutLine: {'line': b'-- Up-to-date: /dev_ws/install/include/easy_handeye2_msgs/easy_handeye2_msgs/srv\n'}
[8.113698] (easy_handeye2_msgs) StdoutLine: {'line': b'-- Up-to-date: /dev_ws/install/include/easy_handeye2_msgs/easy_handeye2_msgs/srv/detail\n'}
[8.113738] (easy_handeye2_msgs) StdoutLine: {'line': b'-- Installing: /dev_ws/install/include/easy_handeye2_msgs/easy_handeye2_msgs/srv/detail/save_samples__rosidl_typesupport_fastrtps_c.h\n'}
[8.113776] (easy_handeye2_msgs) StdoutLine: {'line': b'-- Installing: /dev_ws/install/include/easy_handeye2_msgs/easy_handeye2_msgs/srv/detail/save_calibration__rosidl_typesupport_fastrtps_c.h\n'}
[8.113820] (easy_handeye2_msgs) StdoutLine: {'line': b'-- Installing: /dev_ws/install/include/easy_handeye2_msgs/easy_handeye2_msgs/srv/detail/list_algorithms__rosidl_typesupport_fastrtps_c.h\n'}
[8.113878] (easy_handeye2_msgs) StdoutLine: {'line': b'-- Installing: /dev_ws/install/include/easy_handeye2_msgs/easy_handeye2_msgs/srv/detail/select_target_pose__rosidl_typesupport_fastrtps_c.h\n'}
[8.113934] (easy_handeye2_msgs) StdoutLine: {'line': b'-- Installing: /dev_ws/install/include/easy_handeye2_msgs/easy_handeye2_msgs/srv/detail/enumerate_target_poses__rosidl_typesupport_fastrtps_c.h\n'}
[8.113992] (easy_handeye2_msgs) StdoutLine: {'line': b'-- Installing: /dev_ws/install/include/easy_handeye2_msgs/easy_handeye2_msgs/srv/detail/load_samples__rosidl_typesupport_fastrtps_c.h\n'}
[8.114049] (easy_handeye2_msgs) StdoutLine: {'line': b'-- Installing: /dev_ws/install/include/easy_handeye2_msgs/easy_handeye2_msgs/srv/detail/take_sample__rosidl_typesupport_fastrtps_c.h\n'}
[8.114107] (easy_handeye2_msgs) StdoutLine: {'line': b'-- Installing: /dev_ws/install/include/easy_handeye2_msgs/easy_handeye2_msgs/srv/detail/execute_plan__rosidl_typesupport_fastrtps_c.h\n'}
[8.114164] (easy_handeye2_msgs) StdoutLine: {'line': b'-- Installing: /dev_ws/install/include/easy_handeye2_msgs/easy_handeye2_msgs/srv/detail/remove_sample__rosidl_typesupport_fastrtps_c.h\n'}
[8.114221] (easy_handeye2_msgs) StdoutLine: {'line': b'-- Installing: /dev_ws/install/include/easy_handeye2_msgs/easy_handeye2_msgs/srv/detail/set_algorithm__rosidl_typesupport_fastrtps_c.h\n'}
[8.114277] (easy_handeye2_msgs) StdoutLine: {'line': b'-- Installing: /dev_ws/install/include/easy_handeye2_msgs/easy_handeye2_msgs/srv/detail/check_starting_pose__rosidl_typesupport_fastrtps_c.h\n'}
[8.114333] (easy_handeye2_msgs) StdoutLine: {'line': b'-- Installing: /dev_ws/install/include/easy_handeye2_msgs/easy_handeye2_msgs/srv/detail/plan_to_selected_target_pose__rosidl_typesupport_fastrtps_c.h\n'}
[8.114391] (easy_handeye2_msgs) StdoutLine: {'line': b'-- Installing: /dev_ws/install/include/easy_handeye2_msgs/easy_handeye2_msgs/srv/detail/compute_calibration__rosidl_typesupport_fastrtps_c.h\n'}
[8.114481] (easy_handeye2_msgs) StdoutLine: {'line': b'-- Installing: /dev_ws/install/lib/libeasy_handeye2_msgs__rosidl_typesupport_fastrtps_c.so\n'}
[8.114738] (easy_handeye2_msgs) StdoutLine: {'line': b'-- Set runtime path of "/dev_ws/install/lib/libeasy_handeye2_msgs__rosidl_typesupport_fastrtps_c.so" to ""\n'}
[8.114790] (easy_handeye2_msgs) StdoutLine: {'line': b'-- Up-to-date: /dev_ws/install/include/easy_handeye2_msgs/easy_handeye2_msgs\n'}
[8.114826] (easy_handeye2_msgs) StdoutLine: {'line': b'-- Up-to-date: /dev_ws/install/include/easy_handeye2_msgs/easy_handeye2_msgs/msg\n'}
[8.114875] (easy_handeye2_msgs) StdoutLine: {'line': b'-- Up-to-date: /dev_ws/install/include/easy_handeye2_msgs/easy_handeye2_msgs/msg/detail\n'}
[8.114907] (easy_handeye2_msgs) StdoutLine: {'line': b'-- Installing: /dev_ws/install/include/easy_handeye2_msgs/easy_handeye2_msgs/msg/detail/sample_list__type_support.c\n'}
[8.114948] (easy_handeye2_msgs) StdoutLine: {'line': b'-- Installing: /dev_ws/install/include/easy_handeye2_msgs/easy_handeye2_msgs/msg/detail/handeye_calibration__type_support.c\n'}
[8.114988] (easy_handeye2_msgs) StdoutLine: {'line': b'-- Installing: /dev_ws/install/include/easy_handeye2_msgs/easy_handeye2_msgs/msg/detail/target_pose_list__type_support.c\n'}
[8.115026] (easy_handeye2_msgs) StdoutLine: {'line': b'-- Installing: /dev_ws/install/include/easy_handeye2_msgs/easy_handeye2_msgs/msg/detail/sample_list__rosidl_typesupport_introspection_c.h\n'}
[8.115073] (easy_handeye2_msgs) StdoutLine: {'line': b'-- Installing: /dev_ws/install/include/easy_handeye2_msgs/easy_handeye2_msgs/msg/detail/handeye_calibration_parameters__rosidl_typesupport_introspection_c.h\n'}
[8.115124] (easy_handeye2_msgs) StdoutLine: {'line': b'-- Installing: /dev_ws/install/include/easy_handeye2_msgs/easy_handeye2_msgs/msg/detail/handeye_calibration_parameters__type_support.c\n'}
[8.115182] (easy_handeye2_msgs) StdoutLine: {'line': b'-- Installing: /dev_ws/install/include/easy_handeye2_msgs/easy_handeye2_msgs/msg/detail/sample__rosidl_typesupport_introspection_c.h\n'}
[8.115237] (easy_handeye2_msgs) StdoutLine: {'line': b'-- Installing: /dev_ws/install/include/easy_handeye2_msgs/easy_handeye2_msgs/msg/detail/target_pose_list__rosidl_typesupport_introspection_c.h\n'}
[8.115292] (easy_handeye2_msgs) StdoutLine: {'line': b'-- Installing: /dev_ws/install/include/easy_handeye2_msgs/easy_handeye2_msgs/msg/detail/sample__type_support.c\n'}
[8.115348] (easy_handeye2_msgs) StdoutLine: {'line': b'-- Installing: /dev_ws/install/include/easy_handeye2_msgs/easy_handeye2_msgs/msg/detail/handeye_calibration__rosidl_typesupport_introspection_c.h\n'}
[8.115403] (easy_handeye2_msgs) StdoutLine: {'line': b'-- Installing: /dev_ws/install/include/easy_handeye2_msgs/easy_handeye2_msgs/msg/rosidl_typesupport_introspection_c__visibility_control.h\n'}
[8.115449] (easy_handeye2_msgs) StdoutLine: {'line': b'-- Up-to-date: /dev_ws/install/include/easy_handeye2_msgs/easy_handeye2_msgs/srv\n'}
[8.115493] (easy_handeye2_msgs) StdoutLine: {'line': b'-- Up-to-date: /dev_ws/install/include/easy_handeye2_msgs/easy_handeye2_msgs/srv/detail\n'}
[8.115524] (easy_handeye2_msgs) StdoutLine: {'line': b'-- Installing: /dev_ws/install/include/easy_handeye2_msgs/easy_handeye2_msgs/srv/detail/check_starting_pose__rosidl_typesupport_introspection_c.h\n'}
[8.115578] (easy_handeye2_msgs) StdoutLine: {'line': b'-- Installing: /dev_ws/install/include/easy_handeye2_msgs/easy_handeye2_msgs/srv/detail/set_algorithm__rosidl_typesupport_introspection_c.h\n'}
[8.115639] (easy_handeye2_msgs) StdoutLine: {'line': b'-- Installing: /dev_ws/install/include/easy_handeye2_msgs/easy_handeye2_msgs/srv/detail/select_target_pose__rosidl_typesupport_introspection_c.h\n'}
[8.115696] (easy_handeye2_msgs) StdoutLine: {'line': b'-- Installing: /dev_ws/install/include/easy_handeye2_msgs/easy_handeye2_msgs/srv/detail/select_target_pose__type_support.c\n'}
[8.115760] (easy_handeye2_msgs) StdoutLine: {'line': b'-- Installing: /dev_ws/install/include/easy_handeye2_msgs/easy_handeye2_msgs/srv/detail/plan_to_selected_target_pose__type_support.c\n'}
[8.115825] (easy_handeye2_msgs) StdoutLine: {'line': b'-- Installing: /dev_ws/install/include/easy_handeye2_msgs/easy_handeye2_msgs/srv/detail/enumerate_target_poses__type_support.c\n'}
[8.115889] (easy_handeye2_msgs) StdoutLine: {'line': b'-- Installing: /dev_ws/install/include/easy_handeye2_msgs/easy_handeye2_msgs/srv/detail/remove_sample__type_support.c\n'}
[8.115953] (easy_handeye2_msgs) StdoutLine: {'line': b'-- Installing: /dev_ws/install/include/easy_handeye2_msgs/easy_handeye2_msgs/srv/detail/save_calibration__rosidl_typesupport_introspection_c.h\n'}
[8.116010] (easy_handeye2_msgs) StdoutLine: {'line': b'-- Installing: /dev_ws/install/include/easy_handeye2_msgs/easy_handeye2_msgs/srv/detail/enumerate_target_poses__rosidl_typesupport_introspection_c.h\n'}
[8.116069] (easy_handeye2_msgs) StdoutLine: {'line': b'-- Installing: /dev_ws/install/include/easy_handeye2_msgs/easy_handeye2_msgs/srv/detail/list_algorithms__type_support.c\n'}
[8.116135] (easy_handeye2_msgs) StdoutLine: {'line': b'-- Installing: /dev_ws/install/include/easy_handeye2_msgs/easy_handeye2_msgs/srv/detail/execute_plan__rosidl_typesupport_introspection_c.h\n'}
[8.116194] (easy_handeye2_msgs) StdoutLine: {'line': b'-- Installing: /dev_ws/install/include/easy_handeye2_msgs/easy_handeye2_msgs/srv/detail/check_starting_pose__type_support.c\n'}
[8.116259] (easy_handeye2_msgs) StdoutLine: {'line': b'-- Installing: /dev_ws/install/include/easy_handeye2_msgs/easy_handeye2_msgs/srv/detail/load_samples__type_support.c\n'}
[8.116324] (easy_handeye2_msgs) StdoutLine: {'line': b'-- Installing: /dev_ws/install/include/easy_handeye2_msgs/easy_handeye2_msgs/srv/detail/compute_calibration__rosidl_typesupport_introspection_c.h\n'}
[8.116385] (easy_handeye2_msgs) StdoutLine: {'line': b'-- Installing: /dev_ws/install/include/easy_handeye2_msgs/easy_handeye2_msgs/srv/detail/compute_calibration__type_support.c\n'}
[8.116453] (easy_handeye2_msgs) StdoutLine: {'line': b'-- Installing: /dev_ws/install/include/easy_handeye2_msgs/easy_handeye2_msgs/srv/detail/save_calibration__type_support.c\n'}
[8.116521] (easy_handeye2_msgs) StdoutLine: {'line': b'-- Installing: /dev_ws/install/include/easy_handeye2_msgs/easy_handeye2_msgs/srv/detail/save_samples__rosidl_typesupport_introspection_c.h\n'}
[8.116594] (easy_handeye2_msgs) StdoutLine: {'line': b'-- Installing: /dev_ws/install/include/easy_handeye2_msgs/easy_handeye2_msgs/srv/detail/set_algorithm__type_support.c\n'}
[8.116660] (easy_handeye2_msgs) StdoutLine: {'line': b'-- Installing: /dev_ws/install/include/easy_handeye2_msgs/easy_handeye2_msgs/srv/detail/remove_sample__rosidl_typesupport_introspection_c.h\n'}
[8.116718] (easy_handeye2_msgs) StdoutLine: {'line': b'-- Installing: /dev_ws/install/include/easy_handeye2_msgs/easy_handeye2_msgs/srv/detail/list_algorithms__rosidl_typesupport_introspection_c.h\n'}
[8.116776] (easy_handeye2_msgs) StdoutLine: {'line': b'-- Installing: /dev_ws/install/include/easy_handeye2_msgs/easy_handeye2_msgs/srv/detail/save_samples__type_support.c\n'}
[8.116842] (easy_handeye2_msgs) StdoutLine: {'line': b'-- Installing: /dev_ws/install/include/easy_handeye2_msgs/easy_handeye2_msgs/srv/detail/take_sample__rosidl_typesupport_introspection_c.h\n'}
[8.116901] (easy_handeye2_msgs) StdoutLine: {'line': b'-- Installing: /dev_ws/install/include/easy_handeye2_msgs/easy_handeye2_msgs/srv/detail/take_sample__type_support.c\n'}
[8.116967] (easy_handeye2_msgs) StdoutLine: {'line': b'-- Installing: /dev_ws/install/include/easy_handeye2_msgs/easy_handeye2_msgs/srv/detail/load_samples__rosidl_typesupport_introspection_c.h\n'}
[8.117025] (easy_handeye2_msgs) StdoutLine: {'line': b'-- Installing: /dev_ws/install/include/easy_handeye2_msgs/easy_handeye2_msgs/srv/detail/execute_plan__type_support.c\n'}
[8.117119] (easy_handeye2_msgs) StdoutLine: {'line': b'-- Installing: /dev_ws/install/include/easy_handeye2_msgs/easy_handeye2_msgs/srv/detail/plan_to_selected_target_pose__rosidl_typesupport_introspection_c.h\n'}
[8.117212] (easy_handeye2_msgs) StdoutLine: {'line': b'-- Installing: /dev_ws/install/lib/libeasy_handeye2_msgs__rosidl_typesupport_introspection_c.so\n'}
[8.117453] (easy_handeye2_msgs) StdoutLine: {'line': b'-- Set runtime path of "/dev_ws/install/lib/libeasy_handeye2_msgs__rosidl_typesupport_introspection_c.so" to ""\n'}
[8.117497] (easy_handeye2_msgs) StdoutLine: {'line': b'-- Installing: /dev_ws/install/lib/libeasy_handeye2_msgs__rosidl_typesupport_c.so\n'}
[8.117733] (easy_handeye2_msgs) StdoutLine: {'line': b'-- Set runtime path of "/dev_ws/install/lib/libeasy_handeye2_msgs__rosidl_typesupport_c.so" to ""\n'}
[8.117779] (easy_handeye2_msgs) StdoutLine: {'line': b'-- Up-to-date: /dev_ws/install/include/easy_handeye2_msgs/easy_handeye2_msgs\n'}
[8.117810] (easy_handeye2_msgs) StdoutLine: {'line': b'-- Up-to-date: /dev_ws/install/include/easy_handeye2_msgs/easy_handeye2_msgs/msg\n'}
[8.117851] (easy_handeye2_msgs) StdoutLine: {'line': b'-- Installing: /dev_ws/install/include/easy_handeye2_msgs/easy_handeye2_msgs/msg/sample.hpp\n'}
[8.117892] (easy_handeye2_msgs) StdoutLine: {'line': b'-- Installing: /dev_ws/install/include/easy_handeye2_msgs/easy_handeye2_msgs/msg/handeye_calibration_parameters.hpp\n'}
[8.117931] (easy_handeye2_msgs) StdoutLine: {'line': b'-- Up-to-date: /dev_ws/install/include/easy_handeye2_msgs/easy_handeye2_msgs/msg/detail\n'}
[8.117971] (easy_handeye2_msgs) StdoutLine: {'line': b'-- Installing: /dev_ws/install/include/easy_handeye2_msgs/easy_handeye2_msgs/msg/detail/handeye_calibration_parameters__builder.hpp\n'}
[8.118008] (easy_handeye2_msgs) StdoutLine: {'line': b'-- Installing: /dev_ws/install/include/easy_handeye2_msgs/easy_handeye2_msgs/msg/detail/sample_list__traits.hpp\n'}
[8.118060] (easy_handeye2_msgs) StdoutLine: {'line': b'-- Installing: /dev_ws/install/include/easy_handeye2_msgs/easy_handeye2_msgs/msg/detail/sample_list__builder.hpp\n'}
[8.118115] (easy_handeye2_msgs) StdoutLine: {'line': b'-- Installing: /dev_ws/install/include/easy_handeye2_msgs/easy_handeye2_msgs/msg/detail/target_pose_list__type_support.hpp\n'}
[8.118170] (easy_handeye2_msgs) StdoutLine: {'line': b'-- Installing: /dev_ws/install/include/easy_handeye2_msgs/easy_handeye2_msgs/msg/detail/handeye_calibration_parameters__type_support.hpp\n'}
[8.118224] (easy_handeye2_msgs) StdoutLine: {'line': b'-- Installing: /dev_ws/install/include/easy_handeye2_msgs/easy_handeye2_msgs/msg/detail/sample__type_support.hpp\n'}
[8.118278] (easy_handeye2_msgs) StdoutLine: {'line': b'-- Installing: /dev_ws/install/include/easy_handeye2_msgs/easy_handeye2_msgs/msg/detail/sample__builder.hpp\n'}
[8.118333] (easy_handeye2_msgs) StdoutLine: {'line': b'-- Installing: /dev_ws/install/include/easy_handeye2_msgs/easy_handeye2_msgs/msg/detail/target_pose_list__struct.hpp\n'}
[8.118390] (easy_handeye2_msgs) StdoutLine: {'line': b'-- Installing: /dev_ws/install/include/easy_handeye2_msgs/easy_handeye2_msgs/msg/detail/handeye_calibration__traits.hpp\n'}
[8.118445] (easy_handeye2_msgs) StdoutLine: {'line': b'-- Installing: /dev_ws/install/include/easy_handeye2_msgs/easy_handeye2_msgs/msg/detail/sample_list__struct.hpp\n'}
[8.118501] (easy_handeye2_msgs) StdoutLine: {'line': b'-- Installing: /dev_ws/install/include/easy_handeye2_msgs/easy_handeye2_msgs/msg/detail/handeye_calibration__type_support.hpp\n'}
[8.118564] (easy_handeye2_msgs) StdoutLine: {'line': b'-- Installing: /dev_ws/install/include/easy_handeye2_msgs/easy_handeye2_msgs/msg/detail/sample_list__type_support.hpp\n'}
[8.118623] (easy_handeye2_msgs) StdoutLine: {'line': b'-- Installing: /dev_ws/install/include/easy_handeye2_msgs/easy_handeye2_msgs/msg/detail/handeye_calibration__struct.hpp\n'}
[8.118680] (easy_handeye2_msgs) StdoutLine: {'line': b'-- Installing: /dev_ws/install/include/easy_handeye2_msgs/easy_handeye2_msgs/msg/detail/sample__struct.hpp\n'}
[8.118737] (easy_handeye2_msgs) StdoutLine: {'line': b'-- Installing: /dev_ws/install/include/easy_handeye2_msgs/easy_handeye2_msgs/msg/detail/handeye_calibration_parameters__traits.hpp\n'}
[8.118794] (easy_handeye2_msgs) StdoutLine: {'line': b'-- Installing: /dev_ws/install/include/easy_handeye2_msgs/easy_handeye2_msgs/msg/detail/target_pose_list__traits.hpp\n'}
[8.118853] (easy_handeye2_msgs) StdoutLine: {'line': b'-- Installing: /dev_ws/install/include/easy_handeye2_msgs/easy_handeye2_msgs/msg/detail/handeye_calibration_parameters__struct.hpp\n'}
[8.118916] (easy_handeye2_msgs) StdoutLine: {'line': b'-- Installing: /dev_ws/install/include/easy_handeye2_msgs/easy_handeye2_msgs/msg/detail/target_pose_list__builder.hpp\n'}
[8.118971] (easy_handeye2_msgs) StdoutLine: {'line': b'-- Installing: /dev_ws/install/include/easy_handeye2_msgs/easy_handeye2_msgs/msg/detail/sample__traits.hpp\n'}
[8.119025] (easy_handeye2_msgs) StdoutLine: {'line': b'-- Installing: /dev_ws/install/include/easy_handeye2_msgs/easy_handeye2_msgs/msg/detail/handeye_calibration__builder.hpp\n'}
[8.119082] (easy_handeye2_msgs) StdoutLine: {'line': b'-- Installing: /dev_ws/install/include/easy_handeye2_msgs/easy_handeye2_msgs/msg/rosidl_generator_cpp__visibility_control.hpp\n'}
[8.119134] (easy_handeye2_msgs) StdoutLine: {'line': b'-- Installing: /dev_ws/install/include/easy_handeye2_msgs/easy_handeye2_msgs/msg/sample_list.hpp\n'}
[8.119183] (easy_handeye2_msgs) StdoutLine: {'line': b'-- Installing: /dev_ws/install/include/easy_handeye2_msgs/easy_handeye2_msgs/msg/handeye_calibration.hpp\n'}
[8.119233] (easy_handeye2_msgs) StdoutLine: {'line': b'-- Installing: /dev_ws/install/include/easy_handeye2_msgs/easy_handeye2_msgs/msg/target_pose_list.hpp\n'}
[8.119280] (easy_handeye2_msgs) StdoutLine: {'line': b'-- Up-to-date: /dev_ws/install/include/easy_handeye2_msgs/easy_handeye2_msgs/srv\n'}
[8.119319] (easy_handeye2_msgs) StdoutLine: {'line': b'-- Installing: /dev_ws/install/include/easy_handeye2_msgs/easy_handeye2_msgs/srv/list_algorithms.hpp\n'}
[8.119356] (easy_handeye2_msgs) StdoutLine: {'line': b'-- Installing: /dev_ws/install/include/easy_handeye2_msgs/easy_handeye2_msgs/srv/set_algorithm.hpp\n'}
[8.119405] (easy_handeye2_msgs) StdoutLine: {'line': b'-- Installing: /dev_ws/install/include/easy_handeye2_msgs/easy_handeye2_msgs/srv/load_samples.hpp\n'}
[8.119457] (easy_handeye2_msgs) StdoutLine: {'line': b'-- Installing: /dev_ws/install/include/easy_handeye2_msgs/easy_handeye2_msgs/srv/check_starting_pose.hpp\n'}
[8.119507] (easy_handeye2_msgs) StdoutLine: {'line': b'-- Installing: /dev_ws/install/include/easy_handeye2_msgs/easy_handeye2_msgs/srv/enumerate_target_poses.hpp\n'}
[8.119560] (easy_handeye2_msgs) StdoutLine: {'line': b'-- Installing: /dev_ws/install/include/easy_handeye2_msgs/easy_handeye2_msgs/srv/execute_plan.hpp\n'}
[8.119610] (easy_handeye2_msgs) StdoutLine: {'line': b'-- Up-to-date: /dev_ws/install/include/easy_handeye2_msgs/easy_handeye2_msgs/srv/detail\n'}
[8.119645] (easy_handeye2_msgs) StdoutLine: {'line': b'-- Installing: /dev_ws/install/include/easy_handeye2_msgs/easy_handeye2_msgs/srv/detail/plan_to_selected_target_pose__traits.hpp\n'}
[8.119705] (easy_handeye2_msgs) StdoutLine: {'line': b'-- Installing: /dev_ws/install/include/easy_handeye2_msgs/easy_handeye2_msgs/srv/detail/save_calibration__traits.hpp\n'}
[8.119765] (easy_handeye2_msgs) StdoutLine: {'line': b'-- Installing: /dev_ws/install/include/easy_handeye2_msgs/easy_handeye2_msgs/srv/detail/take_sample__struct.hpp\n'}
[8.119824] (easy_handeye2_msgs) StdoutLine: {'line': b'-- Installing: /dev_ws/install/include/easy_handeye2_msgs/easy_handeye2_msgs/srv/detail/save_calibration__type_support.hpp\n'}
[8.119881] (easy_handeye2_msgs) StdoutLine: {'line': b'-- Installing: /dev_ws/install/include/easy_handeye2_msgs/easy_handeye2_msgs/srv/detail/check_starting_pose__builder.hpp\n'}
[8.119937] (easy_handeye2_msgs) StdoutLine: {'line': b'-- Installing: /dev_ws/install/include/easy_handeye2_msgs/easy_handeye2_msgs/srv/detail/save_calibration__builder.hpp\n'}
[8.119995] (easy_handeye2_msgs) StdoutLine: {'line': b'-- Installing: /dev_ws/install/include/easy_handeye2_msgs/easy_handeye2_msgs/srv/detail/list_algorithms__type_support.hpp\n'}
[8.120052] (easy_handeye2_msgs) StdoutLine: {'line': b'-- Installing: /dev_ws/install/include/easy_handeye2_msgs/easy_handeye2_msgs/srv/detail/take_sample__type_support.hpp\n'}
[8.120108] (easy_handeye2_msgs) StdoutLine: {'line': b'-- Installing: /dev_ws/install/include/easy_handeye2_msgs/easy_handeye2_msgs/srv/detail/remove_sample__traits.hpp\n'}
[8.120171] (easy_handeye2_msgs) StdoutLine: {'line': b'-- Installing: /dev_ws/install/include/easy_handeye2_msgs/easy_handeye2_msgs/srv/detail/compute_calibration__builder.hpp\n'}
[8.120232] (easy_handeye2_msgs) StdoutLine: {'line': b'-- Installing: /dev_ws/install/include/easy_handeye2_msgs/easy_handeye2_msgs/srv/detail/take_sample__builder.hpp\n'}
[8.120289] (easy_handeye2_msgs) StdoutLine: {'line': b'-- Installing: /dev_ws/install/include/easy_handeye2_msgs/easy_handeye2_msgs/srv/detail/enumerate_target_poses__builder.hpp\n'}
[8.120346] (easy_handeye2_msgs) StdoutLine: {'line': b'-- Installing: /dev_ws/install/include/easy_handeye2_msgs/easy_handeye2_msgs/srv/detail/plan_to_selected_target_pose__struct.hpp\n'}
[8.120408] (easy_handeye2_msgs) StdoutLine: {'line': b'-- Installing: /dev_ws/install/include/easy_handeye2_msgs/easy_handeye2_msgs/srv/detail/save_samples__type_support.hpp\n'}
[8.120466] (easy_handeye2_msgs) StdoutLine: {'line': b'-- Installing: /dev_ws/install/include/easy_handeye2_msgs/easy_handeye2_msgs/srv/detail/select_target_pose__struct.hpp\n'}
[8.120531] (easy_handeye2_msgs) StdoutLine: {'line': b'-- Installing: /dev_ws/install/include/easy_handeye2_msgs/easy_handeye2_msgs/srv/detail/execute_plan__struct.hpp\n'}
[8.120593] (easy_handeye2_msgs) StdoutLine: {'line': b'-- Installing: /dev_ws/install/include/easy_handeye2_msgs/easy_handeye2_msgs/srv/detail/load_samples__traits.hpp\n'}
[8.120653] (easy_handeye2_msgs) StdoutLine: {'line': b'-- Installing: /dev_ws/install/include/easy_handeye2_msgs/easy_handeye2_msgs/srv/detail/list_algorithms__struct.hpp\n'}
[8.120713] (easy_handeye2_msgs) StdoutLine: {'line': b'-- Installing: /dev_ws/install/include/easy_handeye2_msgs/easy_handeye2_msgs/srv/detail/load_samples__builder.hpp\n'}
[8.120773] (easy_handeye2_msgs) StdoutLine: {'line': b'-- Installing: /dev_ws/install/include/easy_handeye2_msgs/easy_handeye2_msgs/srv/detail/set_algorithm__struct.hpp\n'}
[8.120832] (easy_handeye2_msgs) StdoutLine: {'line': b'-- Installing: /dev_ws/install/include/easy_handeye2_msgs/easy_handeye2_msgs/srv/detail/set_algorithm__type_support.hpp\n'}
[8.120891] (easy_handeye2_msgs) StdoutLine: {'line': b'-- Installing: /dev_ws/install/include/easy_handeye2_msgs/easy_handeye2_msgs/srv/detail/check_starting_pose__traits.hpp\n'}
[8.120954] (easy_handeye2_msgs) StdoutLine: {'line': b'-- Installing: /dev_ws/install/include/easy_handeye2_msgs/easy_handeye2_msgs/srv/detail/take_sample__traits.hpp\n'}
[8.121015] (easy_handeye2_msgs) StdoutLine: {'line': b'-- Installing: /dev_ws/install/include/easy_handeye2_msgs/easy_handeye2_msgs/srv/detail/remove_sample__builder.hpp\n'}
[8.121073] (easy_handeye2_msgs) StdoutLine: {'line': b'-- Installing: /dev_ws/install/include/easy_handeye2_msgs/easy_handeye2_msgs/srv/detail/plan_to_selected_target_pose__builder.hpp\n'}
[8.121132] (easy_handeye2_msgs) StdoutLine: {'line': b'-- Installing: /dev_ws/install/include/easy_handeye2_msgs/easy_handeye2_msgs/srv/detail/list_algorithms__traits.hpp\n'}
[8.121193] (easy_handeye2_msgs) StdoutLine: {'line': b'-- Installing: /dev_ws/install/include/easy_handeye2_msgs/easy_handeye2_msgs/srv/detail/compute_calibration__type_support.hpp\n'}
[8.121252] (easy_handeye2_msgs) StdoutLine: {'line': b'-- Installing: /dev_ws/install/include/easy_handeye2_msgs/easy_handeye2_msgs/srv/detail/execute_plan__builder.hpp\n'}
[8.121310] (easy_handeye2_msgs) StdoutLine: {'line': b'-- Installing: /dev_ws/install/include/easy_handeye2_msgs/easy_handeye2_msgs/srv/detail/check_starting_pose__type_support.hpp\n'}
[8.121369] (easy_handeye2_msgs) StdoutLine: {'line': b'-- Installing: /dev_ws/install/include/easy_handeye2_msgs/easy_handeye2_msgs/srv/detail/set_algorithm__builder.hpp\n'}
[8.121427] (easy_handeye2_msgs) StdoutLine: {'line': b'-- Installing: /dev_ws/install/include/easy_handeye2_msgs/easy_handeye2_msgs/srv/detail/list_algorithms__builder.hpp\n'}
[8.121485] (easy_handeye2_msgs) StdoutLine: {'line': b'-- Installing: /dev_ws/install/include/easy_handeye2_msgs/easy_handeye2_msgs/srv/detail/enumerate_target_poses__struct.hpp\n'}
[8.121556] (easy_handeye2_msgs) StdoutLine: {'line': b'-- Installing: /dev_ws/install/include/easy_handeye2_msgs/easy_handeye2_msgs/srv/detail/compute_calibration__traits.hpp\n'}
[8.121617] (easy_handeye2_msgs) StdoutLine: {'line': b'-- Installing: /dev_ws/install/include/easy_handeye2_msgs/easy_handeye2_msgs/srv/detail/remove_sample__struct.hpp\n'}
[8.121680] (easy_handeye2_msgs) StdoutLine: {'line': b'-- Installing: /dev_ws/install/include/easy_handeye2_msgs/easy_handeye2_msgs/srv/detail/save_calibration__struct.hpp\n'}
[8.121742] (easy_handeye2_msgs) StdoutLine: {'line': b'-- Installing: /dev_ws/install/include/easy_handeye2_msgs/easy_handeye2_msgs/srv/detail/enumerate_target_poses__traits.hpp\n'}
[8.121803] (easy_handeye2_msgs) StdoutLine: {'line': b'-- Installing: /dev_ws/install/include/easy_handeye2_msgs/easy_handeye2_msgs/srv/detail/save_samples__traits.hpp\n'}
[8.121861] (easy_handeye2_msgs) StdoutLine: {'line': b'-- Installing: /dev_ws/install/include/easy_handeye2_msgs/easy_handeye2_msgs/srv/detail/enumerate_target_poses__type_support.hpp\n'}
[8.121917] (easy_handeye2_msgs) StdoutLine: {'line': b'-- Installing: /dev_ws/install/include/easy_handeye2_msgs/easy_handeye2_msgs/srv/detail/execute_plan__traits.hpp\n'}
[8.121977] (easy_handeye2_msgs) StdoutLine: {'line': b'-- Installing: /dev_ws/install/include/easy_handeye2_msgs/easy_handeye2_msgs/srv/detail/select_target_pose__type_support.hpp\n'}
[8.122033] (easy_handeye2_msgs) StdoutLine: {'line': b'-- Installing: /dev_ws/install/include/easy_handeye2_msgs/easy_handeye2_msgs/srv/detail/load_samples__struct.hpp\n'}
[8.122093] (easy_handeye2_msgs) StdoutLine: {'line': b'-- Installing: /dev_ws/install/include/easy_handeye2_msgs/easy_handeye2_msgs/srv/detail/check_starting_pose__struct.hpp\n'}
[8.122155] (easy_handeye2_msgs) StdoutLine: {'line': b'-- Installing: /dev_ws/install/include/easy_handeye2_msgs/easy_handeye2_msgs/srv/detail/plan_to_selected_target_pose__type_support.hpp\n'}
[8.122213] (easy_handeye2_msgs) StdoutLine: {'line': b'-- Installing: /dev_ws/install/include/easy_handeye2_msgs/easy_handeye2_msgs/srv/detail/set_algorithm__traits.hpp\n'}
[8.122272] (easy_handeye2_msgs) StdoutLine: {'line': b'-- Installing: /dev_ws/install/include/easy_handeye2_msgs/easy_handeye2_msgs/srv/detail/remove_sample__type_support.hpp\n'}
[8.122329] (easy_handeye2_msgs) StdoutLine: {'line': b'-- Installing: /dev_ws/install/include/easy_handeye2_msgs/easy_handeye2_msgs/srv/detail/load_samples__type_support.hpp\n'}
[8.122384] (easy_handeye2_msgs) StdoutLine: {'line': b'-- Installing: /dev_ws/install/include/easy_handeye2_msgs/easy_handeye2_msgs/srv/detail/save_samples__builder.hpp\n'}
[8.122441] (easy_handeye2_msgs) StdoutLine: {'line': b'-- Installing: /dev_ws/install/include/easy_handeye2_msgs/easy_handeye2_msgs/srv/detail/select_target_pose__traits.hpp\n'}
[8.122500] (easy_handeye2_msgs) StdoutLine: {'line': b'-- Installing: /dev_ws/install/include/easy_handeye2_msgs/easy_handeye2_msgs/srv/detail/select_target_pose__builder.hpp\n'}
[8.122566] (easy_handeye2_msgs) StdoutLine: {'line': b'-- Installing: /dev_ws/install/include/easy_handeye2_msgs/easy_handeye2_msgs/srv/detail/compute_calibration__struct.hpp\n'}
[8.122628] (easy_handeye2_msgs) StdoutLine: {'line': b'-- Installing: /dev_ws/install/include/easy_handeye2_msgs/easy_handeye2_msgs/srv/detail/save_samples__struct.hpp\n'}
[8.122864] (easy_handeye2_msgs) StdoutLine: {'line': b'-- Installing: /dev_ws/install/include/easy_handeye2_msgs/easy_handeye2_msgs/srv/detail/execute_plan__type_support.hpp\n'}
[8.122948] (easy_handeye2_msgs) StdoutLine: {'line': b'-- Installing: /dev_ws/install/include/easy_handeye2_msgs/easy_handeye2_msgs/srv/plan_to_selected_target_pose.hpp\n'}
[8.122984] (easy_handeye2_msgs) StdoutLine: {'line': b'-- Installing: /dev_ws/install/include/easy_handeye2_msgs/easy_handeye2_msgs/srv/take_sample.hpp\n'}
[8.123016] (easy_handeye2_msgs) StdoutLine: {'line': b'-- Installing: /dev_ws/install/include/easy_handeye2_msgs/easy_handeye2_msgs/srv/remove_sample.hpp\n'}
[8.123058] (easy_handeye2_msgs) StdoutLine: {'line': b'-- Installing: /dev_ws/install/include/easy_handeye2_msgs/easy_handeye2_msgs/srv/save_samples.hpp\n'}
[8.123087] (easy_handeye2_msgs) StdoutLine: {'line': b'-- Installing: /dev_ws/install/include/easy_handeye2_msgs/easy_handeye2_msgs/srv/save_calibration.hpp\n'}
[8.123125] (easy_handeye2_msgs) StdoutLine: {'line': b'-- Installing: /dev_ws/install/include/easy_handeye2_msgs/easy_handeye2_msgs/srv/compute_calibration.hpp\n'}
[8.123151] (easy_handeye2_msgs) StdoutLine: {'line': b'-- Installing: /dev_ws/install/include/easy_handeye2_msgs/easy_handeye2_msgs/srv/select_target_pose.hpp\n'}
[8.123201] (easy_handeye2_msgs) StdoutLine: {'line': b'-- Up-to-date: /dev_ws/install/include/easy_handeye2_msgs/easy_handeye2_msgs\n'}
[8.123238] (easy_handeye2_msgs) StdoutLine: {'line': b'-- Up-to-date: /dev_ws/install/include/easy_handeye2_msgs/easy_handeye2_msgs/msg\n'}
[8.123268] (easy_handeye2_msgs) StdoutLine: {'line': b'-- Up-to-date: /dev_ws/install/include/easy_handeye2_msgs/easy_handeye2_msgs/msg/detail\n'}
[8.123319] (easy_handeye2_msgs) StdoutLine: {'line': b'-- Installing: /dev_ws/install/include/easy_handeye2_msgs/easy_handeye2_msgs/msg/detail/target_pose_list__rosidl_typesupport_fastrtps_cpp.hpp\n'}
[8.123363] (easy_handeye2_msgs) StdoutLine: {'line': b'-- Installing: /dev_ws/install/include/easy_handeye2_msgs/easy_handeye2_msgs/msg/detail/sample__rosidl_typesupport_fastrtps_cpp.hpp\n'}
[8.123414] (easy_handeye2_msgs) StdoutLine: {'line': b'-- Installing: /dev_ws/install/include/easy_handeye2_msgs/easy_handeye2_msgs/msg/detail/handeye_calibration__rosidl_typesupport_fastrtps_cpp.hpp\n'}
[8.123454] (easy_handeye2_msgs) StdoutLine: {'line': b'-- Installing: /dev_ws/install/include/easy_handeye2_msgs/easy_handeye2_msgs/msg/detail/handeye_calibration_parameters__rosidl_typesupport_fastrtps_cpp.hpp\n'}
[8.123501] (easy_handeye2_msgs) StdoutLine: {'line': b'-- Installing: /dev_ws/install/include/easy_handeye2_msgs/easy_handeye2_msgs/msg/detail/dds_fastrtps\n'}
[8.123538] (easy_handeye2_msgs) StdoutLine: {'line': b'-- Installing: /dev_ws/install/include/easy_handeye2_msgs/easy_handeye2_msgs/msg/detail/sample_list__rosidl_typesupport_fastrtps_cpp.hpp\n'}
[8.123630] (easy_handeye2_msgs) StdoutLine: {'line': b'-- Installing: /dev_ws/install/include/easy_handeye2_msgs/easy_handeye2_msgs/msg/rosidl_typesupport_fastrtps_cpp__visibility_control.h\n'}
[8.123678] (easy_handeye2_msgs) StdoutLine: {'line': b'-- Up-to-date: /dev_ws/install/include/easy_handeye2_msgs/easy_handeye2_msgs/srv\n'}
[8.123722] (easy_handeye2_msgs) StdoutLine: {'line': b'-- Up-to-date: /dev_ws/install/include/easy_handeye2_msgs/easy_handeye2_msgs/srv/detail\n'}
[8.123750] (easy_handeye2_msgs) StdoutLine: {'line': b'-- Installing: /dev_ws/install/include/easy_handeye2_msgs/easy_handeye2_msgs/srv/detail/set_algorithm__rosidl_typesupport_fastrtps_cpp.hpp\n'}
[8.123787] (easy_handeye2_msgs) StdoutLine: {'line': b'-- Installing: /dev_ws/install/include/easy_handeye2_msgs/easy_handeye2_msgs/srv/detail/select_target_pose__rosidl_typesupport_fastrtps_cpp.hpp\n'}
[8.123842] (easy_handeye2_msgs) StdoutLine: {'line': b'-- Installing: /dev_ws/install/include/easy_handeye2_msgs/easy_handeye2_msgs/srv/detail/check_starting_pose__rosidl_typesupport_fastrtps_cpp.hpp\n'}
[8.123903] (easy_handeye2_msgs) StdoutLine: {'line': b'-- Installing: /dev_ws/install/include/easy_handeye2_msgs/easy_handeye2_msgs/srv/detail/remove_sample__rosidl_typesupport_fastrtps_cpp.hpp\n'}
[8.123965] (easy_handeye2_msgs) StdoutLine: {'line': b'-- Installing: /dev_ws/install/include/easy_handeye2_msgs/easy_handeye2_msgs/srv/detail/execute_plan__rosidl_typesupport_fastrtps_cpp.hpp\n'}
[8.124027] (easy_handeye2_msgs) StdoutLine: {'line': b'-- Installing: /dev_ws/install/include/easy_handeye2_msgs/easy_handeye2_msgs/srv/detail/compute_calibration__rosidl_typesupport_fastrtps_cpp.hpp\n'}
[8.124088] (easy_handeye2_msgs) StdoutLine: {'line': b'-- Installing: /dev_ws/install/include/easy_handeye2_msgs/easy_handeye2_msgs/srv/detail/list_algorithms__rosidl_typesupport_fastrtps_cpp.hpp\n'}
[8.124147] (easy_handeye2_msgs) StdoutLine: {'line': b'-- Installing: /dev_ws/install/include/easy_handeye2_msgs/easy_handeye2_msgs/srv/detail/dds_fastrtps\n'}
[8.124197] (easy_handeye2_msgs) StdoutLine: {'line': b'-- Installing: /dev_ws/install/include/easy_handeye2_msgs/easy_handeye2_msgs/srv/detail/enumerate_target_poses__rosidl_typesupport_fastrtps_cpp.hpp\n'}
[8.124259] (easy_handeye2_msgs) StdoutLine: {'line': b'-- Installing: /dev_ws/install/include/easy_handeye2_msgs/easy_handeye2_msgs/srv/detail/save_calibration__rosidl_typesupport_fastrtps_cpp.hpp\n'}
[8.124321] (easy_handeye2_msgs) StdoutLine: {'line': b'-- Installing: /dev_ws/install/include/easy_handeye2_msgs/easy_handeye2_msgs/srv/detail/load_samples__rosidl_typesupport_fastrtps_cpp.hpp\n'}
[8.124382] (easy_handeye2_msgs) StdoutLine: {'line': b'-- Installing: /dev_ws/install/include/easy_handeye2_msgs/easy_handeye2_msgs/srv/detail/plan_to_selected_target_pose__rosidl_typesupport_fastrtps_cpp.hpp\n'}
[8.124444] (easy_handeye2_msgs) StdoutLine: {'line': b'-- Installing: /dev_ws/install/include/easy_handeye2_msgs/easy_handeye2_msgs/srv/detail/take_sample__rosidl_typesupport_fastrtps_cpp.hpp\n'}
[8.124505] (easy_handeye2_msgs) StdoutLine: {'line': b'-- Installing: /dev_ws/install/include/easy_handeye2_msgs/easy_handeye2_msgs/srv/detail/save_samples__rosidl_typesupport_fastrtps_cpp.hpp\n'}
[8.124695] (easy_handeye2_msgs) StdoutLine: {'line': b'-- Installing: /dev_ws/install/lib/libeasy_handeye2_msgs__rosidl_typesupport_fastrtps_cpp.so\n'}
[8.125255] (easy_handeye2_msgs) StdoutLine: {'line': b'-- Set runtime path of "/dev_ws/install/lib/libeasy_handeye2_msgs__rosidl_typesupport_fastrtps_cpp.so" to ""\n'}
[8.125331] (easy_handeye2_msgs) StdoutLine: {'line': b'-- Up-to-date: /dev_ws/install/include/easy_handeye2_msgs/easy_handeye2_msgs\n'}
[8.125382] (easy_handeye2_msgs) StdoutLine: {'line': b'-- Up-to-date: /dev_ws/install/include/easy_handeye2_msgs/easy_handeye2_msgs/msg\n'}
[8.125411] (easy_handeye2_msgs) StdoutLine: {'line': b'-- Up-to-date: /dev_ws/install/include/easy_handeye2_msgs/easy_handeye2_msgs/msg/detail\n'}
[8.125440] (easy_handeye2_msgs) StdoutLine: {'line': b'-- Installing: /dev_ws/install/include/easy_handeye2_msgs/easy_handeye2_msgs/msg/detail/handeye_calibration__type_support.cpp\n'}
[8.125470] (easy_handeye2_msgs) StdoutLine: {'line': b'-- Installing: /dev_ws/install/include/easy_handeye2_msgs/easy_handeye2_msgs/msg/detail/sample__rosidl_typesupport_introspection_cpp.hpp\n'}
[8.125499] (easy_handeye2_msgs) StdoutLine: {'line': b'-- Installing: /dev_ws/install/include/easy_handeye2_msgs/easy_handeye2_msgs/msg/detail/handeye_calibration__rosidl_typesupport_introspection_cpp.hpp\n'}
[8.125576] (easy_handeye2_msgs) StdoutLine: {'line': b'-- Installing: /dev_ws/install/include/easy_handeye2_msgs/easy_handeye2_msgs/msg/detail/target_pose_list__type_support.cpp\n'}
[8.125634] (easy_handeye2_msgs) StdoutLine: {'line': b'-- Installing: /dev_ws/install/include/easy_handeye2_msgs/easy_handeye2_msgs/msg/detail/sample__type_support.cpp\n'}
[8.125667] (easy_handeye2_msgs) StdoutLine: {'line': b'-- Installing: /dev_ws/install/include/easy_handeye2_msgs/easy_handeye2_msgs/msg/detail/target_pose_list__rosidl_typesupport_introspection_cpp.hpp\n'}
[8.125697] (easy_handeye2_msgs) StdoutLine: {'line': b'-- Installing: /dev_ws/install/include/easy_handeye2_msgs/easy_handeye2_msgs/msg/detail/handeye_calibration_parameters__type_support.cpp\n'}
[8.125750] (easy_handeye2_msgs) StdoutLine: {'line': b'-- Installing: /dev_ws/install/include/easy_handeye2_msgs/easy_handeye2_msgs/msg/detail/sample_list__type_support.cpp\n'}
[8.125791] (easy_handeye2_msgs) StdoutLine: {'line': b'-- Installing: /dev_ws/install/include/easy_handeye2_msgs/easy_handeye2_msgs/msg/detail/sample_list__rosidl_typesupport_introspection_cpp.hpp\n'}
[8.125843] (easy_handeye2_msgs) StdoutLine: {'line': b'-- Installing: /dev_ws/install/include/easy_handeye2_msgs/easy_handeye2_msgs/msg/detail/handeye_calibration_parameters__rosidl_typesupport_introspection_cpp.hpp\n'}
[8.125895] (easy_handeye2_msgs) StdoutLine: {'line': b'-- Up-to-date: /dev_ws/install/include/easy_handeye2_msgs/easy_handeye2_msgs/srv\n'}
[8.125937] (easy_handeye2_msgs) StdoutLine: {'line': b'-- Up-to-date: /dev_ws/install/include/easy_handeye2_msgs/easy_handeye2_msgs/srv/detail\n'}
[8.125972] (easy_handeye2_msgs) StdoutLine: {'line': b'-- Installing: /dev_ws/install/include/easy_handeye2_msgs/easy_handeye2_msgs/srv/detail/plan_to_selected_target_pose__rosidl_typesupport_introspection_cpp.hpp\n'}
[8.125999] (easy_handeye2_msgs) StdoutLine: {'line': b'-- Installing: /dev_ws/install/include/easy_handeye2_msgs/easy_handeye2_msgs/srv/detail/save_samples__type_support.cpp\n'}
[8.126037] (easy_handeye2_msgs) StdoutLine: {'line': b'-- Installing: /dev_ws/install/include/easy_handeye2_msgs/easy_handeye2_msgs/srv/detail/set_algorithm__rosidl_typesupport_introspection_cpp.hpp\n'}
[8.126086] (easy_handeye2_msgs) StdoutLine: {'line': b'-- Installing: /dev_ws/install/include/easy_handeye2_msgs/easy_handeye2_msgs/srv/detail/set_algorithm__type_support.cpp\n'}
[8.126150] (easy_handeye2_msgs) StdoutLine: {'line': b'-- Installing: /dev_ws/install/include/easy_handeye2_msgs/easy_handeye2_msgs/srv/detail/compute_calibration__rosidl_typesupport_introspection_cpp.hpp\n'}
[8.126214] (easy_handeye2_msgs) StdoutLine: {'line': b'-- Installing: /dev_ws/install/include/easy_handeye2_msgs/easy_handeye2_msgs/srv/detail/take_sample__rosidl_typesupport_introspection_cpp.hpp\n'}
[8.126274] (easy_handeye2_msgs) StdoutLine: {'line': b'-- Installing: /dev_ws/install/include/easy_handeye2_msgs/easy_handeye2_msgs/srv/detail/save_samples__rosidl_typesupport_introspection_cpp.hpp\n'}
[8.126351] (easy_handeye2_msgs) StdoutLine: {'line': b'-- Installing: /dev_ws/install/include/easy_handeye2_msgs/easy_handeye2_msgs/srv/detail/enumerate_target_poses__type_support.cpp\n'}
[8.126415] (easy_handeye2_msgs) StdoutLine: {'line': b'-- Installing: /dev_ws/install/include/easy_handeye2_msgs/easy_handeye2_msgs/srv/detail/select_target_pose__rosidl_typesupport_introspection_cpp.hpp\n'}
[8.126472] (easy_handeye2_msgs) StdoutLine: {'line': b'-- Installing: /dev_ws/install/include/easy_handeye2_msgs/easy_handeye2_msgs/srv/detail/execute_plan__rosidl_typesupport_introspection_cpp.hpp\n'}
[8.126533] (easy_handeye2_msgs) StdoutLine: {'line': b'-- Installing: /dev_ws/install/include/easy_handeye2_msgs/easy_handeye2_msgs/srv/detail/select_target_pose__type_support.cpp\n'}
[8.126597] (easy_handeye2_msgs) StdoutLine: {'line': b'-- Installing: /dev_ws/install/include/easy_handeye2_msgs/easy_handeye2_msgs/srv/detail/save_calibration__rosidl_typesupport_introspection_cpp.hpp\n'}
[8.126657] (easy_handeye2_msgs) StdoutLine: {'line': b'-- Installing: /dev_ws/install/include/easy_handeye2_msgs/easy_handeye2_msgs/srv/detail/load_samples__rosidl_typesupport_introspection_cpp.hpp\n'}
[8.126716] (easy_handeye2_msgs) StdoutLine: {'line': b'-- Installing: /dev_ws/install/include/easy_handeye2_msgs/easy_handeye2_msgs/srv/detail/enumerate_target_poses__rosidl_typesupport_introspection_cpp.hpp\n'}
[8.126775] (easy_handeye2_msgs) StdoutLine: {'line': b'-- Installing: /dev_ws/install/include/easy_handeye2_msgs/easy_handeye2_msgs/srv/detail/remove_sample__type_support.cpp\n'}
[8.126839] (easy_handeye2_msgs) StdoutLine: {'line': b'-- Installing: /dev_ws/install/include/easy_handeye2_msgs/easy_handeye2_msgs/srv/detail/plan_to_selected_target_pose__type_support.cpp\n'}
[8.126906] (easy_handeye2_msgs) StdoutLine: {'line': b'-- Installing: /dev_ws/install/include/easy_handeye2_msgs/easy_handeye2_msgs/srv/detail/check_starting_pose__rosidl_typesupport_introspection_cpp.hpp\n'}
[8.126966] (easy_handeye2_msgs) StdoutLine: {'line': b'-- Installing: /dev_ws/install/include/easy_handeye2_msgs/easy_handeye2_msgs/srv/detail/list_algorithms__type_support.cpp\n'}
[8.127031] (easy_handeye2_msgs) StdoutLine: {'line': b'-- Installing: /dev_ws/install/include/easy_handeye2_msgs/easy_handeye2_msgs/srv/detail/list_algorithms__rosidl_typesupport_introspection_cpp.hpp\n'}
[8.127091] (easy_handeye2_msgs) StdoutLine: {'line': b'-- Installing: /dev_ws/install/include/easy_handeye2_msgs/easy_handeye2_msgs/srv/detail/execute_plan__type_support.cpp\n'}
[8.127156] (easy_handeye2_msgs) StdoutLine: {'line': b'-- Installing: /dev_ws/install/include/easy_handeye2_msgs/easy_handeye2_msgs/srv/detail/take_sample__type_support.cpp\n'}
[8.127220] (easy_handeye2_msgs) StdoutLine: {'line': b'-- Installing: /dev_ws/install/include/easy_handeye2_msgs/easy_handeye2_msgs/srv/detail/check_starting_pose__type_support.cpp\n'}
[8.127288] (easy_handeye2_msgs) StdoutLine: {'line': b'-- Installing: /dev_ws/install/include/easy_handeye2_msgs/easy_handeye2_msgs/srv/detail/load_samples__type_support.cpp\n'}
[8.127355] (easy_handeye2_msgs) StdoutLine: {'line': b'-- Installing: /dev_ws/install/include/easy_handeye2_msgs/easy_handeye2_msgs/srv/detail/remove_sample__rosidl_typesupport_introspection_cpp.hpp\n'}
[8.127417] (easy_handeye2_msgs) StdoutLine: {'line': b'-- Installing: /dev_ws/install/include/easy_handeye2_msgs/easy_handeye2_msgs/srv/detail/save_calibration__type_support.cpp\n'}
[8.127483] (easy_handeye2_msgs) StdoutLine: {'line': b'-- Installing: /dev_ws/install/include/easy_handeye2_msgs/easy_handeye2_msgs/srv/detail/compute_calibration__type_support.cpp\n'}
[8.127806] (easy_handeye2_msgs) StdoutLine: {'line': b'-- Installing: /dev_ws/install/lib/libeasy_handeye2_msgs__rosidl_typesupport_introspection_cpp.so\n'}
[8.128345] (easy_handeye2_msgs) StdoutLine: {'line': b'-- Set runtime path of "/dev_ws/install/lib/libeasy_handeye2_msgs__rosidl_typesupport_introspection_cpp.so" to ""\n'}
[8.128389] (easy_handeye2_msgs) StdoutLine: {'line': b'-- Installing: /dev_ws/install/lib/libeasy_handeye2_msgs__rosidl_typesupport_cpp.so\n'}
[8.128665] (easy_handeye2_msgs) StdoutLine: {'line': b'-- Set runtime path of "/dev_ws/install/lib/libeasy_handeye2_msgs__rosidl_typesupport_cpp.so" to ""\n'}
[8.128717] (easy_handeye2_msgs) StdoutLine: {'line': b'-- Installing: /dev_ws/install/share/easy_handeye2_msgs/environment/pythonpath.sh\n'}
[8.128782] (easy_handeye2_msgs) StdoutLine: {'line': b'-- Installing: /dev_ws/install/share/easy_handeye2_msgs/environment/pythonpath.dsv\n'}
[8.128842] (easy_handeye2_msgs) StdoutLine: {'line': b'-- Installing: /dev_ws/install/local/lib/python3.10/dist-packages/easy_handeye2_msgs-0.5.0-py3.10.egg-info\n'}
[8.128930] (easy_handeye2_msgs) StdoutLine: {'line': b'-- Installing: /dev_ws/install/local/lib/python3.10/dist-packages/easy_handeye2_msgs-0.5.0-py3.10.egg-info/SOURCES.txt\n'}
[8.128987] (easy_handeye2_msgs) StdoutLine: {'line': b'-- Installing: /dev_ws/install/local/lib/python3.10/dist-packages/easy_handeye2_msgs-0.5.0-py3.10.egg-info/dependency_links.txt\n'}
[8.129036] (easy_handeye2_msgs) StdoutLine: {'line': b'-- Installing: /dev_ws/install/local/lib/python3.10/dist-packages/easy_handeye2_msgs-0.5.0-py3.10.egg-info/top_level.txt\n'}
[8.129086] (easy_handeye2_msgs) StdoutLine: {'line': b'-- Installing: /dev_ws/install/local/lib/python3.10/dist-packages/easy_handeye2_msgs-0.5.0-py3.10.egg-info/PKG-INFO\n'}
[8.129161] (easy_handeye2_msgs) StdoutLine: {'line': b'-- Installing: /dev_ws/install/local/lib/python3.10/dist-packages/easy_handeye2_msgs\n'}
[8.129197] (easy_handeye2_msgs) StdoutLine: {'line': b'-- Installing: /dev_ws/install/local/lib/python3.10/dist-packages/easy_handeye2_msgs/_easy_handeye2_msgs_s.ep.rosidl_typesupport_c.c\n'}
[8.129332] (easy_handeye2_msgs) StdoutLine: {'line': b'-- Installing: /dev_ws/install/local/lib/python3.10/dist-packages/easy_handeye2_msgs/msg\n'}
[8.129369] (easy_handeye2_msgs) StdoutLine: {'line': b'-- Installing: /dev_ws/install/local/lib/python3.10/dist-packages/easy_handeye2_msgs/msg/_handeye_calibration_parameters.py\n'}
[8.129422] (easy_handeye2_msgs) StdoutLine: {'line': b'-- Installing: /dev_ws/install/local/lib/python3.10/dist-packages/easy_handeye2_msgs/msg/_handeye_calibration_s.c\n'}
[8.129473] (easy_handeye2_msgs) StdoutLine: {'line': b'-- Installing: /dev_ws/install/local/lib/python3.10/dist-packages/easy_handeye2_msgs/msg/_target_pose_list.py\n'}
[8.129532] (easy_handeye2_msgs) StdoutLine: {'line': b'-- Installing: /dev_ws/install/local/lib/python3.10/dist-packages/easy_handeye2_msgs/msg/_handeye_calibration.py\n'}
[8.129585] (easy_handeye2_msgs) StdoutLine: {'line': b'-- Installing: /dev_ws/install/local/lib/python3.10/dist-packages/easy_handeye2_msgs/msg/_sample_list_s.c\n'}
[8.129641] (easy_handeye2_msgs) StdoutLine: {'line': b'-- Installing: /dev_ws/install/local/lib/python3.10/dist-packages/easy_handeye2_msgs/msg/_sample.py\n'}
[8.129696] (easy_handeye2_msgs) StdoutLine: {'line': b'-- Installing: /dev_ws/install/local/lib/python3.10/dist-packages/easy_handeye2_msgs/msg/_sample_list.py\n'}
[8.129750] (easy_handeye2_msgs) StdoutLine: {'line': b'-- Installing: /dev_ws/install/local/lib/python3.10/dist-packages/easy_handeye2_msgs/msg/_handeye_calibration_parameters_s.c\n'}
[8.129806] (easy_handeye2_msgs) StdoutLine: {'line': b'-- Installing: /dev_ws/install/local/lib/python3.10/dist-packages/easy_handeye2_msgs/msg/_sample_s.c\n'}
[8.129868] (easy_handeye2_msgs) StdoutLine: {'line': b'-- Installing: /dev_ws/install/local/lib/python3.10/dist-packages/easy_handeye2_msgs/msg/__init__.py\n'}
[8.129911] (easy_handeye2_msgs) StdoutLine: {'line': b'-- Installing: /dev_ws/install/local/lib/python3.10/dist-packages/easy_handeye2_msgs/msg/_target_pose_list_s.c\n'}
[8.129966] (easy_handeye2_msgs) StdoutLine: {'line': b'-- Installing: /dev_ws/install/local/lib/python3.10/dist-packages/easy_handeye2_msgs/libeasy_handeye2_msgs__rosidl_generator_py.so\n'}
[8.130080] (easy_handeye2_msgs) StdoutLine: {'line': b'-- Installing: /dev_ws/install/local/lib/python3.10/dist-packages/easy_handeye2_msgs/easy_handeye2_msgs_s__rosidl_typesupport_introspection_c.cpython-310-x86_64-linux-gnu.so\n'}
[8.130182] (easy_handeye2_msgs) StdoutLine: {'line': b'-- Installing: /dev_ws/install/local/lib/python3.10/dist-packages/easy_handeye2_msgs/_easy_handeye2_msgs_s.ep.rosidl_typesupport_introspection_c.c\n'}
[8.130312] (easy_handeye2_msgs) StdoutLine: {'line': b'-- Installing: /dev_ws/install/local/lib/python3.10/dist-packages/easy_handeye2_msgs/srv\n'}
[8.130353] (easy_handeye2_msgs) StdoutLine: {'line': b'-- Installing: /dev_ws/install/local/lib/python3.10/dist-packages/easy_handeye2_msgs/srv/_enumerate_target_poses_s.c\n'}
[8.130407] (easy_handeye2_msgs) StdoutLine: {'line': b'-- Installing: /dev_ws/install/local/lib/python3.10/dist-packages/easy_handeye2_msgs/srv/_compute_calibration_s.c\n'}
[8.130459] (easy_handeye2_msgs) StdoutLine: {'line': b'-- Installing: /dev_ws/install/local/lib/python3.10/dist-packages/easy_handeye2_msgs/srv/_set_algorithm_s.c\n'}
[8.130512] (easy_handeye2_msgs) StdoutLine: {'line': b'-- Installing: /dev_ws/install/local/lib/python3.10/dist-packages/easy_handeye2_msgs/srv/_list_algorithms_s.c\n'}
[8.130569] (easy_handeye2_msgs) StdoutLine: {'line': b'-- Installing: /dev_ws/install/local/lib/python3.10/dist-packages/easy_handeye2_msgs/srv/_remove_sample.py\n'}
[8.130625] (easy_handeye2_msgs) StdoutLine: {'line': b'-- Installing: /dev_ws/install/local/lib/python3.10/dist-packages/easy_handeye2_msgs/srv/_save_calibration.py\n'}
[8.130680] (easy_handeye2_msgs) StdoutLine: {'line': b'-- Installing: /dev_ws/install/local/lib/python3.10/dist-packages/easy_handeye2_msgs/srv/_save_samples.py\n'}
[8.130741] (easy_handeye2_msgs) StdoutLine: {'line': b'-- Installing: /dev_ws/install/local/lib/python3.10/dist-packages/easy_handeye2_msgs/srv/_take_sample_s.c\n'}
[8.130794] (easy_handeye2_msgs) StdoutLine: {'line': b'-- Installing: /dev_ws/install/local/lib/python3.10/dist-packages/easy_handeye2_msgs/srv/_execute_plan.py\n'}
[8.130846] (easy_handeye2_msgs) StdoutLine: {'line': b'-- Installing: /dev_ws/install/local/lib/python3.10/dist-packages/easy_handeye2_msgs/srv/_take_sample.py\n'}
[8.130901] (easy_handeye2_msgs) StdoutLine: {'line': b'-- Installing: /dev_ws/install/local/lib/python3.10/dist-packages/easy_handeye2_msgs/srv/_set_algorithm.py\n'}
[8.130955] (easy_handeye2_msgs) StdoutLine: {'line': b'-- Installing: /dev_ws/install/local/lib/python3.10/dist-packages/easy_handeye2_msgs/srv/_load_samples_s.c\n'}
[8.131008] (easy_handeye2_msgs) StdoutLine: {'line': b'-- Installing: /dev_ws/install/local/lib/python3.10/dist-packages/easy_handeye2_msgs/srv/_load_samples.py\n'}
[8.131063] (easy_handeye2_msgs) StdoutLine: {'line': b'-- Installing: /dev_ws/install/local/lib/python3.10/dist-packages/easy_handeye2_msgs/srv/_enumerate_target_poses.py\n'}
[8.131119] (easy_handeye2_msgs) StdoutLine: {'line': b'-- Installing: /dev_ws/install/local/lib/python3.10/dist-packages/easy_handeye2_msgs/srv/_compute_calibration.py\n'}
[8.131176] (easy_handeye2_msgs) StdoutLine: {'line': b'-- Installing: /dev_ws/install/local/lib/python3.10/dist-packages/easy_handeye2_msgs/srv/_execute_plan_s.c\n'}
[8.131230] (easy_handeye2_msgs) StdoutLine: {'line': b'-- Installing: /dev_ws/install/local/lib/python3.10/dist-packages/easy_handeye2_msgs/srv/_save_calibration_s.c\n'}
[8.131256] (-) TimerEvent: {}
[8.131318] (easy_handeye2_msgs) StdoutLine: {'line': b'-- Installing: /dev_ws/install/local/lib/python3.10/dist-packages/easy_handeye2_msgs/srv/_plan_to_selected_target_pose.py\n'}
[8.131365] (easy_handeye2_msgs) StdoutLine: {'line': b'-- Installing: /dev_ws/install/local/lib/python3.10/dist-packages/easy_handeye2_msgs/srv/_check_starting_pose.py\n'}
[8.131404] (easy_handeye2_msgs) StdoutLine: {'line': b'-- Installing: /dev_ws/install/local/lib/python3.10/dist-packages/easy_handeye2_msgs/srv/_select_target_pose.py\n'}
[8.131455] (easy_handeye2_msgs) StdoutLine: {'line': b'-- Installing: /dev_ws/install/local/lib/python3.10/dist-packages/easy_handeye2_msgs/srv/_remove_sample_s.c\n'}
[8.131520] (easy_handeye2_msgs) StdoutLine: {'line': b'-- Installing: /dev_ws/install/local/lib/python3.10/dist-packages/easy_handeye2_msgs/srv/_plan_to_selected_target_pose_s.c\n'}
[8.131713] (easy_handeye2_msgs) StdoutLine: {'line': b'-- Installing: /dev_ws/install/local/lib/python3.10/dist-packages/easy_handeye2_msgs/srv/_list_algorithms.py\n'}
[8.131773] (easy_handeye2_msgs) StdoutLine: {'line': b'-- Installing: /dev_ws/install/local/lib/python3.10/dist-packages/easy_handeye2_msgs/srv/_check_starting_pose_s.c\n'}
[8.131827] (easy_handeye2_msgs) StdoutLine: {'line': b'-- Installing: /dev_ws/install/local/lib/python3.10/dist-packages/easy_handeye2_msgs/srv/_select_target_pose_s.c\n'}
[8.131883] (easy_handeye2_msgs) StdoutLine: {'line': b'-- Installing: /dev_ws/install/local/lib/python3.10/dist-packages/easy_handeye2_msgs/srv/_save_samples_s.c\n'}
[8.131936] (easy_handeye2_msgs) StdoutLine: {'line': b'-- Installing: /dev_ws/install/local/lib/python3.10/dist-packages/easy_handeye2_msgs/srv/__init__.py\n'}
[8.131991] (easy_handeye2_msgs) StdoutLine: {'line': b'-- Installing: /dev_ws/install/local/lib/python3.10/dist-packages/easy_handeye2_msgs/easy_handeye2_msgs_s__rosidl_typesupport_fastrtps_c.cpython-310-x86_64-linux-gnu.so\n'}
[8.132094] (easy_handeye2_msgs) StdoutLine: {'line': b'-- Installing: /dev_ws/install/local/lib/python3.10/dist-packages/easy_handeye2_msgs/__init__.py\n'}
[8.132142] (easy_handeye2_msgs) StdoutLine: {'line': b'-- Installing: /dev_ws/install/local/lib/python3.10/dist-packages/easy_handeye2_msgs/easy_handeye2_msgs_s__rosidl_typesupport_c.cpython-310-x86_64-linux-gnu.so\n'}
[8.132242] (easy_handeye2_msgs) StdoutLine: {'line': b'-- Installing: /dev_ws/install/local/lib/python3.10/dist-packages/easy_handeye2_msgs/_easy_handeye2_msgs_s.ep.rosidl_typesupport_fastrtps_c.c\n'}
[8.171621] (easy_handeye2_msgs) StdoutLine: {'line': b"Listing '/dev_ws/install/local/lib/python3.10/dist-packages/easy_handeye2_msgs'...\n"}
[8.171743] (easy_handeye2_msgs) StdoutLine: {'line': b"Compiling '/dev_ws/install/local/lib/python3.10/dist-packages/easy_handeye2_msgs/__init__.py'...\n"}
[8.171780] (easy_handeye2_msgs) StdoutLine: {'line': b"Listing '/dev_ws/install/local/lib/python3.10/dist-packages/easy_handeye2_msgs/msg'...\n"}
[8.171811] (easy_handeye2_msgs) StdoutLine: {'line': b"Compiling '/dev_ws/install/local/lib/python3.10/dist-packages/easy_handeye2_msgs/msg/__init__.py'...\n"}
[8.171841] (easy_handeye2_msgs) StdoutLine: {'line': b"Compiling '/dev_ws/install/local/lib/python3.10/dist-packages/easy_handeye2_msgs/msg/_handeye_calibration.py'...\n"}
[8.171881] (easy_handeye2_msgs) StdoutLine: {'line': b"Compiling '/dev_ws/install/local/lib/python3.10/dist-packages/easy_handeye2_msgs/msg/_handeye_calibration_parameters.py'...\n"}
[8.171914] (easy_handeye2_msgs) StdoutLine: {'line': b"Compiling '/dev_ws/install/local/lib/python3.10/dist-packages/easy_handeye2_msgs/msg/_sample.py'...\n"}
[8.171945] (easy_handeye2_msgs) StdoutLine: {'line': b"Compiling '/dev_ws/install/local/lib/python3.10/dist-packages/easy_handeye2_msgs/msg/_sample_list.py'...\n"}
[8.171973] (easy_handeye2_msgs) StdoutLine: {'line': b"Compiling '/dev_ws/install/local/lib/python3.10/dist-packages/easy_handeye2_msgs/msg/_target_pose_list.py'...\n"}
[8.172001] (easy_handeye2_msgs) StdoutLine: {'line': b"Listing '/dev_ws/install/local/lib/python3.10/dist-packages/easy_handeye2_msgs/srv'...\n"}
[8.172028] (easy_handeye2_msgs) StdoutLine: {'line': b"Compiling '/dev_ws/install/local/lib/python3.10/dist-packages/easy_handeye2_msgs/srv/__init__.py'...\n"}
[8.172054] (easy_handeye2_msgs) StdoutLine: {'line': b"Compiling '/dev_ws/install/local/lib/python3.10/dist-packages/easy_handeye2_msgs/srv/_check_starting_pose.py'...\n"}
[8.172080] (easy_handeye2_msgs) StdoutLine: {'line': b"Compiling '/dev_ws/install/local/lib/python3.10/dist-packages/easy_handeye2_msgs/srv/_compute_calibration.py'...\n"}
[8.172106] (easy_handeye2_msgs) StdoutLine: {'line': b"Compiling '/dev_ws/install/local/lib/python3.10/dist-packages/easy_handeye2_msgs/srv/_enumerate_target_poses.py'...\n"}
[8.172130] (easy_handeye2_msgs) StdoutLine: {'line': b"Compiling '/dev_ws/install/local/lib/python3.10/dist-packages/easy_handeye2_msgs/srv/_execute_plan.py'...\n"}
[8.172155] (easy_handeye2_msgs) StdoutLine: {'line': b"Compiling '/dev_ws/install/local/lib/python3.10/dist-packages/easy_handeye2_msgs/srv/_list_algorithms.py'...\n"}
[8.172180] (easy_handeye2_msgs) StdoutLine: {'line': b"Compiling '/dev_ws/install/local/lib/python3.10/dist-packages/easy_handeye2_msgs/srv/_load_samples.py'...\n"}
[8.172205] (easy_handeye2_msgs) StdoutLine: {'line': b"Compiling '/dev_ws/install/local/lib/python3.10/dist-packages/easy_handeye2_msgs/srv/_plan_to_selected_target_pose.py'...\n"}
[8.172233] (easy_handeye2_msgs) StdoutLine: {'line': b"Compiling '/dev_ws/install/local/lib/python3.10/dist-packages/easy_handeye2_msgs/srv/_remove_sample.py'...\n"}
[8.172258] (easy_handeye2_msgs) StdoutLine: {'line': b"Compiling '/dev_ws/install/local/lib/python3.10/dist-packages/easy_handeye2_msgs/srv/_save_calibration.py'...\n"}
[8.172282] (easy_handeye2_msgs) StdoutLine: {'line': b"Compiling '/dev_ws/install/local/lib/python3.10/dist-packages/easy_handeye2_msgs/srv/_save_samples.py'...\n"}
[8.172306] (easy_handeye2_msgs) StdoutLine: {'line': b"Compiling '/dev_ws/install/local/lib/python3.10/dist-packages/easy_handeye2_msgs/srv/_select_target_pose.py'...\n"}
[8.172332] (easy_handeye2_msgs) StdoutLine: {'line': b"Compiling '/dev_ws/install/local/lib/python3.10/dist-packages/easy_handeye2_msgs/srv/_set_algorithm.py'...\n"}
[8.172358] (easy_handeye2_msgs) StdoutLine: {'line': b"Compiling '/dev_ws/install/local/lib/python3.10/dist-packages/easy_handeye2_msgs/srv/_take_sample.py'...\n"}
[8.175333] (easy_handeye2_msgs) StdoutLine: {'line': b'-- Installing: /dev_ws/install/local/lib/python3.10/dist-packages/easy_handeye2_msgs/easy_handeye2_msgs_s__rosidl_typesupport_fastrtps_c.cpython-310-x86_64-linux-gnu.so\n'}
[8.175864] (easy_handeye2_msgs) StdoutLine: {'line': b'-- Set runtime path of "/dev_ws/install/local/lib/python3.10/dist-packages/easy_handeye2_msgs/easy_handeye2_msgs_s__rosidl_typesupport_fastrtps_c.cpython-310-x86_64-linux-gnu.so" to ""\n'}
[8.175961] (easy_handeye2_msgs) StdoutLine: {'line': b'-- Installing: /dev_ws/install/local/lib/python3.10/dist-packages/easy_handeye2_msgs/easy_handeye2_msgs_s__rosidl_typesupport_introspection_c.cpython-310-x86_64-linux-gnu.so\n'}
[8.176228] (easy_handeye2_msgs) StdoutLine: {'line': b'-- Set runtime path of "/dev_ws/install/local/lib/python3.10/dist-packages/easy_handeye2_msgs/easy_handeye2_msgs_s__rosidl_typesupport_introspection_c.cpython-310-x86_64-linux-gnu.so" to ""\n'}
[8.176318] (easy_handeye2_msgs) StdoutLine: {'line': b'-- Installing: /dev_ws/install/local/lib/python3.10/dist-packages/easy_handeye2_msgs/easy_handeye2_msgs_s__rosidl_typesupport_c.cpython-310-x86_64-linux-gnu.so\n'}
[8.176636] (easy_handeye2_msgs) StdoutLine: {'line': b'-- Set runtime path of "/dev_ws/install/local/lib/python3.10/dist-packages/easy_handeye2_msgs/easy_handeye2_msgs_s__rosidl_typesupport_c.cpython-310-x86_64-linux-gnu.so" to ""\n'}
[8.176713] (easy_handeye2_msgs) StdoutLine: {'line': b'-- Installing: /dev_ws/install/lib/libeasy_handeye2_msgs__rosidl_generator_py.so\n'}
[8.177044] (easy_handeye2_msgs) StdoutLine: {'line': b'-- Set runtime path of "/dev_ws/install/lib/libeasy_handeye2_msgs__rosidl_generator_py.so" to ""\n'}
[8.177138] (easy_handeye2_msgs) StdoutLine: {'line': b'-- Installing: /dev_ws/install/share/easy_handeye2_msgs/msg/HandeyeCalibration.idl\n'}
[8.177191] (easy_handeye2_msgs) StdoutLine: {'line': b'-- Installing: /dev_ws/install/share/easy_handeye2_msgs/msg/HandeyeCalibrationParameters.idl\n'}
[8.177262] (easy_handeye2_msgs) StdoutLine: {'line': b'-- Installing: /dev_ws/install/share/easy_handeye2_msgs/msg/Sample.idl\n'}
[8.177376] (easy_handeye2_msgs) StdoutLine: {'line': b'-- Installing: /dev_ws/install/share/easy_handeye2_msgs/msg/SampleList.idl\n'}
[8.177489] (easy_handeye2_msgs) StdoutLine: {'line': b'-- Installing: /dev_ws/install/share/easy_handeye2_msgs/msg/TargetPoseList.idl\n'}
[8.177752] (easy_handeye2_msgs) StdoutLine: {'line': b'-- Installing: /dev_ws/install/share/easy_handeye2_msgs/srv/ListAlgorithms.idl\n'}
[8.177843] (easy_handeye2_msgs) StdoutLine: {'line': b'-- Installing: /dev_ws/install/share/easy_handeye2_msgs/srv/SetAlgorithm.idl\n'}
[8.177901] (easy_handeye2_msgs) StdoutLine: {'line': b'-- Installing: /dev_ws/install/share/easy_handeye2_msgs/srv/ComputeCalibration.idl\n'}
[8.177964] (easy_handeye2_msgs) StdoutLine: {'line': b'-- Installing: /dev_ws/install/share/easy_handeye2_msgs/srv/SaveCalibration.idl\n'}
[8.178096] (easy_handeye2_msgs) StdoutLine: {'line': b'-- Installing: /dev_ws/install/share/easy_handeye2_msgs/srv/RemoveSample.idl\n'}
[8.178173] (easy_handeye2_msgs) StdoutLine: {'line': b'-- Installing: /dev_ws/install/share/easy_handeye2_msgs/srv/TakeSample.idl\n'}
[8.178224] (easy_handeye2_msgs) StdoutLine: {'line': b'-- Installing: /dev_ws/install/share/easy_handeye2_msgs/srv/SaveSamples.idl\n'}
[8.178267] (easy_handeye2_msgs) StdoutLine: {'line': b'-- Installing: /dev_ws/install/share/easy_handeye2_msgs/srv/LoadSamples.idl\n'}
[8.178324] (easy_handeye2_msgs) StdoutLine: {'line': b'-- Installing: /dev_ws/install/share/easy_handeye2_msgs/srv/CheckStartingPose.idl\n'}
[8.178391] (easy_handeye2_msgs) StdoutLine: {'line': b'-- Installing: /dev_ws/install/share/easy_handeye2_msgs/srv/EnumerateTargetPoses.idl\n'}
[8.178464] (easy_handeye2_msgs) StdoutLine: {'line': b'-- Installing: /dev_ws/install/share/easy_handeye2_msgs/srv/SelectTargetPose.idl\n'}
[8.178545] (easy_handeye2_msgs) StdoutLine: {'line': b'-- Installing: /dev_ws/install/share/easy_handeye2_msgs/srv/PlanToSelectedTargetPose.idl\n'}
[8.178619] (easy_handeye2_msgs) StdoutLine: {'line': b'-- Installing: /dev_ws/install/share/easy_handeye2_msgs/srv/ExecutePlan.idl\n'}
[8.178779] (easy_handeye2_msgs) StdoutLine: {'line': b'-- Installing: /dev_ws/install/share/easy_handeye2_msgs/msg/HandeyeCalibration.msg\n'}
[8.178925] (easy_handeye2_msgs) StdoutLine: {'line': b'-- Installing: /dev_ws/install/share/easy_handeye2_msgs/msg/HandeyeCalibrationParameters.msg\n'}
[8.179040] (easy_handeye2_msgs) StdoutLine: {'line': b'-- Installing: /dev_ws/install/share/easy_handeye2_msgs/msg/Sample.msg\n'}
[8.179134] (easy_handeye2_msgs) StdoutLine: {'line': b'-- Installing: /dev_ws/install/share/easy_handeye2_msgs/msg/SampleList.msg\n'}
[8.179226] (easy_handeye2_msgs) StdoutLine: {'line': b'-- Installing: /dev_ws/install/share/easy_handeye2_msgs/msg/TargetPoseList.msg\n'}
[8.179325] (easy_handeye2_msgs) StdoutLine: {'line': b'-- Installing: /dev_ws/install/share/easy_handeye2_msgs/calibration/ListAlgorithms.srv\n'}
[8.179402] (easy_handeye2_msgs) StdoutLine: {'line': b'-- Installing: /dev_ws/install/share/easy_handeye2_msgs/calibration/ListAlgorithms_Request.msg\n'}
[8.179490] (easy_handeye2_msgs) StdoutLine: {'line': b'-- Installing: /dev_ws/install/share/easy_handeye2_msgs/calibration/ListAlgorithms_Response.msg\n'}
[8.179605] (easy_handeye2_msgs) StdoutLine: {'line': b'-- Installing: /dev_ws/install/share/easy_handeye2_msgs/calibration/SetAlgorithm.srv\n'}
[8.179702] (easy_handeye2_msgs) StdoutLine: {'line': b'-- Installing: /dev_ws/install/share/easy_handeye2_msgs/calibration/SetAlgorithm_Request.msg\n'}
[8.179789] (easy_handeye2_msgs) StdoutLine: {'line': b'-- Installing: /dev_ws/install/share/easy_handeye2_msgs/calibration/SetAlgorithm_Response.msg\n'}
[8.179889] (easy_handeye2_msgs) StdoutLine: {'line': b'-- Installing: /dev_ws/install/share/easy_handeye2_msgs/calibration/ComputeCalibration.srv\n'}
[8.179980] (easy_handeye2_msgs) StdoutLine: {'line': b'-- Installing: /dev_ws/install/share/easy_handeye2_msgs/calibration/ComputeCalibration_Request.msg\n'}
[8.180070] (easy_handeye2_msgs) StdoutLine: {'line': b'-- Installing: /dev_ws/install/share/easy_handeye2_msgs/calibration/ComputeCalibration_Response.msg\n'}
[8.180160] (easy_handeye2_msgs) StdoutLine: {'line': b'-- Installing: /dev_ws/install/share/easy_handeye2_msgs/calibration/SaveCalibration.srv\n'}
[8.180249] (easy_handeye2_msgs) StdoutLine: {'line': b'-- Installing: /dev_ws/install/share/easy_handeye2_msgs/calibration/SaveCalibration_Request.msg\n'}
[8.180336] (easy_handeye2_msgs) StdoutLine: {'line': b'-- Installing: /dev_ws/install/share/easy_handeye2_msgs/calibration/SaveCalibration_Response.msg\n'}
[8.180434] (easy_handeye2_msgs) StdoutLine: {'line': b'-- Installing: /dev_ws/install/share/easy_handeye2_msgs/calibration/RemoveSample.srv\n'}
[8.180527] (easy_handeye2_msgs) StdoutLine: {'line': b'-- Installing: /dev_ws/install/share/easy_handeye2_msgs/calibration/RemoveSample_Request.msg\n'}
[8.180619] (easy_handeye2_msgs) StdoutLine: {'line': b'-- Installing: /dev_ws/install/share/easy_handeye2_msgs/calibration/RemoveSample_Response.msg\n'}
[8.180810] (easy_handeye2_msgs) StdoutLine: {'line': b'-- Installing: /dev_ws/install/share/easy_handeye2_msgs/calibration/TakeSample.srv\n'}
[8.180857] (easy_handeye2_msgs) StdoutLine: {'line': b'-- Installing: /dev_ws/install/share/easy_handeye2_msgs/calibration/TakeSample_Request.msg\n'}
[8.180889] (easy_handeye2_msgs) StdoutLine: {'line': b'-- Installing: /dev_ws/install/share/easy_handeye2_msgs/calibration/TakeSample_Response.msg\n'}
[8.180919] (easy_handeye2_msgs) StdoutLine: {'line': b'-- Installing: /dev_ws/install/share/easy_handeye2_msgs/calibration/SaveSamples.srv\n'}
[8.180948] (easy_handeye2_msgs) StdoutLine: {'line': b'-- Installing: /dev_ws/install/share/easy_handeye2_msgs/calibration/SaveSamples_Request.msg\n'}
[8.180975] (easy_handeye2_msgs) StdoutLine: {'line': b'-- Installing: /dev_ws/install/share/easy_handeye2_msgs/calibration/SaveSamples_Response.msg\n'}
[8.181004] (easy_handeye2_msgs) StdoutLine: {'line': b'-- Installing: /dev_ws/install/share/easy_handeye2_msgs/calibration/LoadSamples.srv\n'}
[8.181052] (easy_handeye2_msgs) StdoutLine: {'line': b'-- Installing: /dev_ws/install/share/easy_handeye2_msgs/calibration/LoadSamples_Request.msg\n'}
[8.181083] (easy_handeye2_msgs) StdoutLine: {'line': b'-- Installing: /dev_ws/install/share/easy_handeye2_msgs/calibration/LoadSamples_Response.msg\n'}
[8.181111] (easy_handeye2_msgs) StdoutLine: {'line': b'-- Installing: /dev_ws/install/share/easy_handeye2_msgs/robot_movements/CheckStartingPose.srv\n'}
[8.181152] (easy_handeye2_msgs) StdoutLine: {'line': b'-- Installing: /dev_ws/install/share/easy_handeye2_msgs/robot_movements/CheckStartingPose_Request.msg\n'}
[8.181193] (easy_handeye2_msgs) StdoutLine: {'line': b'-- Installing: /dev_ws/install/share/easy_handeye2_msgs/robot_movements/CheckStartingPose_Response.msg\n'}
[8.181250] (easy_handeye2_msgs) StdoutLine: {'line': b'-- Installing: /dev_ws/install/share/easy_handeye2_msgs/robot_movements/EnumerateTargetPoses.srv\n'}
[8.181321] (easy_handeye2_msgs) StdoutLine: {'line': b'-- Installing: /dev_ws/install/share/easy_handeye2_msgs/robot_movements/EnumerateTargetPoses_Request.msg\n'}
[8.181393] (easy_handeye2_msgs) StdoutLine: {'line': b'-- Installing: /dev_ws/install/share/easy_handeye2_msgs/robot_movements/EnumerateTargetPoses_Response.msg\n'}
[8.181467] (easy_handeye2_msgs) StdoutLine: {'line': b'-- Installing: /dev_ws/install/share/easy_handeye2_msgs/robot_movements/SelectTargetPose.srv\n'}
[8.181540] (easy_handeye2_msgs) StdoutLine: {'line': b'-- Installing: /dev_ws/install/share/easy_handeye2_msgs/robot_movements/SelectTargetPose_Request.msg\n'}
[8.181613] (easy_handeye2_msgs) StdoutLine: {'line': b'-- Installing: /dev_ws/install/share/easy_handeye2_msgs/robot_movements/SelectTargetPose_Response.msg\n'}
[8.181688] (easy_handeye2_msgs) StdoutLine: {'line': b'-- Installing: /dev_ws/install/share/easy_handeye2_msgs/robot_movements/PlanToSelectedTargetPose.srv\n'}
[8.181761] (easy_handeye2_msgs) StdoutLine: {'line': b'-- Installing: /dev_ws/install/share/easy_handeye2_msgs/robot_movements/PlanToSelectedTargetPose_Request.msg\n'}
[8.181827] (easy_handeye2_msgs) StdoutLine: {'line': b'-- Installing: /dev_ws/install/share/easy_handeye2_msgs/robot_movements/PlanToSelectedTargetPose_Response.msg\n'}
[8.181900] (easy_handeye2_msgs) StdoutLine: {'line': b'-- Installing: /dev_ws/install/share/easy_handeye2_msgs/robot_movements/ExecutePlan.srv\n'}
[8.181979] (easy_handeye2_msgs) StdoutLine: {'line': b'-- Installing: /dev_ws/install/share/easy_handeye2_msgs/robot_movements/ExecutePlan_Request.msg\n'}
[8.182051] (easy_handeye2_msgs) StdoutLine: {'line': b'-- Installing: /dev_ws/install/share/easy_handeye2_msgs/robot_movements/ExecutePlan_Response.msg\n'}
[8.182144] (easy_handeye2_msgs) StdoutLine: {'line': b'-- Installing: /dev_ws/install/share/ament_index/resource_index/package_run_dependencies/easy_handeye2_msgs\n'}
[8.182236] (easy_handeye2_msgs) StdoutLine: {'line': b'-- Installing: /dev_ws/install/share/ament_index/resource_index/parent_prefix_path/easy_handeye2_msgs\n'}
[8.182320] (easy_handeye2_msgs) StdoutLine: {'line': b'-- Installing: /dev_ws/install/share/easy_handeye2_msgs/environment/ament_prefix_path.sh\n'}
[8.182398] (easy_handeye2_msgs) StdoutLine: {'line': b'-- Installing: /dev_ws/install/share/easy_handeye2_msgs/environment/ament_prefix_path.dsv\n'}
[8.182468] (easy_handeye2_msgs) StdoutLine: {'line': b'-- Installing: /dev_ws/install/share/easy_handeye2_msgs/environment/path.sh\n'}
[8.182544] (easy_handeye2_msgs) StdoutLine: {'line': b'-- Installing: /dev_ws/install/share/easy_handeye2_msgs/environment/path.dsv\n'}
[8.182620] (easy_handeye2_msgs) StdoutLine: {'line': b'-- Installing: /dev_ws/install/share/easy_handeye2_msgs/local_setup.bash\n'}
[8.182698] (easy_handeye2_msgs) StdoutLine: {'line': b'-- Installing: /dev_ws/install/share/easy_handeye2_msgs/local_setup.sh\n'}
[8.182772] (easy_handeye2_msgs) StdoutLine: {'line': b'-- Installing: /dev_ws/install/share/easy_handeye2_msgs/local_setup.zsh\n'}
[8.182844] (easy_handeye2_msgs) StdoutLine: {'line': b'-- Installing: /dev_ws/install/share/easy_handeye2_msgs/local_setup.dsv\n'}
[8.182920] (easy_handeye2_msgs) StdoutLine: {'line': b'-- Installing: /dev_ws/install/share/easy_handeye2_msgs/package.dsv\n'}
[8.183015] (easy_handeye2_msgs) StdoutLine: {'line': b'-- Installing: /dev_ws/install/share/ament_index/resource_index/packages/easy_handeye2_msgs\n'}
[8.183113] (easy_handeye2_msgs) StdoutLine: {'line': b'-- Installing: /dev_ws/install/share/easy_handeye2_msgs/cmake/export_easy_handeye2_msgs__rosidl_generator_cExport.cmake\n'}
[8.183195] (easy_handeye2_msgs) StdoutLine: {'line': b'-- Installing: /dev_ws/install/share/easy_handeye2_msgs/cmake/export_easy_handeye2_msgs__rosidl_generator_cExport-noconfig.cmake\n'}
[8.183286] (easy_handeye2_msgs) StdoutLine: {'line': b'-- Installing: /dev_ws/install/share/easy_handeye2_msgs/cmake/export_easy_handeye2_msgs__rosidl_typesupport_fastrtps_cExport.cmake\n'}
[8.183372] (easy_handeye2_msgs) StdoutLine: {'line': b'-- Installing: /dev_ws/install/share/easy_handeye2_msgs/cmake/export_easy_handeye2_msgs__rosidl_typesupport_fastrtps_cExport-noconfig.cmake\n'}
[8.183457] (easy_handeye2_msgs) StdoutLine: {'line': b'-- Installing: /dev_ws/install/share/easy_handeye2_msgs/cmake/easy_handeye2_msgs__rosidl_typesupport_introspection_cExport.cmake\n'}
[8.183543] (easy_handeye2_msgs) StdoutLine: {'line': b'-- Installing: /dev_ws/install/share/easy_handeye2_msgs/cmake/easy_handeye2_msgs__rosidl_typesupport_introspection_cExport-noconfig.cmake\n'}
[8.183633] (easy_handeye2_msgs) StdoutLine: {'line': b'-- Installing: /dev_ws/install/share/easy_handeye2_msgs/cmake/easy_handeye2_msgs__rosidl_typesupport_cExport.cmake\n'}
[8.183712] (easy_handeye2_msgs) StdoutLine: {'line': b'-- Installing: /dev_ws/install/share/easy_handeye2_msgs/cmake/easy_handeye2_msgs__rosidl_typesupport_cExport-noconfig.cmake\n'}
[8.183795] (easy_handeye2_msgs) StdoutLine: {'line': b'-- Installing: /dev_ws/install/share/easy_handeye2_msgs/cmake/export_easy_handeye2_msgs__rosidl_generator_cppExport.cmake\n'}
[8.183878] (easy_handeye2_msgs) StdoutLine: {'line': b'-- Installing: /dev_ws/install/share/easy_handeye2_msgs/cmake/export_easy_handeye2_msgs__rosidl_typesupport_fastrtps_cppExport.cmake\n'}
[8.183961] (easy_handeye2_msgs) StdoutLine: {'line': b'-- Installing: /dev_ws/install/share/easy_handeye2_msgs/cmake/export_easy_handeye2_msgs__rosidl_typesupport_fastrtps_cppExport-noconfig.cmake\n'}
[8.184047] (easy_handeye2_msgs) StdoutLine: {'line': b'-- Installing: /dev_ws/install/share/easy_handeye2_msgs/cmake/easy_handeye2_msgs__rosidl_typesupport_introspection_cppExport.cmake\n'}
[8.184119] (easy_handeye2_msgs) StdoutLine: {'line': b'-- Installing: /dev_ws/install/share/easy_handeye2_msgs/cmake/easy_handeye2_msgs__rosidl_typesupport_introspection_cppExport-noconfig.cmake\n'}
[8.184205] (easy_handeye2_msgs) StdoutLine: {'line': b'-- Installing: /dev_ws/install/share/easy_handeye2_msgs/cmake/easy_handeye2_msgs__rosidl_typesupport_cppExport.cmake\n'}
[8.184292] (easy_handeye2_msgs) StdoutLine: {'line': b'-- Installing: /dev_ws/install/share/easy_handeye2_msgs/cmake/easy_handeye2_msgs__rosidl_typesupport_cppExport-noconfig.cmake\n'}
[8.184378] (easy_handeye2_msgs) StdoutLine: {'line': b'-- Installing: /dev_ws/install/share/easy_handeye2_msgs/cmake/export_easy_handeye2_msgs__rosidl_generator_pyExport.cmake\n'}
[8.184449] (easy_handeye2_msgs) StdoutLine: {'line': b'-- Installing: /dev_ws/install/share/easy_handeye2_msgs/cmake/export_easy_handeye2_msgs__rosidl_generator_pyExport-noconfig.cmake\n'}
[8.184536] (easy_handeye2_msgs) StdoutLine: {'line': b'-- Installing: /dev_ws/install/share/easy_handeye2_msgs/cmake/rosidl_cmake-extras.cmake\n'}
[8.184620] (easy_handeye2_msgs) StdoutLine: {'line': b'-- Installing: /dev_ws/install/share/easy_handeye2_msgs/cmake/ament_cmake_export_dependencies-extras.cmake\n'}
[8.184701] (easy_handeye2_msgs) StdoutLine: {'line': b'-- Installing: /dev_ws/install/share/easy_handeye2_msgs/cmake/ament_cmake_export_include_directories-extras.cmake\n'}
[8.184767] (easy_handeye2_msgs) StdoutLine: {'line': b'-- Installing: /dev_ws/install/share/easy_handeye2_msgs/cmake/ament_cmake_export_libraries-extras.cmake\n'}
[8.184847] (easy_handeye2_msgs) StdoutLine: {'line': b'-- Installing: /dev_ws/install/share/easy_handeye2_msgs/cmake/ament_cmake_export_targets-extras.cmake\n'}
[8.184926] (easy_handeye2_msgs) StdoutLine: {'line': b'-- Installing: /dev_ws/install/share/easy_handeye2_msgs/cmake/rosidl_cmake_export_typesupport_targets-extras.cmake\n'}
[8.185004] (easy_handeye2_msgs) StdoutLine: {'line': b'-- Installing: /dev_ws/install/share/easy_handeye2_msgs/cmake/rosidl_cmake_export_typesupport_libraries-extras.cmake\n'}
[8.185074] (easy_handeye2_msgs) StdoutLine: {'line': b'-- Installing: /dev_ws/install/share/easy_handeye2_msgs/cmake/easy_handeye2_msgsConfig.cmake\n'}
[8.185130] (easy_handeye2_msgs) StdoutLine: {'line': b'-- Installing: /dev_ws/install/share/easy_handeye2_msgs/cmake/easy_handeye2_msgsConfig-version.cmake\n'}
[8.185206] (easy_handeye2_msgs) StdoutLine: {'line': b'-- Installing: /dev_ws/install/share/easy_handeye2_msgs/package.xml\n'}
[8.186846] (easy_handeye2_msgs) CommandEnded: {'returncode': 0}
[8.200242] (easy_handeye2_msgs) JobEnded: {'identifier': 'easy_handeye2_msgs', 'rc': 0}
[8.200670] (easy_handeye2) JobStarted: {'identifier': 'easy_handeye2'}
[8.231471] (-) TimerEvent: {}
[8.331790] (-) TimerEvent: {}
[8.432102] (-) TimerEvent: {}
[8.532398] (-) TimerEvent: {}
[8.611384] (easy_handeye2) Command: {'cmd': ['/usr/bin/python3', '-W', 'ignore:setup.py install is deprecated', '-W', 'ignore:easy_install command is deprecated', 'setup.py', 'egg_info', '--egg-base', '../../../build/easy_handeye2', 'build', '--build-base', '/dev_ws/build/easy_handeye2/build', 'install', '--record', '/dev_ws/build/easy_handeye2/install.log', '--single-version-externally-managed', 'install_data'], 'cwd': '/dev_ws/src/easy_handeye2/easy_handeye2', 'env': {'HOSTNAME': 'prottay-Pulse-15-B13VFK', 'SHLVL': '2', 'LD_LIBRARY_PATH': '/dev_ws/install/lib:/opt/ros/humble/opt/rviz_ogre_vendor/lib:/opt/ros/humble/lib/x86_64-linux-gnu:/opt/ros/humble/lib', 'HOME': '/home/prottay', 'ROS_PYTHON_VERSION': '3', 'COLORTERM': 'truecolor', 'COLCON_PREFIX_PATH': '/dev_ws/install', 'ROS_DISTRO': 'humble', '_': '/usr/bin/colcon', 'ROS_VERSION': '2', 'NVIDIA_DRIVER_CAPABILITIES': 'compute,display,graphics,utility,video', 'TERM': 'xterm-256color', 'ROS_LOCALHOST_ONLY': '1', 'QT_X11_NO_MITSHM': '1', 'PATH': '/opt/ros/humble/bin:/usr/local/sbin:/usr/local/bin:/usr/sbin:/usr/bin:/sbin:/bin', 'DISPLAY': ':1', 'LANG': 'C.UTF-8', 'RMW_IMPLEMENTATION': 'rmw_fastrtps_cpp', 'LS_COLORS': 'rs=0:di=01;34:ln=01;36:mh=00:pi=40;33:so=01;35:do=01;35:bd=40;33;01:cd=40;33;01:or=40;31;01:mi=00:su=37;41:sg=30;43:ca=30;41:tw=30;42:ow=34;42:st=37;44:ex=01;32:*.tar=01;31:*.tgz=01;31:*.arc=01;31:*.arj=01;31:*.taz=01;31:*.lha=01;31:*.lz4=01;31:*.lzh=01;31:*.lzma=01;31:*.tlz=01;31:*.txz=01;31:*.tzo=01;31:*.t7z=01;31:*.zip=01;31:*.z=01;31:*.dz=01;31:*.gz=01;31:*.lrz=01;31:*.lz=01;31:*.lzo=01;31:*.xz=01;31:*.zst=01;31:*.tzst=01;31:*.bz2=01;31:*.bz=01;31:*.tbz=01;31:*.tbz2=01;31:*.tz=01;31:*.deb=01;31:*.rpm=01;31:*.jar=01;31:*.war=01;31:*.ear=01;31:*.sar=01;31:*.rar=01;31:*.alz=01;31:*.ace=01;31:*.zoo=01;31:*.cpio=01;31:*.7z=01;31:*.rz=01;31:*.cab=01;31:*.wim=01;31:*.swm=01;31:*.dwm=01;31:*.esd=01;31:*.jpg=01;35:*.jpeg=01;35:*.mjpg=01;35:*.mjpeg=01;35:*.gif=01;35:*.bmp=01;35:*.pbm=01;35:*.pgm=01;35:*.ppm=01;35:*.tga=01;35:*.xbm=01;35:*.xpm=01;35:*.tif=01;35:*.tiff=01;35:*.png=01;35:*.svg=01;35:*.svgz=01;35:*.mng=01;35:*.pcx=01;35:*.mov=01;35:*.mpg=01;35:*.mpeg=01;35:*.m2v=01;35:*.mkv=01;35:*.webm=01;35:*.webp=01;35:*.ogm=01;35:*.mp4=01;35:*.m4v=01;35:*.mp4v=01;35:*.vob=01;35:*.qt=01;35:*.nuv=01;35:*.wmv=01;35:*.asf=01;35:*.rm=01;35:*.rmvb=01;35:*.flc=01;35:*.avi=01;35:*.fli=01;35:*.flv=01;35:*.gl=01;35:*.dl=01;35:*.xcf=01;35:*.xwd=01;35:*.yuv=01;35:*.cgm=01;35:*.emf=01;35:*.ogv=01;35:*.ogx=01;35:*.aac=00;36:*.au=00;36:*.flac=00;36:*.m4a=00;36:*.mid=00;36:*.midi=00;36:*.mka=00;36:*.mp3=00;36:*.mpc=00;36:*.ogg=00;36:*.ra=00;36:*.wav=00;36:*.oga=00;36:*.opus=00;36:*.spx=00;36:*.xspf=00;36:', 'ROS_DOMAIN_ID': '0', 'AMENT_PREFIX_PATH': '/dev_ws/install:/opt/ros/humble', 'DEBIAN_FRONTEND': 'noninteractive', 'TERMINATOR_UUID': 'urn:uuid:f94316ff-644a-45a6-8ebc-68eacf2d4390', 'PWD': '/dev_ws/build/easy_handeye2', 'LC_ALL': 'C.UTF-8', 'PYTHONPATH': '/dev_ws/build/easy_handeye2/prefix_override:/usr/lib/python3/dist-packages/colcon_core/task/python/colcon_distutils_commands:/dev_ws/install/lib/python3.10/site-packages:/dev_ws/build/easy_handeye2:/dev_ws/install/lib/python3.10/site-packages:/dev_ws/install/local/lib/python3.10/dist-packages:/opt/ros/humble/lib/python3.10/site-packages:/opt/ros/humble/local/lib/python3.10/dist-packages', 'NVIDIA_VISIBLE_DEVICES': 'all', 'COLCON': '1', 'VTE_VERSION': '6800', 'CMAKE_PREFIX_PATH': '/dev_ws/install'}, 'shell': False}
[8.632495] (-) TimerEvent: {}
[8.732794] (-) TimerEvent: {}
[8.754118] (easy_handeye2) StdoutLine: {'line': b'running egg_info\n'}
[8.754407] (easy_handeye2) StdoutLine: {'line': b'creating ../../../build/easy_handeye2/easy_handeye2.egg-info\n'}
[8.754493] (easy_handeye2) StdoutLine: {'line': b'writing ../../../build/easy_handeye2/easy_handeye2.egg-info/PKG-INFO\n'}
[8.754777] (easy_handeye2) StdoutLine: {'line': b'writing dependency_links to ../../../build/easy_handeye2/easy_handeye2.egg-info/dependency_links.txt\n'}
[8.754851] (easy_handeye2) StdoutLine: {'line': b'writing entry points to ../../../build/easy_handeye2/easy_handeye2.egg-info/entry_points.txt\n'}
[8.754886] (easy_handeye2) StdoutLine: {'line': b'writing requirements to ../../../build/easy_handeye2/easy_handeye2.egg-info/requires.txt\n'}
[8.754915] (easy_handeye2) StdoutLine: {'line': b'writing top-level names to ../../../build/easy_handeye2/easy_handeye2.egg-info/top_level.txt\n'}
[8.754942] (easy_handeye2) StdoutLine: {'line': b"writing manifest file '../../../build/easy_handeye2/easy_handeye2.egg-info/SOURCES.txt'\n"}
[8.756421] (easy_handeye2) StdoutLine: {'line': b"reading manifest file '../../../build/easy_handeye2/easy_handeye2.egg-info/SOURCES.txt'\n"}
[8.756795] (easy_handeye2) StdoutLine: {'line': b"writing manifest file '../../../build/easy_handeye2/easy_handeye2.egg-info/SOURCES.txt'\n"}
[8.757011] (easy_handeye2) StdoutLine: {'line': b'running build\n'}
[8.757061] (easy_handeye2) StdoutLine: {'line': b'running build_py\n'}
[8.757094] (easy_handeye2) StdoutLine: {'line': b'creating /dev_ws/build/easy_handeye2/build\n'}
[8.757125] (easy_handeye2) StdoutLine: {'line': b'creating /dev_ws/build/easy_handeye2/build/lib\n'}
[8.757155] (easy_handeye2) StdoutLine: {'line': b'creating /dev_ws/build/easy_handeye2/build/lib/easy_handeye2\n'}
[8.757285] (easy_handeye2) StdoutLine: {'line': b'copying easy_handeye2/handeye_calibration_backend_opencv.py -> /dev_ws/build/easy_handeye2/build/lib/easy_handeye2\n'}
[8.757363] (easy_handeye2) StdoutLine: {'line': b'copying easy_handeye2/handeye_server.py -> /dev_ws/build/easy_handeye2/build/lib/easy_handeye2\n'}
[8.757401] (easy_handeye2) StdoutLine: {'line': b'copying easy_handeye2/common_launch.py -> /dev_ws/build/easy_handeye2/build/lib/easy_handeye2\n'}
[8.757433] (easy_handeye2) StdoutLine: {'line': b'copying easy_handeye2/handeye_rqt_calibrator.py -> /dev_ws/build/easy_handeye2/build/lib/easy_handeye2\n'}
[8.757463] (easy_handeye2) StdoutLine: {'line': b'copying easy_handeye2/handeye_rqt_calibrator_widget.py -> /dev_ws/build/easy_handeye2/build/lib/easy_handeye2\n'}
[8.757491] (easy_handeye2) StdoutLine: {'line': b'copying easy_handeye2/handeye_rqt_evaluator.py -> /dev_ws/build/easy_handeye2/build/lib/easy_handeye2\n'}
[8.757561] (easy_handeye2) StdoutLine: {'line': b'copying easy_handeye2/handeye_client.py -> /dev_ws/build/easy_handeye2/build/lib/easy_handeye2\n'}
[8.757594] (easy_handeye2) StdoutLine: {'line': b'copying easy_handeye2/handeye_rqt_evaluator_widget.py -> /dev_ws/build/easy_handeye2/build/lib/easy_handeye2\n'}
[8.757620] (easy_handeye2) StdoutLine: {'line': b'copying easy_handeye2/handeye_sampler.py -> /dev_ws/build/easy_handeye2/build/lib/easy_handeye2\n'}
[8.757646] (easy_handeye2) StdoutLine: {'line': b'copying easy_handeye2/handeye_robot.py -> /dev_ws/build/easy_handeye2/build/lib/easy_handeye2\n'}
[8.757673] (easy_handeye2) StdoutLine: {'line': b'copying easy_handeye2/handeye_calibration_commander.py -> /dev_ws/build/easy_handeye2/build/lib/easy_handeye2\n'}
[8.757701] (easy_handeye2) StdoutLine: {'line': b'copying easy_handeye2/__init__.py -> /dev_ws/build/easy_handeye2/build/lib/easy_handeye2\n'}
[8.757729] (easy_handeye2) StdoutLine: {'line': b'copying easy_handeye2/handeye_calibration.py -> /dev_ws/build/easy_handeye2/build/lib/easy_handeye2\n'}
[8.757756] (easy_handeye2) StdoutLine: {'line': b'copying easy_handeye2/handeye_server_robot.py -> /dev_ws/build/easy_handeye2/build/lib/easy_handeye2\n'}
[8.757784] (easy_handeye2) StdoutLine: {'line': b'copying easy_handeye2/handeye_publisher.py -> /dev_ws/build/easy_handeye2/build/lib/easy_handeye2\n'}
[8.757873] (easy_handeye2) StdoutLine: {'line': b'running build_scripts\n'}
[8.757907] (easy_handeye2) StdoutLine: {'line': b'creating /dev_ws/build/easy_handeye2/build/scripts-3.10\n'}
[8.757936] (easy_handeye2) StdoutLine: {'line': b'copying and adjusting scripts/rqt_calibrator.py -> /dev_ws/build/easy_handeye2/build/scripts-3.10\n'}
[8.757964] (easy_handeye2) StdoutLine: {'line': b'copying and adjusting scripts/rqt_evaluator.py -> /dev_ws/build/easy_handeye2/build/scripts-3.10\n'}
[8.757989] (easy_handeye2) StdoutLine: {'line': b'changing mode of /dev_ws/build/easy_handeye2/build/scripts-3.10/rqt_calibrator.py from 644 to 755\n'}
[8.758014] (easy_handeye2) StdoutLine: {'line': b'changing mode of /dev_ws/build/easy_handeye2/build/scripts-3.10/rqt_evaluator.py from 644 to 755\n'}
[8.758041] (easy_handeye2) StdoutLine: {'line': b'running install\n'}
[8.758095] (easy_handeye2) StdoutLine: {'line': b'running install_lib\n'}
[8.758498] (easy_handeye2) StdoutLine: {'line': b'creating /dev_ws/install/lib/python3.10/site-packages/easy_handeye2\n'}
[8.758536] (easy_handeye2) StdoutLine: {'line': b'copying /dev_ws/build/easy_handeye2/build/lib/easy_handeye2/handeye_calibration_backend_opencv.py -> /dev_ws/install/lib/python3.10/site-packages/easy_handeye2\n'}
[8.758575] (easy_handeye2) StdoutLine: {'line': b'copying /dev_ws/build/easy_handeye2/build/lib/easy_handeye2/handeye_server.py -> /dev_ws/install/lib/python3.10/site-packages/easy_handeye2\n'}
[8.758613] (easy_handeye2) StdoutLine: {'line': b'copying /dev_ws/build/easy_handeye2/build/lib/easy_handeye2/common_launch.py -> /dev_ws/install/lib/python3.10/site-packages/easy_handeye2\n'}
[8.758651] (easy_handeye2) StdoutLine: {'line': b'copying /dev_ws/build/easy_handeye2/build/lib/easy_handeye2/handeye_rqt_calibrator.py -> /dev_ws/install/lib/python3.10/site-packages/easy_handeye2\n'}
[8.758689] (easy_handeye2) StdoutLine: {'line': b'copying /dev_ws/build/easy_handeye2/build/lib/easy_handeye2/handeye_rqt_calibrator_widget.py -> /dev_ws/install/lib/python3.10/site-packages/easy_handeye2\n'}
[8.758731] (easy_handeye2) StdoutLine: {'line': b'copying /dev_ws/build/easy_handeye2/build/lib/easy_handeye2/handeye_rqt_evaluator.py -> /dev_ws/install/lib/python3.10/site-packages/easy_handeye2\n'}
[8.758768] (easy_handeye2) StdoutLine: {'line': b'copying /dev_ws/build/easy_handeye2/build/lib/easy_handeye2/handeye_client.py -> /dev_ws/install/lib/python3.10/site-packages/easy_handeye2\n'}
[8.758812] (easy_handeye2) StdoutLine: {'line': b'copying /dev_ws/build/easy_handeye2/build/lib/easy_handeye2/handeye_rqt_evaluator_widget.py -> /dev_ws/install/lib/python3.10/site-packages/easy_handeye2\n'}
[8.758871] (easy_handeye2) StdoutLine: {'line': b'copying /dev_ws/build/easy_handeye2/build/lib/easy_handeye2/handeye_sampler.py -> /dev_ws/install/lib/python3.10/site-packages/easy_handeye2\n'}
[8.758911] (easy_handeye2) StdoutLine: {'line': b'copying /dev_ws/build/easy_handeye2/build/lib/easy_handeye2/handeye_robot.py -> /dev_ws/install/lib/python3.10/site-packages/easy_handeye2\n'}
[8.758953] (easy_handeye2) StdoutLine: {'line': b'copying /dev_ws/build/easy_handeye2/build/lib/easy_handeye2/handeye_calibration_commander.py -> /dev_ws/install/lib/python3.10/site-packages/easy_handeye2\n'}
[8.758995] (easy_handeye2) StdoutLine: {'line': b'copying /dev_ws/build/easy_handeye2/build/lib/easy_handeye2/__init__.py -> /dev_ws/install/lib/python3.10/site-packages/easy_handeye2\n'}
[8.759036] (easy_handeye2) StdoutLine: {'line': b'copying /dev_ws/build/easy_handeye2/build/lib/easy_handeye2/handeye_calibration.py -> /dev_ws/install/lib/python3.10/site-packages/easy_handeye2\n'}
[8.759076] (easy_handeye2) StdoutLine: {'line': b'copying /dev_ws/build/easy_handeye2/build/lib/easy_handeye2/handeye_server_robot.py -> /dev_ws/install/lib/python3.10/site-packages/easy_handeye2\n'}
[8.759116] (easy_handeye2) StdoutLine: {'line': b'copying /dev_ws/build/easy_handeye2/build/lib/easy_handeye2/handeye_publisher.py -> /dev_ws/install/lib/python3.10/site-packages/easy_handeye2\n'}
[8.759561] (easy_handeye2) StdoutLine: {'line': b'byte-compiling /dev_ws/install/lib/python3.10/site-packages/easy_handeye2/handeye_calibration_backend_opencv.py to handeye_calibration_backend_opencv.cpython-310.pyc\n'}
[8.760168] (easy_handeye2) StdoutLine: {'line': b'byte-compiling /dev_ws/install/lib/python3.10/site-packages/easy_handeye2/handeye_server.py to handeye_server.cpython-310.pyc\n'}
[8.761113] (easy_handeye2) StdoutLine: {'line': b'byte-compiling /dev_ws/install/lib/python3.10/site-packages/easy_handeye2/common_launch.py to common_launch.cpython-310.pyc\n'}
[8.761193] (easy_handeye2) StdoutLine: {'line': b'byte-compiling /dev_ws/install/lib/python3.10/site-packages/easy_handeye2/handeye_rqt_calibrator.py to handeye_rqt_calibrator.cpython-310.pyc\n'}
[8.761386] (easy_handeye2) StdoutLine: {'line': b'byte-compiling /dev_ws/install/lib/python3.10/site-packages/easy_handeye2/handeye_rqt_calibrator_widget.py to handeye_rqt_calibrator_widget.cpython-310.pyc\n'}
[8.762479] (easy_handeye2) StdoutLine: {'line': b'byte-compiling /dev_ws/install/lib/python3.10/site-packages/easy_handeye2/handeye_rqt_evaluator.py to handeye_rqt_evaluator.cpython-310.pyc\n'}
[8.762611] (easy_handeye2) StdoutLine: {'line': b'byte-compiling /dev_ws/install/lib/python3.10/site-packages/easy_handeye2/handeye_client.py to handeye_client.cpython-310.pyc\n'}
[8.763139] (easy_handeye2) StdoutLine: {'line': b'byte-compiling /dev_ws/install/lib/python3.10/site-packages/easy_handeye2/handeye_rqt_evaluator_widget.py to handeye_rqt_evaluator_widget.cpython-310.pyc\n'}
[8.763984] (easy_handeye2) StdoutLine: {'line': b'byte-compiling /dev_ws/install/lib/python3.10/site-packages/easy_handeye2/handeye_sampler.py to handeye_sampler.cpython-310.pyc\n'}
[8.764700] (easy_handeye2) StdoutLine: {'line': b'byte-compiling /dev_ws/install/lib/python3.10/site-packages/easy_handeye2/handeye_robot.py to handeye_robot.cpython-310.pyc\n'}
[8.765625] (easy_handeye2) StdoutLine: {'line': b'byte-compiling /dev_ws/install/lib/python3.10/site-packages/easy_handeye2/handeye_calibration_commander.py to handeye_calibration_commander.cpython-310.pyc\n'}
[8.766083] (easy_handeye2) StdoutLine: {'line': b'byte-compiling /dev_ws/install/lib/python3.10/site-packages/easy_handeye2/__init__.py to __init__.cpython-310.pyc\n'}
[8.766176] (easy_handeye2) StdoutLine: {'line': b'byte-compiling /dev_ws/install/lib/python3.10/site-packages/easy_handeye2/handeye_calibration.py to handeye_calibration.cpython-310.pyc\n'}
[8.766577] (easy_handeye2) StdoutLine: {'line': b'byte-compiling /dev_ws/install/lib/python3.10/site-packages/easy_handeye2/handeye_server_robot.py to handeye_server_robot.cpython-310.pyc\n'}
[8.767057] (easy_handeye2) StdoutLine: {'line': b'byte-compiling /dev_ws/install/lib/python3.10/site-packages/easy_handeye2/handeye_publisher.py to handeye_publisher.cpython-310.pyc\n'}
[8.767243] (easy_handeye2) StdoutLine: {'line': b'running install_data\n'}
[8.767305] (easy_handeye2) StdoutLine: {'line': b'copying resource/easy_handeye2 -> /dev_ws/install/share/ament_index/resource_index/packages\n'}
[8.767365] (easy_handeye2) StdoutLine: {'line': b'creating /dev_ws/install/share/easy_handeye2/resource\n'}
[8.767407] (easy_handeye2) StdoutLine: {'line': b'copying resource/rqt_handeye_info.ui -> /dev_ws/install/share/easy_handeye2/resource\n'}
[8.767449] (easy_handeye2) StdoutLine: {'line': b'copying resource/rqt_handeye_evaluator.ui -> /dev_ws/install/share/easy_handeye2/resource\n'}
[8.767489] (easy_handeye2) StdoutLine: {'line': b'copying resource/rqt_handeye.ui -> /dev_ws/install/share/easy_handeye2/resource\n'}
[8.767568] (easy_handeye2) StdoutLine: {'line': b'copying package.xml -> /dev_ws/install/share/easy_handeye2\n'}
[8.767680] (easy_handeye2) StdoutLine: {'line': b'copying plugin_evaluator.xml -> /dev_ws/install/share/easy_handeye2\n'}
[8.767733] (easy_handeye2) StdoutLine: {'line': b'copying plugin_calibrator.xml -> /dev_ws/install/share/easy_handeye2\n'}
[8.767795] (easy_handeye2) StdoutLine: {'line': b'creating /dev_ws/install/share/easy_handeye2/launch\n'}
[8.767844] (easy_handeye2) StdoutLine: {'line': b'copying launch/calibrate.launch.py -> /dev_ws/install/share/easy_handeye2/launch\n'}
[8.767897] (easy_handeye2) StdoutLine: {'line': b'copying launch/publish.launch.py -> /dev_ws/install/share/easy_handeye2/launch\n'}
[8.767943] (easy_handeye2) StdoutLine: {'line': b'copying launch/evaluate.launch.py -> /dev_ws/install/share/easy_handeye2/launch\n'}
[8.767989] (easy_handeye2) StdoutLine: {'line': b'copying launch/handeye_calibrate.launch.py -> /dev_ws/install/share/easy_handeye2/launch\n'}
[8.768018] (easy_handeye2) StdoutLine: {'line': b'running install_egg_info\n'}
[8.769087] (easy_handeye2) StdoutLine: {'line': b'Copying ../../../build/easy_handeye2/easy_handeye2.egg-info to /dev_ws/install/lib/python3.10/site-packages/easy_handeye2-0.5.0-py3.10.egg-info\n'}
[8.769575] (easy_handeye2) StdoutLine: {'line': b'running install_scripts\n'}
[8.781341] (easy_handeye2) StdoutLine: {'line': b'creating /dev_ws/install/lib/easy_handeye2\n'}
[8.781451] (easy_handeye2) StdoutLine: {'line': b'copying /dev_ws/build/easy_handeye2/build/scripts-3.10/rqt_calibrator.py -> /dev_ws/install/lib/easy_handeye2\n'}
[8.781491] (easy_handeye2) StdoutLine: {'line': b'copying /dev_ws/build/easy_handeye2/build/scripts-3.10/rqt_evaluator.py -> /dev_ws/install/lib/easy_handeye2\n'}
[8.781529] (easy_handeye2) StdoutLine: {'line': b'changing mode of /dev_ws/install/lib/easy_handeye2/rqt_calibrator.py to 755\n'}
[8.781559] (easy_handeye2) StdoutLine: {'line': b'changing mode of /dev_ws/install/lib/easy_handeye2/rqt_evaluator.py to 755\n'}
[8.782253] (easy_handeye2) StdoutLine: {'line': b'Installing handeye_calibration_commander script to /dev_ws/install/lib/easy_handeye2\n'}
[8.782337] (easy_handeye2) StdoutLine: {'line': b'Installing handeye_publisher script to /dev_ws/install/lib/easy_handeye2\n'}
[8.782374] (easy_handeye2) StdoutLine: {'line': b'Installing handeye_server script to /dev_ws/install/lib/easy_handeye2\n'}
[8.782407] (easy_handeye2) StdoutLine: {'line': b'Installing handeye_server_robot script to /dev_ws/install/lib/easy_handeye2\n'}
[8.782571] (easy_handeye2) StdoutLine: {'line': b"writing list of installed files to '/dev_ws/build/easy_handeye2/install.log'\n"}
[8.797337] (easy_handeye2) CommandEnded: {'returncode': 0}
[8.802936] (easy_handeye2) JobEnded: {'identifier': 'easy_handeye2', 'rc': 0}
[8.803300] (-) EventReactorShutdown: {}
